{"type":"FeatureCollection","features":[{"id":6459,"type":"Feature","geometry":{"type":"MultiPolygon","coordinates":[[[[109.220591362,0.547965252000033],[109.2158725,0.551111160000056],[109.215099635,0.551272174000067],[109.207425399,0.552870973000035],[109.207375422,0.552881384000035],[109.207284278,0.552701628000025],[109.206362886,0.551595958000063],[109.204057946,0.552172193000046],[109.196406113,0.550947900000033],[109.192053015,0.551238106000023],[109.191815013,0.551253973000025],[109.189418894,0.552931256000022],[109.18922407,0.552951611000024],[109.187850427,0.553285740000021],[109.186142654,0.553656995000036],[109.185822517,0.553739316000064],[109.184843262,0.553991125000044],[109.184397756,0.55410250100004],[109.1839132,0.55447304300002],[109.183766623,0.554585132000059],[109.183609643,0.554886010000063],[109.182875611,0.556292905000027],[109.182615733,0.557480921000032],[109.182607537,0.557710400000076],[109.1804903,0.560130099000052],[109.179878154,0.564721199000074],[109.179266007,0.568088005000047],[109.178912195,0.570446755000032],[109.1786383,0.570385890000072],[109.174116281,0.578554700000043],[109.174368834,0.584615964000023],[109.174368834,0.58737062400007],[109.172687328,0.592415142000046],[109.173557113,0.593901026000026],[109.173566615,0.594048302000028],[109.182020667,0.59808319000007],[109.190284646,0.604816803000053],[109.197411778,0.609820959000047],[109.200581494,0.612046504000032],[109.204670092,0.614917222000037],[109.211609206,0.618287649000021],[109.212300696,0.618623516000077],[109.214172399,0.618997856000026],[109.218670322,0.619776343000062],[109.221894501,0.620334374000037],[109.229765104,0.621076884000054],[109.237476612,0.621530502000041],[109.238624066,0.621597999000059],[109.242387771,0.621819394000051],[109.24959211,0.621819394000051],[109.252040398,0.621819394000051],[109.25478152,0.621819394000051],[109.255209024,0.621778287000041],[109.255213746,0.621777473000057],[109.259242607,0.621082842000023],[109.268283396,0.619274684000057],[109.272499746,0.619188636000047],[109.273091494,0.61917656000003],[109.275098761,0.619135595000044],[109.279261518,0.619232403000066],[109.281188421,0.618590102000034],[109.282718787,0.618590102000034],[109.282869353,0.618623561000048],[109.28504301,0.615000800000064],[109.285588105,0.614027416000051],[109.288289843,0.609202880000049],[109.289380023,0.607256129000062],[109.28979375,0.60651733000003],[109.28726153,0.602296960000041],[109.28519241,0.595055040000032],[109.283943649,0.592280018000053],[109.28364043,0.591606197000032],[109.283573264,0.591456940000055],[109.282975543,0.590128673000037],[109.282939873,0.590049407000042],[109.28208873,0.588157980000059],[109.279283268,0.584651152000049],[109.275191665,0.579536650000017],[109.273300811,0.57871727900004],[109.26484607,0.57505356000006],[109.26386003,0.573835510000033],[109.259929077,0.568979626000043],[109.254972579,0.566811157000075],[109.253160493,0.566018370000053],[109.252970337,0.565935177000021],[109.252972092,0.565913660000026],[109.247050582,0.562622568000048],[109.242215945,0.559917175000061],[109.242215918,0.559917190000021],[109.242212725,0.559914902000051],[109.242212579,0.559915143000067],[109.242209668,0.559919932000078],[109.242174213,0.55990013800004],[109.241381954,0.558596745000049],[109.241012258,0.557988536000029],[109.240390246,0.55696522500006],[109.239280151,0.554459102000071],[109.238511736,0.552724346000041],[109.236297683,0.547725953000051],[109.236297679,0.547725489000067],[109.236297678,0.547725239000045],[109.236256697,0.542890505000059],[109.236109028,0.542775896000017],[109.234402763,0.543098190000025],[109.234384035,0.543101728000055],[109.227785162,0.544348181000024],[109.225317912,0.544814218000056],[109.220591362,0.547965252000033]]]]},"properties":{"gid":6459,"luas":76.24528686184985,"kdkab":"04","kdkec":"121","nmkab":"MEMPAWAH","nmkec":"SADANIANG","iddesa":"6104121005","kddesa":"005","kdprov":"61","nmdesa":"ANSIAP","nmprov":"KALIMANTAN BARAT","rw_dki":"","sumber":"BPS","periode":"2023_1"}},{"id":6456,"type":"Feature","geometry":{"type":"MultiPolygon","coordinates":[[[[109.092441292,0.426526854000018],[109.091708126,0.426556181000023],[109.091326879,0.426380221000052],[109.090916306,0.42620426100007],[109.090681693,0.426116281000019],[109.09044708,0.425998974000033],[109.090352427,0.425955950000057],[109.090189005,0.425881668000036],[109.09018314,0.42594032100003],[109.089977853,0.426262914000052],[109.089908648,0.426364060000031],[109.086663942,0.430412635000038],[109.086624595,0.430495869000023],[109.086572382,0.430506817000033],[109.080702761,0.43516203300003],[109.080186798,0.434961875000046],[109.065385408,0.437211686000074],[109.061624053,0.437783412000038],[109.050634908,0.442386973000043],[109.049119005,0.443975062000036],[109.049217348,0.443993847000057],[109.048835611,0.444106123000037],[109.047830855,0.445426660000056],[109.047199776,0.446155223000053],[109.047198945,0.446156183000035],[109.047058629,0.446133551000048],[109.044397826,0.448921059000041],[109.042764305,0.46614728600002],[109.048373147,0.475657931000055],[109.049595395,0.477730439000033],[109.05538786,0.47991627500005],[109.060358272,0.487300886000067],[109.072041754,0.49620258700003],[109.082235792,0.502446436000066],[109.09165136,0.508213471000039],[109.09241435,0.508680802000065],[109.094562008,0.509736431000015],[109.095569519,0.510231648000057],[109.096754471,0.51081408200002],[109.099015596,0.511925482000023],[109.099513472,0.512170201000057],[109.099611821,0.51213396700006],[109.100165063,0.512250439000065],[109.100204824,0.512375023000053],[109.101009485,0.512599855000062],[109.101681292,0.512917436000064],[109.101948809,0.513043899000032],[109.102598371,0.513350965000025],[109.102669212,0.513327805000076],[109.103746578,0.513997519000047],[109.104911298,0.514900178000057],[109.105551895,0.515395184000054],[109.105927746,0.515896319000025],[109.105932303,0.515900463000038],[109.106404672,0.516183884000029],[109.106781971,0.516888174000034],[109.10763718,0.517919457000055],[109.108416931,0.519151965000035],[109.108894842,0.520132941000043],[109.108945148,0.52076177200007],[109.108822953,0.52116327100003],[109.108871986,0.521134428000037],[109.110804503,0.521367262000061],[109.111091808,0.521764418000032],[109.111596136,0.522461579000031],[109.1115588,0.522593693000027],[109.111547635,0.522633199000031],[109.111550397,0.522637066000065],[109.111237067,0.522776324000059],[109.113946229,0.526569150000057],[109.113958717,0.526586633000028],[109.113986596,0.526625664000057],[109.113988976,0.526627973000069],[109.114044471,0.526485075000028],[109.114144285,0.526778646000011],[109.114477901,0.527759871000059],[109.116074505,0.528784107000026],[109.11619004,0.528982827000049],[109.117271289,0.529259732000066],[109.117382423,0.529556088000042],[109.118727674,0.529800679000054],[109.119614318,0.529922975000023],[109.121090291,0.529922975000023],[109.12109299,0.529922975000023],[109.12166277,0.529922975000023],[109.123160891,0.52934207000003],[109.124689587,0.528852888000071],[109.125343622,0.528647700000024],[109.125354367,0.528644328000045],[109.126248619,0.528363780000061],[109.126248698,0.528363755000032],[109.126248758,0.528363736000061],[109.126248856,0.528363705000061],[109.127441894,0.527823461000019],[109.127869273,0.52762993100003],[109.12933682,0.526865584000069],[109.129381898,0.526781439000036],[109.129795429,0.526009514000068],[109.129829101,0.525807484000032],[109.129887151,0.525459184000051],[109.129421318,0.525168039000048],[109.129186886,0.522565839000037],[109.129168664,0.522363576000026],[109.12913809,0.521935541000051],[109.128941091,0.520602006000038],[109.12893936,0.520590289000037],[109.128941119,0.520580263000043],[109.129092229,0.519718933000033],[109.12913455,0.519734374000048],[109.12913809,0.519688359000036],[109.130880803,0.516906133000016],[109.131842941,0.516258162000044],[109.13186801,0.516241279000033],[109.132378924,0.515897194000047],[109.133234994,0.515897194000047],[109.133233902,0.515904838000035],[109.133231812,0.51591946700005],[109.133356157,0.515904838000035],[109.134098707,0.515904838000035],[109.135107646,0.515262786000047],[109.135302798,0.515018845000042],[109.135291089,0.51498762100005],[109.134343298,0.514284421000064],[109.134385444,0.513978861000049],[109.134587889,0.51251113400002],[109.134678393,0.512529450000046],[109.134618463,0.512480560000022],[109.135719124,0.511196456000039],[109.136465582,0.509420399000015],[109.136512276,0.509309300000041],[109.136605767,0.509086856000067],[109.137186671,0.507160700000041],[109.137255352,0.507256853000056],[109.138226184,0.506702092000071],[109.139554328,0.506632189000072],[109.139618989,0.50626038800004],[109.139744949,0.505536120000035],[109.13994604,0.504379848000044],[109.140144173,0.503240581000062],[109.140144173,0.500590009000056],[109.140471214,0.500216248000066],[109.142334606,0.49906954600005],[109.144450168,0.497767661000065],[109.146940617,0.497886254000027],[109.146954338,0.497871760000068],[109.150405711,0.494225943000052],[109.151853342,0.492696755000045],[109.151689748,0.492013751000052],[109.151173054,0.489856552000043],[109.151258945,0.489530166000057],[109.152286818,0.485624246000045],[109.154217344,0.48131768900003],[109.154911395,0.48088625200006],[109.155175213,0.480270676000037],[109.154967298,0.480181932000051],[109.154970295,0.480171440000035],[109.15493317,0.479837310000044],[109.154691854,0.479558869000063],[109.154580478,0.479447493000064],[109.154413413,0.479243303000035],[109.154357725,0.479057675000024],[109.154320599,0.478760671000031],[109.154357725,0.478537918000017],[109.154487664,0.478240914000026],[109.154580478,0.477999599000039],[109.154506227,0.477702595000029],[109.154246348,0.477275652000051],[109.154121836,0.47709454400006],[109.154042158,0.476978648000053],[109.153745154,0.47662595600001],[109.153485276,0.476347514000048],[109.152946956,0.475790632000047],[109.152631389,0.475382252000029],[109.152455957,0.475126413000048],[109.152399355,0.475085248000019],[109.152195165,0.474946027000045],[109.151972412,0.474769681000048],[109.151768222,0.474537647000035],[109.151693971,0.474370582000061],[109.151647564,0.474175673000039],[109.151545469,0.473878669000048],[109.15141553,0.473618791000035],[109.1510814,0.473164004000067],[109.150905054,0.472941251000051],[109.150765834,0.472774186000025],[109.150440986,0.472412213000043],[109.150357453,0.47195742500003],[109.15044357,0.471302935000045],[109.149004901,0.468508278000058],[109.148631804,0.46778352700005],[109.148551176,0.46776637200003],[109.143930973,0.466783350000068],[109.143502219,0.466678544000047],[109.142747807,0.465396043000044],[109.141996679,0.464119126000072],[109.140742235,0.461986571000066],[109.140269291,0.461182566000047],[109.138498556,0.458132969000075],[109.1337417,0.458251891000022],[109.131575218,0.455888456000023],[109.106339275,0.443783409000044],[109.106350331,0.443736170000025],[109.106065251,0.443618995000059],[109.095864569,0.426878163000027],[109.095485638,0.426766713000063],[109.095491264,0.426614834000011],[109.092793212,0.42623358800006],[109.092784833,0.426241967000062],[109.092763885,0.426262914000052],[109.092675905,0.426321568000043],[109.092441292,0.426526854000018]]]]},"properties":{"gid":6456,"luas":80.39741279134847,"kdkab":"04","kdkec":"121","nmkab":"MEMPAWAH","nmkec":"SADANIANG","iddesa":"6104121002","kddesa":"002","kdprov":"61","nmdesa":"SEKABUK","nmprov":"KALIMANTAN BARAT","rw_dki":"","sumber":"BPS","periode":"2023_1"}},{"id":6457,"type":"Feature","geometry":{"type":"MultiPolygon","coordinates":[[[[109.073071263,0.545341249000045],[109.072848224,0.546456444000055],[109.072428257,0.547611351000057],[109.070952392,0.548463795000027],[109.06905656,0.549355951000042],[109.068610482,0.550025068000032],[109.067495287,0.55281305600004],[109.065376417,0.554931926000047],[109.064230704,0.555862818000043],[109.061507701,0.557455464000041],[109.05864416,0.558784632000018],[109.056566376,0.559615745000031],[109.055055659,0.560206895000026],[109.055055574,0.560206929000057],[109.054001427,0.560619421000061],[109.053889908,0.560953980000023],[109.053109271,0.56218069400005],[109.052217115,0.564634123000062],[109.051436479,0.566529955000018],[109.049426545,0.570578183000061],[109.048536971,0.571882891000023],[109.047087218,0.574113281000046],[109.044968347,0.577458866000032],[109.043630113,0.579354698000024],[109.042849477,0.580358374000066],[109.041734282,0.58158508800005],[109.040061489,0.582811803000033],[109.039057813,0.583815478000011],[109.036269826,0.584930673000029],[109.034039436,0.584819154000053],[109.033773214,0.584781122000026],[109.033692289,0.585125057000025],[109.033161192,0.586364283000019],[109.03330353,0.587004801000035],[109.03362859,0.587536721000047],[109.03409133,0.588094748000058],[109.03474438,0.588882271000038],[109.03548664,0.589624521000078],[109.03550386,0.589645192000032],[109.03551064,0.589653331000022],[109.03551068,0.58965337100005],[109.03592326,0.590148471000018],[109.0377134,0.591807631000047],[109.03824566,0.592933571000054],[109.038654902,0.593326442000021],[109.03924934,0.593897101000045],[109.0396756,0.594104471000042],[109.0414768,0.594980731000021],[109.04322265,0.595943950000044],[109.04605213,0.596485770000069],[109.0487612,0.596907181000052],[109.051058173,0.596950517000042],[109.051055314,0.596958995000022],[109.051063541,0.596950620000022],[109.051063783,0.596950374000069],[109.064637811,0.583132208000054],[109.079112585,0.590314627000053],[109.08369494,0.592588403000034],[109.084157816,0.592818083000057],[109.078245495,0.597011219000022],[109.079784346,0.595943755000058],[109.083071263,0.594038969000055],[109.083483961,0.59379980800003],[109.083529022,0.593781784000032],[109.083824728,0.593781784000032],[109.084475281,0.593663501000038],[109.085658105,0.593900066000053],[109.08642694,0.594491478000063],[109.087314057,0.596088289000019],[109.087491481,0.597152831000069],[109.087609763,0.598453936000054],[109.087550622,0.599518478000038],[109.087550622,0.600464736000049],[109.088082893,0.601765842000017],[109.088674304,0.603007807000035],[109.089088293,0.603658360000048],[109.090034552,0.604604619000042],[109.090958448,0.605389931000037],[109.090962915,0.605393728000025],[109.091217375,0.605610019000046],[109.092695904,0.606437995000028],[109.094174225,0.606863952000021],[109.098887813,0.606471153000028],[109.10129383,0.606270651000049],[109.10204399,0.606004465000073],[109.104644593,0.605081670000069],[109.10897899,0.605216593000015],[109.109806367,0.603250074000065],[109.110782103,0.602903845000061],[109.112060253,0.60183872000004],[109.114690545,0.601038197000039],[109.114523243,0.59969142200004],[109.11508448,0.598444229000053],[109.116295728,0.595752568000015],[109.117209643,0.593721645000065],[109.117209643,0.591159719000076],[109.117605705,0.590694777000065],[109.117670486,0.59032768200006],[109.117929612,0.589874213000025],[109.118275112,0.589636681000057],[109.118296706,0.589334369000025],[109.118296706,0.588427429000029],[109.118296706,0.587196584000018],[109.118426268,0.585490676000061],[109.117908018,0.583763174000066],[109.117596437,0.583444818000031],[109.118224341,0.582054460000052],[109.11832799,0.581824951000041],[109.118884346,0.58071223900003],[109.119440702,0.579390892000056],[109.119660845,0.577805864000033],[109.119788424,0.576887298000032],[109.119539978,0.574551896000059],[109.119535071,0.574505768000045],[109.119440702,0.573618696000033],[109.117730594,0.569954179000039],[109.117522996,0.569509325000066],[109.117006643,0.56840285600003],[109.116679367,0.567841812000032],[109.116678741,0.567840739000074],[109.114504123,0.567823095000041],[109.114510265,0.567596607000042],[109.114544605,0.566330305000063],[109.114726776,0.564498475000053],[109.115518677,0.564539937000057],[109.116175086,0.563300052000046],[109.117098728,0.562082524000059],[109.118880871,0.559733336000014],[109.119418464,0.559024691000037],[109.122336371,0.557375439000053],[109.123355676,0.556865786000056],[109.12212215,0.556601460000016],[109.122109671,0.556520344000037],[109.121716936,0.55396756100004],[109.12120319,0.550628210000071],[109.12120319,0.549557224000056],[109.12120319,0.546492880000061],[109.121054454,0.546309822000065],[109.121051438,0.546306109000056],[109.121061115,0.546299847000054],[109.121132262,0.546197687000064],[109.123016971,0.543491439000026],[109.123011554,0.543489296000075],[109.123003796,0.543486228000051],[109.12292068,0.541172846000046],[109.122854727,0.539337148000067],[109.122856314,0.539337068000069],[109.12280474,0.538130253000015],[109.122797172,0.538124955000057],[109.122622383,0.533714116000054],[109.122612923,0.533711210000031],[109.121650222,0.531316055000049],[109.1216502,0.531316001000049],[109.12157325,0.531123626000068],[109.121573,0.531123930000036],[109.121392903,0.530675858000047],[109.121090291,0.529922975000023],[109.119614318,0.529922975000023],[109.118727674,0.529800679000054],[109.117382423,0.529556088000042],[109.117271289,0.529259732000066],[109.11619004,0.528982827000049],[109.116074505,0.528784107000026],[109.114477901,0.527759871000059],[109.114144285,0.526778646000011],[109.114044471,0.526485075000028],[109.113988976,0.526627973000069],[109.113986596,0.526625664000057],[109.113958717,0.526586633000028],[109.113946229,0.526569150000057],[109.111237067,0.522776324000059],[109.111550397,0.522637066000065],[109.111547635,0.522633199000031],[109.1115588,0.522593693000027],[109.111596136,0.522461579000031],[109.111091808,0.521764418000032],[109.110804503,0.521367262000061],[109.108871986,0.521134428000037],[109.108822953,0.52116327100003],[109.108945148,0.52076177200007],[109.108894842,0.520132941000043],[109.108416931,0.519151965000035],[109.10763718,0.517919457000055],[109.106781971,0.516888174000034],[109.106404672,0.516183884000029],[109.105932303,0.515900463000038],[109.105927746,0.515896319000025],[109.105551895,0.515395184000054],[109.104911298,0.514900178000057],[109.103746578,0.513997519000047],[109.102669212,0.513327805000076],[109.102598371,0.513350965000025],[109.101948809,0.513043899000032],[109.101681292,0.512917436000064],[109.101009485,0.512599855000062],[109.100204824,0.512375023000053],[109.100165063,0.512250439000065],[109.099611821,0.51213396700006],[109.099513472,0.512170201000057],[109.099495488,0.512176826000027],[109.098892366,0.512490155000027],[109.097284145,0.513957232000057],[109.09627263,0.515777959000046],[109.095804359,0.51713074100007],[109.095362267,0.518407897000033],[109.09490882,0.520351243000048],[109.094654207,0.521442442000023],[109.093558187,0.522970863000064],[109.091710545,0.525547436000071],[109.089790383,0.527826201000035],[109.089067377,0.528739471000056],[109.088460954,0.529505479000023],[109.086872478,0.530498276000056],[109.085784486,0.53117827100004],[109.084223213,0.533297142000031],[109.082438901,0.536085130000061],[109.081323706,0.537311844000041],[109.080590822,0.53833788200005],[109.078609678,0.540752837000068],[109.078025642,0.541369319000066],[109.077643562,0.541772625000018],[109.075972724,0.541369319000066],[109.075972575,0.541369283000048],[109.074409497,0.540991988000023],[109.07362886,0.541661105000063],[109.073443701,0.542883156000065],[109.073071263,0.545341249000045]]]]},"properties":{"gid":6457,"luas":54.43306906506214,"kdkab":"04","kdkec":"121","nmkab":"MEMPAWAH","nmkec":"SADANIANG","iddesa":"6104121003","kddesa":"003","kdprov":"61","nmdesa":"BUMBUN","nmprov":"KALIMANTAN BARAT","rw_dki":"","sumber":"BPS","periode":"2023_1"}},{"id":6458,"type":"Feature","geometry":{"type":"MultiPolygon","coordinates":[[[[109.144035987,0.54598069500002],[109.142712875,0.544816112000021],[109.137257671,0.540014527000047],[109.137257671,0.53993271300004],[109.136664319,0.538033988000045],[109.136664319,0.536253934000047],[109.13724559,0.534768465000076],[109.132761584,0.531530017000025],[109.132207235,0.531129653000052],[109.129605612,0.529446249000041],[109.127441894,0.527823461000019],[109.126248856,0.528363705000061],[109.126248758,0.528363736000061],[109.126248698,0.528363755000032],[109.126248619,0.528363780000061],[109.125354367,0.528644328000045],[109.125343622,0.528647700000024],[109.124689587,0.528852888000071],[109.123160891,0.52934207000003],[109.12166277,0.529922975000023],[109.12109299,0.529922975000023],[109.121090291,0.529922975000023],[109.121392903,0.530675858000047],[109.121573,0.531123930000036],[109.12157325,0.531123626000068],[109.1216502,0.531316001000049],[109.121650222,0.531316055000049],[109.122612923,0.533711210000031],[109.122622383,0.533714116000054],[109.122797172,0.538124955000057],[109.12280474,0.538130253000015],[109.122856314,0.539337068000069],[109.122854727,0.539337148000067],[109.12292068,0.541172846000046],[109.123003796,0.543486228000051],[109.123011554,0.543489296000075],[109.123016971,0.543491439000026],[109.121132262,0.546197687000064],[109.121061115,0.546299847000054],[109.121051438,0.546306109000056],[109.121054454,0.546309822000065],[109.12120319,0.546492880000061],[109.12120319,0.549557224000056],[109.12120319,0.550628210000071],[109.121716936,0.55396756100004],[109.122109671,0.556520344000037],[109.12212215,0.556601460000016],[109.123355676,0.556865786000056],[109.122336371,0.557375439000053],[109.119418464,0.559024691000037],[109.118880871,0.559733336000014],[109.117098728,0.562082524000059],[109.116175086,0.563300052000046],[109.115518677,0.564539937000057],[109.114726776,0.564498475000053],[109.114544605,0.566330305000063],[109.114510265,0.567596607000042],[109.114504123,0.567823095000041],[109.116678741,0.567840739000074],[109.116679367,0.567841812000032],[109.117006643,0.56840285600003],[109.117522996,0.569509325000066],[109.117730594,0.569954179000039],[109.119440702,0.573618696000033],[109.119535071,0.574505768000045],[109.119539978,0.574551896000059],[109.119788424,0.576887298000032],[109.119660845,0.577805864000033],[109.119440702,0.579390892000056],[109.118884346,0.58071223900003],[109.11832799,0.581824951000041],[109.118224341,0.582054460000052],[109.117596437,0.583444818000031],[109.117908018,0.583763174000066],[109.118426268,0.585490676000061],[109.118296706,0.587196584000018],[109.118296706,0.588427429000029],[109.118296706,0.589334369000025],[109.118275112,0.589636681000057],[109.117929612,0.589874213000025],[109.117670486,0.59032768200006],[109.117605705,0.590694777000065],[109.117209643,0.591159719000076],[109.117209643,0.593721645000065],[109.116295728,0.595752568000015],[109.11508448,0.598444229000053],[109.114523243,0.59969142200004],[109.114690545,0.601038197000039],[109.112060253,0.60183872000004],[109.110782103,0.602903845000061],[109.109806367,0.603250074000065],[109.10897899,0.605216593000015],[109.104644593,0.605081670000069],[109.10204399,0.606004465000073],[109.10129383,0.606270651000049],[109.098887813,0.606471153000028],[109.094174225,0.606863952000021],[109.092695904,0.606437995000028],[109.091217375,0.605610019000046],[109.090962915,0.605393728000025],[109.090958448,0.605389931000037],[109.090378274,0.605702332000008],[109.089372946,0.606243662000049],[109.084948934,0.608625822000027],[109.083541578,0.613004264000043],[109.085622169,0.618125720000026],[109.090413972,0.615973367000036],[109.093719612,0.62226692800005],[109.09374524,0.622315721000064],[109.0939463,0.622225741000021],[109.100482664,0.619300631000036],[109.10473885,0.617395931000032],[109.10456365,0.617183191000032],[109.10473889,0.617108391000037],[109.10489495,0.617041781000063],[109.10716769,0.616071701000054],[109.108922527,0.615480398000051],[109.11290167,0.614139601000031],[109.115422491,0.613960615000054],[109.11553494,0.613952631000083],[109.121061573,0.61593972800006],[109.121075877,0.61593841600005],[109.121081067,0.615953875000052],[109.121081617,0.615955514000061],[109.122446138,0.620020250000029],[109.125000243,0.627628603000058],[109.125893353,0.630289064000071],[109.127135219,0.633988426000021],[109.119582378,0.637828853000032],[109.116053679,0.639874005000018],[109.107986419,0.64454960200004],[109.107979303,0.644569212000026],[109.107979991,0.64456958400006],[109.11019698,0.645767949000053],[109.110807156,0.646063196000054],[109.110807635,0.646056290000051],[109.110810356,0.646017043000029],[109.113048609,0.647114225000047],[109.113911726,0.647538469000028],[109.117525114,0.648855088000052],[109.11890025,0.649703576000039],[109.12282085,0.651649247000024],[109.124035065,0.652292927000071],[109.125059102,0.653243819000061],[109.126595158,0.653975274000054],[109.127897148,0.65489690700001],[109.129520979,0.655950203000028],[109.130296321,0.657296080000033],[109.133383062,0.659709882000069],[109.134202291,0.661962764000064],[109.135284844,0.663352529000064],[109.135548169,0.664947101000054],[109.13574078,0.665326974000034],[109.136404094,0.66663517600006],[109.136492261,0.66901568100007],[109.137410481,0.676973587000015],[109.137069428,0.680270434000028],[109.138022628,0.682176833000034],[109.143838021,0.687074006000036],[109.14428482,0.687260172000033],[109.15118378,0.690134740000074],[109.15761132,0.687380080000021],[109.172252522,0.689161310000025],[109.175644757,0.682376840000079],[109.180282748,0.67668476000005],[109.17865386,0.676437959000049],[109.175433748,0.675471925000064],[109.172532394,0.674601519000021],[109.170089921,0.673606437000052],[109.170067317,0.673609451000062],[109.166952719,0.67283080100002],[109.166688898,0.67286694100004],[109.16660414,0.67274365700007],[109.166529802,0.672635529000039],[109.166487882,0.672574554000053],[109.166484708,0.672569937000052],[109.166484708,0.672198682000034],[109.166558959,0.671678926000018],[109.166744586,0.670843602000046],[109.1668374,0.670509473000034],[109.166985902,0.670082530000066],[109.167024607,0.669900062000053],[109.167037158,0.669840894000055],[109.167115841,0.669469959000022],[109.167573055,0.669375363000023],[109.167691286,0.669005890000056],[109.168066605,0.667754827000054],[109.16848674,0.660192391000065],[109.168553441,0.658991780000057],[109.16912825,0.646345996000028],[109.169165588,0.645524554000071],[109.16880467,0.643840269000058],[109.167809891,0.639197970000049],[109.170212664,0.62855712100002],[109.170389881,0.627772302000029],[109.170408076,0.627299221000047],[109.170694857,0.619842918000068],[109.173787089,0.617875135000018],[109.173854955,0.617349170000066],[109.174619945,0.612550597000053],[109.175384935,0.610881528000051],[109.175409463,0.610820209000042],[109.175941292,0.609490637000016],[109.176123996,0.609103303000037],[109.1763696,0.608582623000064],[109.176144585,0.608267603000057],[109.175933145,0.607971586000078],[109.17574963,0.608017465000039],[109.175551388,0.607891911000021],[109.175710392,0.607711708000067],[109.175784643,0.60570693100003],[109.175784643,0.603999159000057],[109.175190635,0.601326123000022],[109.17466766,0.600339942000059],[109.174522376,0.599395598000048],[109.174225372,0.59872733900004],[109.173537638,0.597420644000057],[109.173705615,0.596202806000064],[109.173566615,0.594048302000028],[109.173557113,0.593901026000026],[109.172687328,0.592415142000046],[109.174368834,0.58737062400007],[109.174368834,0.584615964000023],[109.174116281,0.578554700000043],[109.1786383,0.570385890000072],[109.178912195,0.570446755000032],[109.179266007,0.568088005000047],[109.179878154,0.564721199000074],[109.1804903,0.560130099000052],[109.182607537,0.557710400000076],[109.182615733,0.557480921000032],[109.182875611,0.556292905000027],[109.183609643,0.554886010000063],[109.184283711,0.55165049700003],[109.183173923,0.55204685000007],[109.17621947,0.551490494000067],[109.170429357,0.54838864700003],[109.170303471,0.548321208000061],[109.168430482,0.547317821000035],[109.166705293,0.546503149000045],[109.163428373,0.544955715000063],[109.154091477,0.54903494100005],[109.149218038,0.549452665000035],[109.148860885,0.549483278000027],[109.148720678,0.549857162000021],[109.148344743,0.550141961000065],[109.146721151,0.54854091800007],[109.144863411,0.54670898000007],[109.144037002,0.545981588000074],[109.144035987,0.54598069500002]]]]},"properties":{"gid":6458,"luas":96.0322567037749,"kdkab":"04","kdkec":"121","nmkab":"MEMPAWAH","nmkec":"SADANIANG","iddesa":"6104121004","kddesa":"004","kdprov":"61","nmdesa":"AMAWANG","nmprov":"KALIMANTAN BARAT","rw_dki":"","sumber":"BPS","periode":"2023_1"}},{"id":6460,"type":"Feature","geometry":{"type":"MultiPolygon","coordinates":[[[[109.242387771,0.621819394000051],[109.238624066,0.621597999000059],[109.237476612,0.621530502000041],[109.229765104,0.621076884000054],[109.221894501,0.620334374000037],[109.218670322,0.619776343000062],[109.214172399,0.618997856000026],[109.212300696,0.618623516000077],[109.211609206,0.618287649000021],[109.204670092,0.614917222000037],[109.200581494,0.612046504000032],[109.197411778,0.609820959000047],[109.190284646,0.604816803000053],[109.182020667,0.59808319000007],[109.173566615,0.594048302000028],[109.173705615,0.596202806000064],[109.173537638,0.597420644000057],[109.174225372,0.59872733900004],[109.174522376,0.599395598000048],[109.17466766,0.600339942000059],[109.175190635,0.601326123000022],[109.175784643,0.603999159000057],[109.175784643,0.60570693100003],[109.175710392,0.607711708000067],[109.175551388,0.607891911000021],[109.17574963,0.608017465000039],[109.175933145,0.607971586000078],[109.176144585,0.608267603000057],[109.1763696,0.608582623000064],[109.176123996,0.609103303000037],[109.175941292,0.609490637000016],[109.175409463,0.610820209000042],[109.175384935,0.610881528000051],[109.174619945,0.612550597000053],[109.173854955,0.617349170000066],[109.173787089,0.617875135000018],[109.170694857,0.619842918000068],[109.170408076,0.627299221000047],[109.170389881,0.627772302000029],[109.170212664,0.62855712100002],[109.167809891,0.639197970000049],[109.16880467,0.643840269000058],[109.169165588,0.645524554000071],[109.16912825,0.646345996000028],[109.168553441,0.658991780000057],[109.16848674,0.660192391000065],[109.168066605,0.667754827000054],[109.167691286,0.669005890000056],[109.167573055,0.669375363000023],[109.167115841,0.669469959000022],[109.167037158,0.669840894000055],[109.167024607,0.669900062000053],[109.166985902,0.670082530000066],[109.1668374,0.670509473000034],[109.166744586,0.670843602000046],[109.166558959,0.671678926000018],[109.166484708,0.672198682000034],[109.166484708,0.672569937000052],[109.166487882,0.672574554000053],[109.166529802,0.672635529000039],[109.16660414,0.67274365700007],[109.166688898,0.67286694100004],[109.166952719,0.67283080100002],[109.170067317,0.673609451000062],[109.170089921,0.673606437000052],[109.172532394,0.674601519000021],[109.175433748,0.675471925000064],[109.17865386,0.676437959000049],[109.180282748,0.67668476000005],[109.18875428,0.677968325000056],[109.193866117,0.677763852000051],[109.196406113,0.677662252000049],[109.199682607,0.677221186000059],[109.199406149,0.671828102000063],[109.199337118,0.670481459000037],[109.199348806,0.670450891000036],[109.199583129,0.669838047000033],[109.199728557,0.669454645000027],[109.200217725,0.669005140000011],[109.200443206,0.668754036000055],[109.20141277,0.669388331000045],[109.203585066,0.666657082000024],[109.20260192,0.66572623200005],[109.202615159,0.665686515000052],[109.202650342,0.665580966000048],[109.203190983,0.664977338000018],[109.204012079,0.664060581000052],[109.205026395,0.663476581000051],[109.205045343,0.663465672000023],[109.207502355,0.662051028000065],[109.21130993,0.659406878000019],[109.21302391,0.658321358000024],[109.213190004,0.658216165000055],[109.213341527,0.658584148000049],[109.213615066,0.659248458000032],[109.21374164,0.659555852000036],[109.214348549,0.661578881000014],[109.214955458,0.663500759000045],[109.215764669,0.666333001000056],[109.216270427,0.667445667000025],[109.216978487,0.668457182000049],[109.217484244,0.669064091000048],[109.218192305,0.669468697000062],[109.219608426,0.670176757000028],[109.221226849,0.670783666000026],[109.222829666,0.671050802000026],[109.223654485,0.671188272000051],[109.225778666,0.672300938000033],[109.226181178,0.672557082000019],[109.226891332,0.673008998000044],[109.227788345,0.673735152000059],[109.228237737,0.673683299000057],[109.235740352,0.672541597000019],[109.24024563,0.671856011000047],[109.24231711,0.67154078600003],[109.243003363,0.671014659000038],[109.246916085,0.668014905000063],[109.251499309,0.66450109900006],[109.254329174,0.662947448000064],[109.2561741,0.661934547000049],[109.258983081,0.660392362000035],[109.265389291,0.656875228000042],[109.266054624,0.656509947000072],[109.266695832,0.65615791100003],[109.266025122,0.65284763200002],[109.27007067,0.653455787000043],[109.270744336,0.653949809000038],[109.270863915,0.654037500000068],[109.270960213,0.654326395000046],[109.276358208,0.652077231000021],[109.278127688,0.651339947000046],[109.279794528,0.649990600000014],[109.284555227,0.646136701000054],[109.285319063,0.645280279000071],[109.285637319,0.645280279000071],[109.290701484,0.645625563000052],[109.293020029,0.645888040000039],[109.293009545,0.645756984000058],[109.292681994,0.639042177000012],[109.292846326,0.638080399000051],[109.292975358,0.637325222000079],[109.295407858,0.634971553000078],[109.295803918,0.634588329000046],[109.297478593,0.632967926000048],[109.297526476,0.630717445000076],[109.294974931,0.630022730000064],[109.295267793,0.625629788000017],[109.291900987,0.621650835000019],[109.290874506,0.62103494600006],[109.288840254,0.619814395000048],[109.287026668,0.619484652000036],[109.285473447,0.619202249000068],[109.282869353,0.618623561000048],[109.282718787,0.618590102000034],[109.281188421,0.618590102000034],[109.279261518,0.619232403000066],[109.275098761,0.619135595000044],[109.273091494,0.61917656000003],[109.272499746,0.619188636000047],[109.268283396,0.619274684000057],[109.259242607,0.621082842000023],[109.255213746,0.621777473000057],[109.255209024,0.621778287000041],[109.25478152,0.621819394000051],[109.252040398,0.621819394000051],[109.24959211,0.621819394000051],[109.242387771,0.621819394000051]]]]},"properties":{"gid":6460,"luas":76.09296884007077,"kdkab":"04","kdkec":"121","nmkab":"MEMPAWAH","nmkec":"SADANIANG","iddesa":"6104121006","kddesa":"006","kdprov":"61","nmdesa":"SUAK BARANGAN","nmprov":"KALIMANTAN BARAT","rw_dki":"","sumber":"BPS","periode":"2023_1"}},{"id":6461,"type":"Feature","geometry":{"type":"MultiPolygon","coordinates":[[[[108.938309478,0.450070192000046],[108.93793933,0.450682601000034],[108.937939176,0.450682855000026],[108.937418734,0.451543923000026],[108.937408256,0.451543923000026],[108.9372965,0.45172370400007],[108.937298798,0.451743809000053],[108.937274624,0.451779433000068],[108.937161337,0.451946377000067],[108.937070355,0.452164727000025],[108.936915686,0.452273903000049],[108.936833802,0.452446763000061],[108.936724624,0.452537742000065],[108.936706427,0.452646917000037],[108.936633641,0.452774288000047],[108.936542659,0.452883463000032],[108.936433481,0.453047226000024],[108.936397088,0.453156401000047],[108.936360695,0.453265576000035],[108.936324302,0.453374751000061],[108.93628791,0.453429339000028],[108.936178731,0.453629493000054],[108.936105945,0.453720472000037],[108.936051356,0.453793256000038],[108.936014963,0.453847843000056],[108.935978571,0.453938822000056],[108.935943577,0.454026302000037],[108.935942178,0.454029802000025],[108.935905785,0.454084389000048],[108.935881902,0.454100310000054],[108.935851196,0.454120781000024],[108.935742017,0.454248152000038],[108.935560053,0.454448306000077],[108.935483368,0.454601671000024],[108.935469071,0.454630264000051],[108.935442126,0.454664906000065],[108.935341696,0.454794027000036],[108.935232518,0.45492139800006],[108.935141535,0.454994181000072],[108.935086946,0.455030573000041],[108.934941375,0.45519433500003],[108.934886786,0.455339902000043],[108.934741214,0.455540056000065],[108.934686625,0.455612840000068],[108.934668429,0.455685623000015],[108.934613839,0.45577660200007],[108.934593435,0.455803807000054],[108.934624089,0.455837867000062],[108.934541705,0.455957044000057],[108.935163878,0.456300958000039],[108.935219277,0.456331581000026],[108.935219375,0.456346342000071],[108.935734457,0.456702354000064],[108.935651946,0.457041916000044],[108.935672011,0.457038001000051],[108.936266776,0.457396749000046],[108.936271102,0.457402920000052],[108.936315127,0.457430313000021],[108.936325742,0.457445852000035],[108.936344025,0.457452892000046],[108.936665292,0.45757659800006],[108.936756168,0.457482135000015],[108.936768148,0.457483016000026],[108.937358484,0.457911370000032],[108.937484471,0.457983363000037],[108.937606858,0.458080552000076],[108.937797637,0.458210138000025],[108.937999215,0.458325326000022],[108.938175596,0.45841171700005],[108.938679542,0.458742881000028],[108.938899119,0.458886866000054],[108.939104297,0.45900565300002],[108.939183488,0.459038049000067],[108.939195997,0.459045554000051],[108.93920159,0.459045927000039],[108.939308514,0.459018710000063],[108.939351518,0.459036105000039],[108.939419849,0.459063744000044],[108.939811052,0.459221984000068],[108.940753218,0.459603085000015],[108.94142621,0.459875306000065],[108.942181392,0.460180773000048],[108.944860802,0.461264579000033],[108.944897431,0.461266766000045],[108.944921312,0.461274954000024],[108.944840767,0.462563677000049],[108.944750827,0.462788529000023],[108.946834866,0.464053838000043],[108.946833257,0.464092448000017],[108.947114264,0.464232951000047],[108.947123441,0.464229044000028],[108.94863553,0.463585283000037],[108.948623701,0.463717772000044],[108.94927345,0.46408797800007],[108.956267865,0.468073168000052],[108.956333881,0.468133443000044],[108.956429451,0.468088992000045],[108.958209935,0.46772733100004],[108.958219695,0.467645349000057],[108.959137732,0.467461741000023],[108.9591504,0.467107040000017],[108.959298674,0.462955271000051],[108.959309082,0.462663821000034],[108.959300015,0.462663995000069],[108.959331238,0.461508745000046],[108.959529443,0.461542722000042],[108.959527032,0.461528254000031],[108.961661154,0.461558633000037],[108.968273893,0.461652764000054],[108.970311606,0.461681771000032],[108.972413675,0.461711694000027],[108.972398053,0.461688861000026],[108.972433585,0.461691230000047],[108.972432319,0.461679697000018],[108.972854312,0.461679697000018],[108.973110906,0.458220429000047],[108.972512732,0.457998251000045],[108.972207689,0.457925622000054],[108.972207938,0.457892967000028],[108.972136825,0.457849205000052],[108.972007776,0.457769790000043],[108.971720813,0.457635874000055],[108.971539431,0.457551229000047],[108.971149143,0.457410726000029],[108.970853273,0.457348437000065],[108.970852525,0.457348280000065],[108.970321734,0.457160942000031],[108.969900223,0.457020438000025],[108.969478713,0.456942381000038],[108.968744972,0.456723820000035],[108.968741884,0.456723259000048],[108.968058066,0.456598928000056],[108.967976504,0.456579088000065],[108.967480441,0.45645842400006],[108.966934038,0.456302309000027],[108.966528139,0.456224252000034],[108.966247132,0.456161806000071],[108.965466558,0.455880799000052],[108.965045047,0.455849576000044],[108.964747304,0.455795982000047],[108.964264472,0.455709072000042],[108.963702458,0.455615403000025],[108.962906272,0.455443677000066],[108.962515984,0.455350008000042],[108.962418504,0.455344100000037],[108.962000805,0.455318785000033],[108.961923981,0.455309182000055],[108.961751021,0.455287562000025],[108.961235841,0.45525633900007],[108.960862602,0.45528966400001],[108.960845554,0.455178281000029],[108.96075969,0.455045584000055],[108.960556741,0.454975332000064],[108.960542716,0.454970355000052],[108.960314763,0.454889469000016],[108.960033756,0.454850440000029],[108.959799583,0.454866051000061],[108.959557605,0.454905080000057],[108.959170895,0.454935410000061],[108.959159512,0.454936303000066],[108.959066542,0.454883620000033],[108.958925339,0.454803605000046],[108.95872239,0.454717742000065],[108.958347714,0.454592850000042],[108.958191599,0.454546016000057],[108.957980844,0.454522598000041],[108.957723254,0.454452347000013],[108.957403218,0.454428929000067],[108.957176851,0.454483570000038],[108.957071686,0.454515119000056],[108.956997319,0.454460152000019],[108.956833398,0.454397706000068],[108.956630449,0.45438990100007],[108.956396276,0.45431964900007],[108.956146492,0.454132311000011],[108.955768828,0.453893380000059],[108.955764011,0.45389033300006],[108.95503027,0.45389033300006],[108.954686817,0.453796664000031],[108.954273112,0.453749829000056],[108.953742321,0.453640549000054],[108.953445703,0.453468822000056],[108.95305886,0.453213506000052],[108.953055415,0.453211233000037],[108.952829049,0.453070729000034],[108.952524624,0.452930226000028],[108.952235812,0.452953643000066],[108.95196261,0.453000477000055],[108.951658186,0.452984866000071],[108.951525519,0.453003575000022],[108.951049338,0.453070729000034],[108.950799554,0.45310195200006],[108.950212481,0.453045367000067],[108.950151677,0.453039506000023],[108.949852319,0.453195421000027],[108.949848435,0.453194591000048],[108.949652063,0.452869821000027],[108.94951732,0.452808970000036],[108.949226103,0.45283939500007],[108.949052241,0.452756811000017],[108.948843608,0.452522098000034],[108.948730598,0.45238735600002],[108.948613241,0.452374316000028],[108.948304637,0.452274346000015],[108.948169895,0.452378663000042],[108.947730895,0.452500366000039],[108.947304935,0.452486240000036],[108.94700937,0.452260220000026],[108.946531252,0.45236453700005],[108.94627046,0.452216754000055],[108.946000975,0.452329764000063],[108.945748876,0.451973349000064],[108.945522856,0.451973349000064],[108.945172979,0.451826241000049],[108.944757866,0.451651705000065],[108.944531846,0.451669091000034],[108.94440145,0.451556081000029],[108.944223818,0.451507636000017],[108.943923332,0.451425685000065],[108.943771203,0.451169240000065],[108.943699058,0.451147407000056],[108.943346289,0.451040648000062],[108.942780193,0.450869329000057],[108.942506362,0.450517260000023],[108.941536751,0.450170692000026],[108.941531633,0.450167023000058],[108.941037852,0.449812991000045],[108.941009871,0.449800399000015],[108.940934518,0.449756074000035],[108.940854732,0.449716181000041],[108.940783812,0.449662991000014],[108.940717324,0.44962309800007],[108.940659462,0.449586934000017],[108.940639271,0.449574315000067],[108.940610943,0.449556610000049],[108.940594862,0.449551880000055],[108.940506956,0.44949582400005],[108.94013142,0.449376521000032],[108.940095565,0.449365130000043],[108.939302966,0.449113329000051],[108.939173678,0.449105373000066],[108.939139341,0.44906459900006],[108.939050691,0.449046868000033],[108.93899236,0.449063534000061],[108.938833496,0.449108924000035],[108.938806901,0.449228602000059],[108.938814551,0.449234552000065],[108.938309478,0.450070192000046]]]]},"properties":{"gid":6461,"luas":4.119604370810565,"kdkab":"04","kdkec":"110","nmkab":"MEMPAWAH","nmkec":"SUNGAI KUNYIT","iddesa":"6104110001","kddesa":"001","kdprov":"61","nmdesa":"SEMUDUN","nmprov":"KALIMANTAN BARAT","rw_dki":"","sumber":"BPS","periode":"2023_1"}},{"id":6462,"type":"Feature","geometry":{"type":"MultiPolygon","coordinates":[[[[109.089790383,0.527826201000035],[109.087180859,0.52700941500006],[109.084135149,0.527104594000033],[109.082993007,0.52672388000001],[109.081755688,0.525867274000066],[109.080101231,0.524799740000046],[109.07759347,0.523963820000065],[109.07570578,0.523078960000018],[109.07305121,0.521604200000066],[109.0712815,0.521073290000063],[109.06921684,0.520247420000033],[109.06732914,0.518890650000052],[109.06561842,0.517887810000049],[109.06284588,0.51605911000007],[109.06113516,0.514230410000037],[109.05827412,0.512962110000042],[109.0547347,0.51131038000004],[109.05367497,0.510814340000032],[109.05196215,0.510012600000038],[109.04848172,0.507004090000073],[109.04682999,0.505470340000035],[109.04517826,0.502933750000074],[109.04403528,0.501282770000043],[109.04358552,0.500633130000032],[109.03978064,0.495530460000047],[109.03936771,0.494999550000037],[109.03748002,0.492050030000034],[109.03630021,0.49010335000002],[109.0357693,0.487802720000042],[109.03468027,0.487156110000046],[109.03403222,0.486771330000059],[109.0338816,0.486681900000064],[109.03146522,0.483802800000031],[109.03110906,0.483378440000021],[109.02762862,0.480959840000015],[109.02515103,0.479898010000056],[109.02240798,0.477744860000031],[109.02057928,0.476624050000045],[109.0149162,0.475621210000035],[109.01078687,0.474913330000042],[109.00689351,0.474913330000042],[109.00417995,0.474913330000042],[109.00146639,0.474972320000058],[108.99770121,0.474986010000055],[108.99335522,0.475001810000034],[108.991365942,0.475001810000034],[108.989365306,0.473614866000047],[108.983383515,0.46946798000005],[108.983153655,0.469174711000047],[108.982836652,0.468956830000011],[108.981638069,0.46813302500004],[108.979242732,0.466486673000014],[108.978771899,0.466163062000012],[108.97684033,0.464835464000028],[108.976766126,0.464784463000055],[108.976533457,0.464624546000047],[108.97554406,0.463944518000062],[108.97376925,0.462724663000072],[108.973390644,0.462464441000068],[108.972482951,0.462141010000032],[108.972433585,0.461691230000047],[108.972398053,0.461688861000026],[108.972413675,0.461711694000027],[108.970311606,0.461681771000032],[108.968273893,0.461652764000054],[108.961661154,0.461558633000037],[108.959527032,0.461528254000031],[108.959529443,0.461542722000042],[108.959331238,0.461508745000046],[108.959300015,0.462663995000069],[108.959309082,0.462663821000034],[108.959298674,0.462955271000051],[108.9591504,0.467107040000017],[108.959137732,0.467461741000023],[108.958219695,0.467645349000057],[108.958209935,0.46772733100004],[108.956429451,0.468088992000045],[108.956333881,0.468133443000044],[108.956267865,0.468073168000052],[108.94927345,0.46408797800007],[108.948623701,0.463717772000044],[108.94863553,0.463585283000037],[108.947123441,0.464229044000028],[108.947129876,0.464232951000047],[108.945405899,0.465681092000063],[108.943621675,0.466697908000062],[108.943647201,0.466724105000027],[108.944444698,0.467542589000059],[108.944457324,0.467637289000027],[108.944467405,0.467712896000013],[108.944473623,0.467759529000037],[108.950054894,0.473471356000066],[108.952619821,0.476096281000028],[108.953941308,0.477448680000057],[108.953974896,0.477483053000063],[108.954089678,0.477634218000036],[108.954459554,0.478121331000069],[108.95563995,0.479675871000026],[108.956129978,0.480051681000011],[108.956167407,0.480080386000046],[108.956506949,0.480340787000034],[108.956525244,0.480354818000015],[108.956590162,0.480343133000015],[108.956590444,0.480344019000024],[108.95924717,0.482670242000041],[108.959512459,0.482902529000051],[108.959523436,0.482895210000036],[108.959525406,0.482904305000024],[108.95993408,0.483261694000018],[108.963506339,0.486385669000073],[108.963511508,0.486385669000073],[108.963508582,0.486388695000069],[108.963771734,0.486619841000044],[108.964875721,0.485931029000028],[108.96873937,0.488216102000014],[108.980846656,0.495376697000037],[108.9816356,0.495433050000029],[108.98243996,0.49549050000007],[108.98371478,0.49549050000007],[108.98570053,0.49549050000007],[108.98681528,0.49549050000007],[108.98811526,0.49549050000007],[108.988127,0.49549050000007],[108.99130976,0.49549050000007],[108.99852179,0.49549050000007],[108.99978251,0.497381580000016],[109.00403556,0.503761160000061],[109.00738477,0.507883250000007],[109.00986621,0.510937340000049],[109.01000881,0.511112850000073],[109.02587859,0.516100490000036],[109.02841911,0.516898940000026],[109.04217248,0.521221430000023],[109.04460652,0.522303230000028],[109.06698444,0.532248970000063],[109.069470078,0.535873857000075],[109.071842853,0.536451120000034],[109.072413924,0.537307726000045],[109.073365708,0.538354689000067],[109.07450785,0.539401652000035],[109.074409497,0.540991988000023],[109.075972575,0.541369283000048],[109.075972724,0.541369319000066],[109.077643562,0.541772625000018],[109.078025642,0.541369319000066],[109.078609678,0.540752837000068],[109.080590822,0.53833788200005],[109.081323706,0.537311844000041],[109.082438901,0.536085130000061],[109.084223213,0.533297142000031],[109.085784486,0.53117827100004],[109.086872478,0.530498276000056],[109.088460954,0.529505479000023],[109.089067377,0.528739471000056],[109.089790383,0.527826201000035]],[[108.957477857,0.470638703000021],[108.957487195,0.470627088000076],[108.957460464,0.470635619000055],[108.957738768,0.470314155000035],[108.958078373,0.46992188400002],[108.958469986,0.469469539000039],[108.958456499,0.469458984000025],[108.958544062,0.468856984000072],[108.959397807,0.468818675000026],[108.959418716,0.468848675000058],[108.960929389,0.46889462700006],[108.961938416,0.468905946000067],[108.961943644,0.468903768000076],[108.962052331,0.468882732000055],[108.962275026,0.468839629000046],[108.962478131,0.47084929800008],[108.962383152,0.470944277000051],[108.962189508,0.471137921000035],[108.961967752,0.471144443000067],[108.961826057,0.471148610000044],[108.960674856,0.471026359000065],[108.960157628,0.471281203000046],[108.96015695,0.471289789000017],[108.959063974,0.471055580000039],[108.958706779,0.47097903800006],[108.958300969,0.470892079000062],[108.958300014,0.470891874000067],[108.958299478,0.470891759000043],[108.958299436,0.470891705000038],[108.958240557,0.470874447000029],[108.957613343,0.470680580000019],[108.957613032,0.470680484000069],[108.957477857,0.470638703000021]]]]},"properties":{"gid":6462,"luas":39.62416900965372,"kdkab":"04","kdkec":"110","nmkab":"MEMPAWAH","nmkec":"SUNGAI KUNYIT","iddesa":"6104110002","kddesa":"002","kdprov":"61","nmdesa":"SEMPARONG PARIT RADEN","nmprov":"KALIMANTAN BARAT","rw_dki":"","sumber":"BPS","periode":"2023_1"}},{"id":6463,"type":"Feature","geometry":{"type":"MultiPolygon","coordinates":[[[[108.939351518,0.459036105000039],[108.939308514,0.459018710000063],[108.93920159,0.459045927000039],[108.939195997,0.459045554000051],[108.939183488,0.459038049000067],[108.939104297,0.45900565300002],[108.938899119,0.458886866000054],[108.938679542,0.458742881000028],[108.938175596,0.45841171700005],[108.937999215,0.458325326000022],[108.937797637,0.458210138000025],[108.937606858,0.458080552000076],[108.937484471,0.457983363000037],[108.937358484,0.457911370000032],[108.936768148,0.457483016000026],[108.936756168,0.457482135000015],[108.936665292,0.45757659800006],[108.936344025,0.457452892000046],[108.936325742,0.457445852000035],[108.936315127,0.457430313000021],[108.936271102,0.457402920000052],[108.936266776,0.457396749000046],[108.935672011,0.457038001000051],[108.935651946,0.457041916000044],[108.935734457,0.456702354000064],[108.935219375,0.456346342000071],[108.935219277,0.456331581000026],[108.935163878,0.456300958000039],[108.934541705,0.455957044000057],[108.934442605,0.455902265000022],[108.934337228,0.456194980000018],[108.934350573,0.456233535000017],[108.934222093,0.45641939600005],[108.934185298,0.456416943000021],[108.934164525,0.456489647000069],[108.933821072,0.456926769000064],[108.933290281,0.457395114000063],[108.933196612,0.457426337000064],[108.932572152,0.457925905000024],[108.932228699,0.458425473000031],[108.932072584,0.458706480000039],[108.931666685,0.459018710000063],[108.931292009,0.459549501000027],[108.930979779,0.459955400000064],[108.930761218,0.460298853000036],[108.93057388,0.460454968000013],[108.930324096,0.46067352900008],[108.930097774,0.460760576000043],[108.929918197,0.46082964400005],[108.92963719,0.461266766000045],[108.929137622,0.461547773000051],[108.928575609,0.461953672000041],[108.928200933,0.462297125000013],[108.92816971,0.462297125000013],[108.927795034,0.462671801000059],[108.927358802,0.462983395000042],[108.927447738,0.463019348000042],[108.927592084,0.463077700000033],[108.928133039,0.463058241000058],[108.931471344,0.466597649000043],[108.931643268,0.466644928000046],[108.931896217,0.466908354000053],[108.93315964,0.468224108000062],[108.934281612,0.46939255200004],[108.934281325,0.469392911000044],[108.93676132,0.472085912000063],[108.939582822,0.475149752000044],[108.941167616,0.476870663000057],[108.941424572,0.47702834000006],[108.941509736,0.477049992000049],[108.943630662,0.47907451300006],[108.946308012,0.481630165000062],[108.946904324,0.482199372000022],[108.946970323,0.482136846000055],[108.94808815,0.483132728000046],[108.948222193,0.483252148000019],[108.948853923,0.483814963000042],[108.950543528,0.48532024700005],[108.952310995,0.486894900000027],[108.952996509,0.487069553000017],[108.953472493,0.486785988000065],[108.954455585,0.487489793000067],[108.95469774,0.487663154000072],[108.958798802,0.490599141000074],[108.958807277,0.490553939000048],[108.958853274,0.490513075000027],[108.958876584,0.490492366000068],[108.958924935,0.490449411000038],[108.960506302,0.48904450600002],[108.961297364,0.488341716000033],[108.961298868,0.488346013000058],[108.963475116,0.486401280000054],[108.963477138,0.486421216000052],[108.963508582,0.486388695000069],[108.963511508,0.486385669000073],[108.963506339,0.486385669000073],[108.95993408,0.483261694000018],[108.959525406,0.482904305000024],[108.959523436,0.482895210000036],[108.959512459,0.482902529000051],[108.95924717,0.482670242000041],[108.956590444,0.480344019000024],[108.956590162,0.480343133000015],[108.956525244,0.480354818000015],[108.956506949,0.480340787000034],[108.956167407,0.480080386000046],[108.956129978,0.480051681000011],[108.95563995,0.479675871000026],[108.954459554,0.478121331000069],[108.954089678,0.477634218000036],[108.953974896,0.477483053000063],[108.953941308,0.477448680000057],[108.952619821,0.476096281000028],[108.950054894,0.473471356000066],[108.944473623,0.467759529000037],[108.944467405,0.467712896000013],[108.944457324,0.467637289000027],[108.944444698,0.467542589000059],[108.943647201,0.466724105000027],[108.943621675,0.466697908000062],[108.945405899,0.465681092000063],[108.947129876,0.464232951000047],[108.947123441,0.464229044000028],[108.947114264,0.464232951000047],[108.946833257,0.464092448000017],[108.946834866,0.464053838000043],[108.944750827,0.462788529000023],[108.944840767,0.462563677000049],[108.944921312,0.461274954000024],[108.944897431,0.461266766000045],[108.944860802,0.461264579000033],[108.942181392,0.460180773000048],[108.94142621,0.459875306000065],[108.940753218,0.459603085000015],[108.939811052,0.459221984000068],[108.939419849,0.459063744000044],[108.939351518,0.459036105000039]]],[[[108.961943644,0.468903768000076],[108.961938416,0.468905946000067],[108.960929389,0.46889462700006],[108.959418716,0.468848675000058],[108.959397807,0.468818675000026],[108.958544062,0.468856984000072],[108.958456499,0.469458984000025],[108.958469986,0.469469539000039],[108.958078373,0.46992188400002],[108.957738768,0.470314155000035],[108.957460464,0.470635619000055],[108.957487195,0.470627088000076],[108.957477857,0.470638703000021],[108.957613032,0.470680484000069],[108.957613343,0.470680580000019],[108.958240557,0.470874447000029],[108.958299436,0.470891705000038],[108.958299478,0.470891759000043],[108.958300014,0.470891874000067],[108.958300969,0.470892079000062],[108.958706779,0.47097903800006],[108.959063974,0.471055580000039],[108.96015695,0.471289789000017],[108.960157628,0.471281203000046],[108.960674856,0.471026359000065],[108.961826057,0.471148610000044],[108.961967752,0.471144443000067],[108.962189508,0.471137921000035],[108.962383152,0.470944277000051],[108.962478131,0.47084929800008],[108.962275026,0.468839629000046],[108.962052331,0.468882732000055],[108.961943644,0.468903768000076]]]]},"properties":{"gid":6463,"luas":4.824771446626352,"kdkab":"04","kdkec":"110","nmkab":"MEMPAWAH","nmkec":"SUNGAI KUNYIT","iddesa":"6104110003","kddesa":"003","kdprov":"61","nmdesa":"MENDALOK","nmprov":"KALIMANTAN BARAT","rw_dki":"","sumber":"BPS","periode":"2023_1"}},{"id":6464,"type":"Feature","geometry":{"type":"MultiPolygon","coordinates":[[[[108.92671833,0.463794400000041],[108.92663011,0.463857280000072],[108.92639669,0.464053290000044],[108.9262717,0.464188290000041],[108.92616876,0.464301110000056],[108.92604928,0.46442685000005],[108.92587508,0.464559040000035],[108.92572629,0.464677050000024],[108.92565244,0.464746990000028],[108.9256318,0.464771030000068],[108.9256155,0.464798350000029],[108.92561332,0.464851910000047],[108.92560353,0.464895630000056],[108.92555356,0.464968860000049],[108.92541236,0.465126220000055],[108.92535155,0.465168830000039],[108.92530811,0.465195060000029],[108.92526576,0.465208160000026],[108.92524947,0.465197230000049],[108.92523427,0.46518847000004],[108.92522125,0.465179720000041],[108.92520821,0.465177530000052],[108.92517346,0.465184090000034],[108.92511048,0.46521358000007],[108.92486287,0.465382940000032],[108.92474013,0.465492210000038],[108.92465651,0.465575260000029],[108.92454681,0.465663770000042],[108.9244078,0.46574571000002],[108.924391143,0.465753367000051],[108.92424382,0.465821090000008],[108.924113111,0.465891883000041],[108.92388378,0.466159435000057],[108.92350942,0.466591389000034],[108.922933482,0.467037741000065],[108.922659912,0.467239319000028],[108.922357544,0.467455296000014],[108.921752809,0.467959242000059],[108.921392848,0.46833360200002],[108.921137903,0.468453576000055],[108.9209033,0.468563977000025],[108.920658526,0.46879435200004],[108.920082588,0.469111118000057],[108.919751424,0.469341494000044],[108.918985261,0.469720172000048],[108.918498758,0.469960627000028],[108.918124398,0.470219799000062],[108.91800419,0.470283243000027],[108.917606054,0.470493370000045],[108.916886131,0.47081013600006],[108.916410982,0.47112690200003],[108.915676661,0.471400473000072],[108.91392005,0.472019606000055],[108.913790463,0.472134794000057],[108.912897759,0.472465958000033],[108.912437009,0.47276832600005],[108.912234417,0.472948408000034],[108.911529906,0.473574639000043],[108.911155546,0.474236968000068],[108.910968366,0.475043282000048],[108.910608405,0.475863994000064],[108.910334834,0.476598315000047],[108.910205248,0.477275042000033],[108.909989271,0.477980566000045],[108.909845287,0.478354926000055],[108.909789799,0.478521390000018],[108.909772139,0.478527604000013],[108.909744237,0.478853120000044],[108.909706961,0.479011545000039],[108.909494453,0.479914702000025],[108.908963662,0.481631967000053],[108.908924938,0.482154741000039],[108.912578632,0.482293930000028],[108.912621632,0.482272039000063],[108.916090772,0.482693002000076],[108.921962859,0.483405550000031],[108.922467442,0.483466779000027],[108.922454564,0.483657188000039],[108.922308567,0.485815849000063],[108.924332542,0.486111661000041],[108.92436142,0.486101469000057],[108.924375139,0.486108565000053],[108.924680282,0.486134571000036],[108.924788704,0.486143812000019],[108.924775811,0.486514482000072],[108.924790796,0.486518367000035],[108.924917765,0.486666497000037],[108.925227786,0.486755075000068],[108.925903297,0.486941918000066],[108.926557736,0.486899967000056],[108.929307291,0.486723714000042],[108.931364185,0.486591862000054],[108.933810076,0.486435074000036],[108.933827508,0.486434864000047],[108.935950565,0.486409233000071],[108.938509187,0.486378344000045],[108.938524268,0.486371832000029],[108.938548763,0.486361254000024],[108.93937417,0.486336798000016],[108.939375411,0.486313841000018],[108.940872641,0.486238979000063],[108.940887298,0.486358582000038],[108.945552548,0.486293937000027],[108.947496496,0.486267],[108.949725272,0.486236116000041],[108.952310995,0.486894900000027],[108.950543528,0.48532024700005],[108.948853923,0.483814963000042],[108.948222193,0.483252148000019],[108.94808815,0.483132728000046],[108.946970323,0.482136846000055],[108.946904324,0.482199372000022],[108.946308012,0.481630165000062],[108.943630662,0.47907451300006],[108.941509736,0.477049992000049],[108.941424572,0.47702834000006],[108.941167616,0.476870663000057],[108.939582822,0.475149752000044],[108.93676132,0.472085912000063],[108.934281325,0.469392911000044],[108.934281612,0.46939255200004],[108.93315964,0.468224108000062],[108.931896217,0.466908354000053],[108.931643268,0.466644928000046],[108.931471344,0.466597649000043],[108.928133039,0.463058241000058],[108.927592084,0.463077700000033],[108.927447738,0.463019348000042],[108.926780526,0.463672363000052],[108.926764489,0.463772593000036],[108.92671833,0.463794400000041]]]]},"properties":{"gid":6464,"luas":6.615070552399643,"kdkab":"04","kdkec":"110","nmkab":"MEMPAWAH","nmkec":"SUNGAI KUNYIT","iddesa":"6104110004","kddesa":"004","kdprov":"61","nmdesa":"SUNGAI DUNGUN","nmprov":"KALIMANTAN BARAT","rw_dki":"","sumber":"BPS","periode":"2023_1"}},{"id":6465,"type":"Feature","geometry":{"type":"MultiPolygon","coordinates":[[[[108.95093581,0.377012913000043],[108.949682906,0.37662726800004],[108.949531189,0.376580569000054],[108.947626859,0.375994413000052],[108.947617315,0.37598455100004],[108.946866647,0.37606126200006],[108.9449802,0.376104712000022],[108.94497248,0.376102683000052],[108.944962096,0.376111953000017],[108.942944756,0.376925065000021],[108.942859131,0.377002280000055],[108.941924833,0.377389499000051],[108.941944937,0.377414764000043],[108.942055874,0.377554185000058],[108.942104125,0.377769121000028],[108.942168918,0.377992297000044],[108.942262508,0.378309063000079],[108.942320102,0.378525040000047],[108.942392094,0.378741017000038],[108.942435289,0.378906599000056],[108.942478485,0.379136974000054],[108.942536078,0.379302557000071],[108.942579274,0.379410545000035],[108.942636868,0.379511334000015],[108.942636868,0.379590526000066],[108.942636427,0.379592289000077],[108.942680063,0.379655319000047],[108.942683913,0.379657096000068],[108.942717859,0.379775906000022],[108.94289064,0.380150266000041],[108.942923177,0.380215339000063],[108.942946889,0.380262763000067],[108.942946889,0.380413492000059],[108.942922537,0.380424561000032],[108.943004028,0.380526425000023],[108.94317681,0.381476723000051],[108.943407185,0.382081458000077],[108.943424266,0.382154053000021],[108.943522373,0.382571006000024],[108.943896732,0.384126039000016],[108.944242295,0.385450697000065],[108.944348209,0.385903238000022],[108.944559061,0.386804151000035],[108.944904624,0.388042419000038],[108.945019812,0.389511061000054],[108.945019812,0.389683842000066],[108.945065699,0.390070601000044],[108.945422969,0.393081878000028],[108.945479613,0.39374272700007],[108.945509359,0.394089770000051],[108.945624547,0.395270443000071],[108.945624547,0.395990366000031],[108.945480562,0.39679667900003],[108.945365375,0.397343820000064],[108.945380811,0.397583076000044],[108.945422969,0.398236525000069],[108.945422969,0.399042838000066],[108.945451766,0.399474792000027],[108.945451766,0.400338699000025],[108.945451766,0.40074185600002],[108.945422969,0.401432982000067],[108.945394172,0.401836138000017],[108.945394172,0.402124107000011],[108.945451766,0.402469670000071],[108.945466678,0.402603884000032],[108.94547151,0.402604720000046],[108.94549689,0.402661220000021],[108.9455089,0.402723110000066],[108.94551155,0.402807880000073],[108.945513376,0.402855161000054],[108.9455142,0.402876490000037],[108.9455142,0.402877175000068],[108.945642003,0.402889644000014],[108.945638977,0.402882685000061],[108.945786958,0.402888322000021],[108.948917392,0.403007577000043],[108.948917392,0.403036570000033],[108.948948615,0.403038800000045],[108.949001923,0.403032708000056],[108.949034425,0.40302899400007],[108.949221817,0.403007577000043],[108.949228707,0.403059256000059],[108.952270783,0.40126624500004],[108.952309887,0.401243197000037],[108.952713874,0.401209531000056],[108.953559175,0.401139089000015],[108.955075568,0.401012723000055],[108.955074341,0.401036890000054],[108.955114086,0.401038928000051],[108.955150649,0.401040803000063],[108.955229815,0.40130469000007],[108.957850587,0.401684054000048],[108.96105835,0.40214838600002],[108.962197108,0.402313224000065],[108.965939523,0.40285494900008],[108.967221916,0.403040579000053],[108.968652499,0.403247659000042],[108.970080048,0.40345430100007],[108.97014025,0.40342225800003],[108.971326724,0.403953049000047],[108.971482293,0.404028055000022],[108.971502538,0.404037816000021],[108.972447798,0.403913042000051],[108.973505593,0.403773413000074],[108.973507056,0.403793272000023],[108.973521654,0.403781443000068],[108.974070476,0.403966961000036],[108.974091808,0.403974172000057],[108.97409333,0.403992675000042],[108.974107869,0.403974172000057],[108.976870306,0.404977964000062],[108.976878337,0.405170693000043],[108.976813226,0.405198907000049],[108.976811135,0.405215336000025],[108.97678935,0.405386508000047],[108.976660629,0.406397885000033],[108.976650668,0.406440282000061],[108.976645907,0.40646054700005],[108.976603411,0.406450889000036],[108.976146957,0.408415026000054],[108.975565529,0.410812297000057],[108.975259574,0.41207377100005],[108.975253004,0.412100862000042],[108.975455977,0.412103605000032],[108.976364395,0.411988454000023],[108.976352327,0.412115718000036],[108.976316143,0.412497290000034],[108.97601106,0.41571453300002],[108.975915027,0.415753819000022],[108.975699787,0.417060635000029],[108.975734013,0.417067645000026],[108.9757325,0.41707823600007],[108.9755453,0.418388637000012],[108.975508084,0.418381668000051],[108.975047419,0.423560178000051],[108.975035875,0.423561415000052],[108.973744152,0.423699814000028],[108.973698321,0.423704724000059],[108.973684454,0.42368095100005],[108.973668449,0.423842099000064],[108.973980679,0.42393576800003],[108.974115498,0.423946139000064],[108.97408186,0.424044951000036],[108.97442368,0.424105001000039],[108.976188112,0.424414969000043],[108.9764151,0.424454845000067],[108.976320844,0.424672813000023],[108.977076185,0.424816687000031],[108.978292268,0.425048322000068],[108.978889205,0.425162024000034],[108.979125081,0.425024430000066],[108.97913405,0.42502714300002],[108.979194735,0.425045498000032],[108.980239588,0.425361534000043],[108.982086072,0.425920038000072],[108.982113311,0.425928277000011],[108.985990082,0.427100881000046],[108.990111455,0.428347469000072],[108.991815177,0.428862793000067],[108.994430043,0.429653709000037],[108.99641774,0.431184901000039],[108.997138105,0.43173982300004],[108.998131522,0.432056148000072],[109.002082951,0.433314366000051],[109.023158081,0.440025131000025],[109.044651592,0.442998542000056],[109.044806461,0.443151318000045],[109.048453907,0.443848021000061],[109.049119005,0.443975062000036],[109.050634908,0.442386973000043],[109.061624053,0.437783412000038],[109.065385408,0.437211686000074],[109.080186798,0.434961875000046],[109.080702761,0.43516203300003],[109.086572382,0.430506817000033],[109.086624595,0.430495869000023],[109.086663942,0.430412635000038],[109.089908648,0.426364060000031],[109.089977853,0.426262914000052],[109.09018314,0.42594032100003],[109.090189005,0.425881668000036],[109.090352427,0.425955950000057],[109.09044708,0.425793688000054],[109.089948527,0.42508984800003],[109.089916826,0.425070552000011],[109.089948527,0.425001868000043],[109.09000718,0.424620622000014],[109.090036507,0.424268702000057],[109.0899192,0.423858129000055],[109.0899192,0.423330249000057],[109.089948527,0.422949003000041],[109.08965526,0.422685063000069],[109.089156707,0.422450450000043],[109.088599501,0.422626410000018],[109.087983641,0.422802370000053],[109.087602395,0.422802370000053],[109.087074515,0.42274371600006],[109.086758439,0.42291931400007],[109.086722595,0.42283169600006],[109.086517309,0.42274371600006],[109.086341349,0.422714390000062],[109.085989429,0.422773043000066],[109.085666836,0.422890350000043],[109.085344243,0.423066310000027],[109.084640403,0.423359576000055],[109.084279405,0.423424371000064],[109.084181377,0.423110682000065],[109.083936564,0.422890350000043],[109.083995217,0.422391797000042],[109.084816363,0.422186510000072],[109.085725489,0.421834590000049],[109.085989429,0.421717284000068],[109.086487982,0.421629304000009],[109.086670955,0.421603165000016],[109.086634615,0.421130751000012],[109.086458656,0.42036825800005],[109.085995762,0.42031682500005],[109.085930776,0.42030960400007],[109.08475771,0.42036825800005],[109.083643297,0.420016338000036],[109.082763498,0.419840378000052],[109.082059658,0.419781725000062],[109.081355819,0.419781725000062],[109.079889486,0.419605765000027],[109.07889238,0.419136538000019],[109.077919644,0.419525633000041],[109.077572681,0.419048559000029],[109.078159214,0.41816875900001],[109.079214973,0.416233200000019],[109.079625546,0.415118788000024],[109.079625546,0.414884174000067],[109.07950824,0.414297641000076],[109.07810056,0.413535148000038],[109.077103454,0.413359189000051],[109.076106348,0.413183229000024],[109.076223655,0.41236208200006],[109.077220761,0.411658243000026],[109.077514027,0.410719790000034],[109.076282308,0.410426524000047],[109.075226549,0.41083709700007],[109.074229443,0.412244776000021],[109.073232337,0.412479389000039],[109.073056377,0.412127469000033],[109.073877523,0.410133257000044],[109.074288096,0.409370764000074],[109.074522709,0.409077498000042],[109.074640016,0.40749385900005],[109.07399483,0.407141939000029],[109.073584256,0.407083286000047],[109.072000617,0.40731789900001],[109.071120818,0.408784231000016],[109.070768898,0.408666925000031],[109.069654485,0.407200592000035],[109.069361219,0.406203486000037],[109.068950646,0.406379446000071],[109.068481419,0.40696597900005],[109.067660273,0.407435205000066],[109.066311247,0.407200592000035],[109.065842021,0.406379446000071],[109.065314141,0.405499646000069],[109.065275575,0.405482774000061],[109.065196835,0.405089073000059],[109.064434342,0.40415062100004],[109.063847809,0.402742941000036],[109.064668955,0.402977555000067],[109.065783368,0.402156408000046],[109.065372795,0.401511222000068],[109.064844915,0.400338156000034],[109.064551648,0.398813170000031],[109.064199729,0.398402597000021],[109.063847809,0.399165090000048],[109.063026663,0.40010354300006],[109.062322823,0.399165090000048],[109.061853597,0.39816798400005],[109.060973797,0.397112225000048],[109.060328611,0.396760305000037],[109.059918038,0.396760305000037],[109.058510359,0.39670165200004],[109.057161333,0.395939159000023],[109.056516146,0.395469932000025],[109.055695,0.395176666000051],[109.054756547,0.394883399000033],[109.054815201,0.394179560000055],[109.055108467,0.393886293000037],[109.056340187,0.393417067000023],[109.057044026,0.393065147000062],[109.056340187,0.39253726700003],[109.05604692,0.39253726700003],[109.055225774,0.392830534000029],[109.053114255,0.393534374000061],[109.051589269,0.394355520000036],[109.051354656,0.395176666000051],[109.050826776,0.395939159000023],[109.049888324,0.396173772000048],[109.048304685,0.396115119000052],[109.045899899,0.395176666000051],[109.046134513,0.395939159000023],[109.047424885,0.397112225000048],[109.04741238,0.397493623000067],[109.046941388,0.397043109000031],[109.046960872,0.397257430000012],[109.046917676,0.397617391000036],[109.046874481,0.397818969000062],[109.046644106,0.398078142000033],[109.046485723,0.398164532000061],[109.046208274,0.398186728000031],[109.046125761,0.398193329000036],[109.046096964,0.398164532000061],[109.046062243,0.398143314000037],[109.045837792,0.398006149000024],[109.045679409,0.397862165000048],[109.045492229,0.397674985000033],[109.045377042,0.397545399000021],[109.045291937,0.397573767000038],[109.045260054,0.397547199000022],[109.044756108,0.39720163600004],[109.044309756,0.396942463000065],[109.043935396,0.396784080000022],[109.043474646,0.396539307000062],[109.0429707,0.396294533000054],[109.042538746,0.396121752000045],[109.042121191,0.39593457200004],[109.041804425,0.395718595000047],[109.041430065,0.395430626000066],[109.040911721,0.395200250000064],[109.040479767,0.395070664000051],[109.039774243,0.395085063000057],[109.039299094,0.395085063000057],[109.03905432,0.395128258000057],[109.038622367,0.395617806000063],[109.038478382,0.39593457200004],[109.038291202,0.39619374400006],[109.037960038,0.396409721000055],[109.037686467,0.396524908000055],[109.037211318,0.396712088000068],[109.036851357,0.396884870000063],[109.036491395,0.397057651000062],[109.036045043,0.39720163600004],[109.035713879,0.397360019000073],[109.035497902,0.397633589000062],[109.03532512,0.397806371000048],[109.035109144,0.397993551000065],[109.035035424,0.398030411000031],[109.034993956,0.398108738000076],[109.034936362,0.398209527000066],[109.034849971,0.398641481000018],[109.034878768,0.398828661000028],[109.034993956,0.399044638000022],[109.03523873,0.399131029000033],[109.03561309,0.399174224000033],[109.035915457,0.399131029000033],[109.036548989,0.398929450000024],[109.037326506,0.398828661000028],[109.037758459,0.39879986400006],[109.038176014,0.398771067000034],[109.038636765,0.398857458000064],[109.03886714,0.398958247000039],[109.038956854,0.39906789700007],[109.038996726,0.39911663000004],[109.039111914,0.399217419000025],[109.039140711,0.399361404000033],[109.039140711,0.399562982000019],[109.03905432,0.399574501000072],[109.03905432,0.399577381000024],[109.039011125,0.399663771000054],[109.038967929,0.399807756000024],[109.038910336,0.399966139000062],[109.038838343,0.400038131000035],[109.038751953,0.400124522000057],[109.038651163,0.400239710000045],[109.038575553,0.400253053000028],[109.038463984,0.400398093000033],[109.038017631,0.400657265000058],[109.03765767,0.400772452000063],[109.03719692,0.400844445000075],[109.036851357,0.400858843000031],[109.036405005,0.40091643700002],[109.035987449,0.400930835000051],[109.035569894,0.400858843000031],[109.035137941,0.400772452000063],[109.034633995,0.400714859000058],[109.034187642,0.400657265000058],[109.033798884,0.400527679000047],[109.033251743,0.400599671000062],[109.032503023,0.400786851000016],[109.032301445,0.400830046000067],[109.031984679,0.401132414000076],[109.031826296,0.401377188000028],[109.031595921,0.401650758000063],[109.031178365,0.402025118000027],[109.03094799,0.402212298000056],[109.030660021,0.40248586900003],[109.030156075,0.402773838000029],[109.029637731,0.402889025000039],[109.028629839,0.403033010000052],[109.028226682,0.403133799000041],[109.027607549,0.403335377000073],[109.027074806,0.403349776000016],[109.02657086,0.403277784000062],[109.026182102,0.40310500200007],[109.026052516,0.402961018000045],[109.025908531,0.402845830000048],[109.025623558,0.402496090000048],[109.025584682,0.402501850000017],[109.025303796,0.402543462000033],[109.025015827,0.402370681000029],[109.024396693,0.402111509000061],[109.02423831,0.401996321000064],[109.024065529,0.401837938000024],[109.023518388,0.40146357800006],[109.023273614,0.40110361700004],[109.023057637,0.400628468000033],[109.023014442,0.400110123000042],[109.023014442,0.39970696700004],[109.022928051,0.399159825000031],[109.022913652,0.39878546600004],[109.022611285,0.397791972000043],[109.02238091,0.397446409000042],[109.022121737,0.39710084600006],[109.021804971,0.396683291000035],[109.021430612,0.396222541000042],[109.021272229,0.39587697800004],[109.020984259,0.395243446000047],[109.020581103,0.394825891000028],[109.020134751,0.394321945000051],[109.019918774,0.394091569000067],[109.019674,0.393875593000071],[109.019198851,0.393803600000064],[109.018954077,0.393990780000015],[109.018824491,0.394278749000022],[109.018766897,0.39456671800002],[109.018594116,0.394955477000053],[109.018493327,0.39535863300005],[109.01827735,0.395992165000048],[109.018133365,0.396380924000021],[109.017759006,0.396683291000035],[109.017370247,0.396942463000065],[109.0168807,0.397216034000043],[109.016261566,0.397748777000057],[109.015987996,0.398007949000029],[109.015815214,0.398310317000039],[109.01575762,0.398569489000067],[109.015556042,0.399044638000022],[109.015455253,0.399217419000025],[109.015397659,0.399361404000033],[109.015066495,0.399937342000031],[109.014908112,0.400282905000032],[109.014677736,0.400772452000063],[109.014346572,0.401290797000056],[109.014130595,0.401679555000038],[109.013943415,0.402125907000028],[109.013741837,0.402831431000042],[109.013511461,0.403133799000041],[109.013281086,0.403292182000025],[109.012921125,0.40324898700004],[109.012762742,0.403205791000052],[109.012373984,0.402889025000039],[109.012143608,0.402586658000061],[109.011783647,0.402068313000019],[109.011481279,0.401650758000063],[109.011207709,0.401391586000041],[109.010674966,0.401089218000032],[109.010300606,0.401002828000068],[109.010273574,0.401005832000062],[109.009911848,0.401046023000042],[109.009263917,0.40119000800007],[109.008817565,0.401262000000001],[109.008256025,0.401434781000034],[109.007824072,0.40146357800006],[109.00737772,0.401434781000034],[109.006931368,0.401305195000013],[109.006715391,0.40119000800007],[109.006240242,0.400902039000059],[109.006110656,0.400743656000018],[109.005911273,0.400331598000038],[109.005894679,0.400297303000053],[109.005736296,0.399879748000046],[109.005702793,0.399750523000025],[109.00560334,0.399651070000058],[109.00544934,0.398624366000023],[109.005426919,0.398474893000071],[109.005477124,0.398209527000066],[109.005549116,0.397878363000068],[109.005635507,0.397662386000027],[109.005837085,0.397331222000051],[109.006110656,0.396740885000032],[109.006297836,0.396366525000073],[109.006427422,0.395776189000054],[109.006427422,0.395315438000057],[109.006398625,0.395085063000057],[109.006398625,0.394869086000024],[109.006398625,0.394609914000051],[109.006385545,0.394579394000055],[109.006406304,0.394340661000057],[109.006341031,0.394120366000034],[109.006264778,0.393989646000012],[109.006139453,0.39377480300005],[109.00598107,0.393558827000046],[109.005779491,0.393227662000059],[109.005556793,0.392974596000041],[109.005462725,0.392867701000053],[109.005088365,0.392738115000044],[109.004440435,0.392738115000044],[109.003864497,0.392795708000053],[109.003533332,0.392954091000027],[109.003072582,0.393256459000044],[109.002727019,0.393645217000035],[109.00252544,0.393918788000064],[109.002381456,0.394278749000022],[109.002208674,0.394696305000022],[109.002107885,0.394912281000067],[109.00187751,0.395272243000023],[109.00169033,0.395560212000025],[109.00150315,0.395862579000035],[109.001272775,0.396049759000048],[109.000999204,0.396164947000033],[109.000725634,0.396179345000061],[109.000466461,0.396179345000061],[108.999876125,0.396121752000045],[108.999816199,0.39611575900006],[108.99973214,0.396107353000047],[108.999098608,0.395632204000027],[108.999048214,0.395574610000033],[108.998904229,0.395351434000019],[108.998738647,0.395092262000042],[108.998652256,0.394797094000068],[108.998609061,0.394609914000051],[108.998472275,0.394199558000019],[108.998450678,0.394098769000041],[108.998473686,0.393688455000065],[108.998493873,0.393328451000056],[108.998493873,0.393054881000058],[108.998508272,0.392766912000062],[108.998558666,0.392205372000035],[108.998486674,0.391795016000055],[108.998565865,0.391255074000073],[108.998414682,0.390441561000031],[108.998393084,0.390376768000059],[108.998347104,0.390255549000071],[108.998313892,0.390167990000061],[108.9982419,0.389973611000071],[108.998213103,0.389887221000031],[108.998090716,0.38964244700002],[108.997982728,0.38952725900003],[108.997902932,0.389414215000044],[108.997759008,0.389156145000075],[108.997694759,0.388944122000059],[108.997615567,0.388836133000028],[108.997543575,0.388713747000039],[108.997485981,0.38857696100007],[108.997370794,0.388360984000025],[108.997291602,0.388181004000039],[108.997241208,0.388044218000059],[108.997179005,0.387911699000027],[108.997075625,0.387691456000024],[108.996989235,0.387518675000013],[108.996910043,0.387317096000061],[108.996780457,0.387050725000044],[108.996722863,0.386885143000027],[108.996693616,0.386822150000047],[108.996535683,0.386481986000028],[108.996427695,0.38625161100003],[108.996348503,0.386078829000039],[108.996262113,0.385891649000026],[108.99619732,0.385769263000033],[108.996161323,0.385718868000029],[108.996082132,0.385582083000028],[108.996026192,0.385578353000019],[108.99591655,0.385416500000018],[108.995644115,0.385055708000035],[108.995383807,0.384710976000063],[108.995283018,0.384523796000053],[108.995141627,0.384348741000046],[108.99498065,0.384149436000035],[108.994721478,0.383919061000017],[108.994491103,0.383559100000065],[108.994188735,0.383184740000043],[108.993886368,0.382911169000063],[108.993540805,0.382608802000045],[108.993310429,0.382407223000018],[108.993152046,0.382191247000032],[108.992921671,0.381860082000058],[108.992532913,0.381528918000075],[108.992201748,0.381312941000032],[108.991870584,0.381125761000019],[108.991823662,0.381097608000062],[108.991654607,0.380996175000071],[108.991179458,0.381039370000058],[108.990358746,0.381341738000056],[108.990214762,0.381456925000065],[108.989754011,0.381917676000052],[108.989149276,0.382248840000048],[108.988855481,0.382435149000054],[108.988558939,0.382623200000062],[108.988069392,0.382911169000063],[108.987874945,0.383003276000061],[108.987808524,0.383034738000036],[108.987795821,0.383040755000018],[108.987536649,0.383055154000027],[108.987205485,0.38299756000002],[108.986643945,0.38283917700005],[108.986211991,0.382651997000036],[108.985837631,0.382436020000059],[108.985774056,0.382432674000032],[108.98529049,0.382407223000018],[108.984772146,0.382464817000024],[108.984469778,0.382508013000069],[108.983980231,0.382508013000069],[108.98370666,0.382522411000031],[108.983101925,0.382392825000058],[108.982857151,0.382364028000037],[108.982209221,0.382349630000018],[108.982065383,0.382258097000036],[108.981734072,0.382047262000069],[108.981604486,0.381960871000043],[108.981244524,0.381888879000023],[108.980467008,0.381730496000036],[108.980107046,0.381586511000019],[108.979531108,0.38137053500003],[108.978998365,0.381154558000042],[108.978981186,0.381148391000059],[108.978436826,0.380952979000018],[108.978244344,0.38078188400004],[108.978177653,0.380722604000016],[108.977867352,0.380182950000056],[108.977846489,0.380146666000029],[108.977256152,0.380103471000035],[108.976633153,0.380588026000051],[108.976608222,0.380607417000029],[108.976233862,0.381154558000042],[108.975956346,0.38160552100003],[108.975888299,0.38171609800003],[108.975499541,0.382320833000043],[108.975168376,0.382882372000035],[108.974923603,0.383544701000058],[108.974779618,0.384019850000073],[108.974491649,0.384768570000063],[108.974275672,0.385114133000046],[108.973944508,0.385488493000029],[108.973714132,0.385690071000042],[108.973382968,0.385992439000052],[108.973166991,0.386122025000025],[108.972800054,0.386122025000025],[108.972043912,0.386122025000025],[108.97196472,0.38609682700007],[108.971817136,0.386071630000056],[108.971608358,0.386024835000052],[108.971295192,0.385945644000049],[108.971028821,0.38584845400004],[108.970740852,0.385697270000031],[108.970463681,0.385578483000066],[108.970038927,0.385412901000045],[108.969642969,0.385276115000061],[108.969351401,0.385265317000055],[108.969131824,0.385312112000067],[108.969023836,0.385412901000045],[108.96898424,0.385492092000049],[108.968933846,0.385549686000036],[108.96893254,0.38556274300003],[108.968927161,0.385616536000038],[108.968926646,0.385618079000041],[108.968919447,0.385747665000054],[108.968905049,0.385870052000021],[108.968912248,0.385970841000066],[108.968977041,0.386122025000025],[108.969063432,0.386258810000068],[108.969157022,0.38645318900007],[108.9693586,0.386705162000046],[108.969797753,0.38699313100005],[108.969804952,0.38699313100005],[108.969927339,0.387115518000016],[108.970150515,0.387237905000049],[108.970258503,0.387302698000049],[108.97047448,0.387432284000055],[108.970647262,0.387533073000035],[108.970776848,0.38779224500007],[108.970812844,0.388051418000022],[108.970877637,0.388173804000082],[108.970890549,0.388198110000075],[108.971000024,0.388404180000061],[108.971000024,0.388706547000021],[108.970863238,0.388915325000031],[108.970604066,0.38910250500003],[108.97019371,0.389203294000018],[108.969905741,0.38921769200004],[108.969660967,0.389203294000018],[108.969372998,0.389167298000075],[108.969193018,0.389116903000053],[108.96879706,0.38906650900002],[108.968581083,0.389016114000067],[108.96844273,0.388946938000055],[108.96833631,0.388893727000028],[108.968170727,0.388843333000066],[108.968026743,0.38876414100002],[108.967673981,0.388648954000068],[108.967404882,0.388435184000054],[108.966903663,0.388037019000024],[108.966853269,0.387950628000046],[108.966788476,0.387835441000052],[108.966687687,0.387633862000024],[108.966586897,0.387403487000032],[108.966500507,0.387158713000009],[108.96647171,0.386834748000063],[108.966442988,0.386662421000044],[108.966428514,0.38657557600003],[108.966414116,0.386352400000023],[108.966406917,0.386222814000061],[108.966388199,0.386129224000053],[108.966399717,0.386057232000036],[108.966428514,0.385776462000014],[108.966514905,0.38529411400003],[108.966723683,0.384919754000061],[108.966910863,0.38451659700007],[108.967047648,0.383991053000041],[108.96721323,0.383602295000053],[108.967357215,0.38328552900003],[108.967450805,0.382882372000035],[108.967450805,0.382731189000015],[108.967429207,0.382608802000045],[108.967314019,0.382176848000022],[108.96725206,0.381990970000059],[108.967242027,0.381960871000043],[108.967062046,0.381701699000082],[108.966946859,0.381507320000018],[108.966820779,0.381468526000046],[108.966572499,0.381392132000019],[108.96628453,0.381413730000023],[108.965895772,0.381564914000024],[108.965686994,0.381687301000057],[108.965456619,0.381867281000041],[108.965175849,0.382018465000043],[108.965132653,0.382032864000049],[108.965131666,0.382034267000049],[108.964859083,0.382421622000041],[108.964823087,0.38247201600006],[108.964614309,0.382947165000078],[108.964585512,0.383076752000019],[108.96451352,0.383307127000009],[108.964477524,0.383458311000029],[108.964383934,0.38363829100006],[108.96432634,0.383818272000032],[108.964297543,0.383998253000069],[108.964254348,0.384185433000026],[108.964253429,0.384194010000038],[108.96423275,0.384387011000049],[108.964218352,0.384509398000035],[108.964203953,0.384667781000084],[108.964203953,0.384746972000066],[108.964239949,0.384811765000049],[108.964247148,0.384820164000075],[108.964247148,0.384998945000066],[108.96423275,0.385301313000066],[108.964146359,0.385646876000051],[108.964088765,0.385834056000019],[108.963930382,0.386165220000067],[108.963839775,0.386301131000038],[108.963815195,0.386338002000056],[108.963787103,0.386362582000064],[108.963700007,0.386438791000039],[108.963570421,0.386539580000026],[108.963368843,0.386611572000049],[108.963167264,0.38668356400006],[108.963080874,0.38668356400006],[108.962985084,0.386656196000048],[108.96293149,0.386571976000021],[108.962801904,0.386442390000062],[108.962542731,0.386168820000015],[108.962304157,0.385930245000044],[108.962297958,0.385924046000071],[108.962165047,0.385691452000057],[108.962125176,0.385621678000055],[108.961894801,0.385218522000057],[108.961852833,0.385094171000042],[108.961506043,0.38406664500007],[108.961478109,0.383945601000045],[108.961436839,0.383963012000036],[108.961436839,0.383673711000028],[108.961390005,0.38328342300002],[108.961202667,0.382893136000059],[108.961062163,0.382565295000055],[108.960937533,0.382355391000027],[108.960765545,0.38206572700005],[108.960515761,0.381769108000067],[108.9602972,0.381566159000047],[108.959844466,0.381363209000029],[108.959485402,0.381175871000039],[108.959095114,0.381050979000069],[108.958912886,0.38102613000007],[108.95874147,0.381048985000054],[108.958557019,0.381048985000054],[108.958403309,0.381059233000036],[108.958343856,0.381059233000036],[108.958291182,0.381071976000045],[108.958268925,0.381066338000036],[108.958181625,0.381128695000031],[108.958144211,0.381197287000018],[108.958106797,0.381284587000036],[108.958081854,0.381365651000063],[108.95804444,0.381471658000063],[108.958038689,0.381603943000073],[108.958037147,0.381605140000023],[108.955457244,0.383607960000064],[108.955411778,0.383643256000022],[108.954245341,0.38242318900006],[108.95362591,0.381775279000055],[108.953610935,0.381759615000012],[108.953521711,0.381666289000066],[108.953467612,0.381662872000051],[108.953143128,0.38134565300004],[108.952654575,0.379410982000018],[108.952300583,0.378009173000058],[108.952253821,0.377823997000057],[108.951029147,0.377070352000027],[108.951029984,0.377041900000043],[108.95093581,0.377012913000043]]],[[[108.938736884,0.40133560500004],[108.937649629,0.401229373000029],[108.935449759,0.402038404000051],[108.935076651,0.403022992000046],[108.935416742,0.403822208000067],[108.936670976,0.403794386000061],[108.937747575,0.403421128000047],[108.938985864,0.402287979000049],[108.939300158,0.402005442000071],[108.938736884,0.40133560500004]]]]},"properties":{"gid":6465,"luas":60.80600502491442,"kdkab":"04","kdkec":"100","nmkab":"MEMPAWAH","nmkec":"MEMPAWAH HILIR","iddesa":"6104100012","kddesa":"012","kdprov":"61","nmdesa":"PASIR","nmprov":"KALIMANTAN BARAT","rw_dki":"","sumber":"BPS","periode":"2023_1"}},{"id":6466,"type":"Feature","geometry":{"type":"MultiPolygon","coordinates":[[[[108.924375139,0.486108565000053],[108.92436142,0.486101469000057],[108.924332542,0.486111661000041],[108.922308567,0.485815849000063],[108.922454564,0.483657188000039],[108.922467442,0.483466779000027],[108.921962859,0.483405550000031],[108.916090772,0.482693002000076],[108.912621632,0.482272039000063],[108.912578632,0.482293930000028],[108.908924938,0.482154741000039],[108.908901216,0.482474988000024],[108.908707902,0.482501962000069],[108.908692027,0.482566483000023],[108.908678477,0.482614153000032],[108.908661537,0.482673522000025],[108.908833892,0.482728675000026],[108.908865115,0.483040905000044],[108.908833892,0.483197020000024],[108.908693388,0.483649754000042],[108.908615331,0.483961984000075],[108.908568496,0.484227379000065],[108.908568496,0.484555221000045],[108.908584108,0.484976731000072],[108.908597922,0.485253014000023],[108.908599719,0.485288961000033],[108.908599719,0.485554357000068],[108.908584108,0.485694860000017],[108.908568496,0.485850975000067],[108.908537273,0.486210040000061],[108.908537273,0.486522270000017],[108.908537273,0.486756442000063],[108.908537273,0.487053061000039],[108.908591524,0.48747350700006],[108.908599719,0.487537017000021],[108.908584108,0.488411261000065],[108.908584108,0.488661045000071],[108.908537273,0.48889521700005],[108.908521662,0.489223059000039],[108.908521662,0.489566512000066],[108.908599719,0.489988022000031],[108.908724611,0.490456367000029],[108.908802669,0.490971547000064],[108.908802669,0.491033993000023],[108.908802669,0.491112050000019],[108.908740223,0.491689676000024],[108.908740223,0.491939460000018],[108.908755834,0.492079963000031],[108.908755834,0.492173632000054],[108.908802669,0.492704423000022],[108.908819615,0.492950134000068],[108.908833892,0.493157157000039],[108.908910719,0.49343153900002],[108.908943172,0.493547444000052],[108.909005618,0.493812840000022],[108.909005618,0.494156293000052],[108.909005618,0.49459341500005],[108.909036841,0.494733918000067],[108.909099287,0.494921256000063],[108.909161733,0.495139817000054],[108.90916182,0.495140090000066],[108.909271014,0.49548327000002],[108.909282849,0.495873834000059],[108.909470415,0.495863273000058],[108.909808615,0.495781547000037],[108.910631695,0.495798009000058],[108.910825856,0.495801892000025],[108.910991748,0.495805210000075],[108.911091705,0.49580720900001],[108.911252889,0.495887801000032],[108.911619822,0.496071268000029],[108.911628579,0.496075646000064],[108.911653719,0.49608821600002],[108.911882655,0.496095115000058],[108.912000784,0.49609867500004],[108.912019235,0.496100628000009],[108.912189143,0.49611860800007],[108.914557458,0.496369223000051],[108.91733705,0.496308133000068],[108.917334353,0.496232622000027],[108.917396555,0.496188652000057],[108.917410043,0.496088763000043],[108.917451184,0.495551872000011],[108.917573759,0.493952272000056],[108.917703175,0.492263398000029],[108.918340767,0.49232412200007],[108.918343246,0.49230242700002],[108.919727193,0.492272010000008],[108.919733443,0.492271873000052],[108.919963576,0.487827447000033],[108.921034162,0.487854898000016],[108.922378617,0.487889372000027],[108.922761773,0.487899196000054],[108.92328565,0.487912629000051],[108.923315099,0.487885020000017],[108.923361092,0.487937583000082],[108.923994593,0.487896712000055],[108.924002684,0.487859723000041],[108.924098933,0.487869749000012],[108.924315836,0.487892343000053],[108.924726398,0.487935110000028],[108.924769895,0.486684571000069],[108.924775811,0.486514482000072],[108.924788704,0.486143812000019],[108.924680282,0.486134571000036],[108.924375139,0.486108565000053]]]]},"properties":{"gid":6466,"luas":1.961293797043389,"kdkab":"04","kdkec":"110","nmkab":"MEMPAWAH","nmkec":"SUNGAI KUNYIT","iddesa":"6104110005","kddesa":"005","kdprov":"61","nmdesa":"SUNGAI LIMAU","nmprov":"KALIMANTAN BARAT","rw_dki":"","sumber":"BPS","periode":"2023_1"}},{"id":6467,"type":"Feature","geometry":{"type":"MultiPolygon","coordinates":[[[[109.054838885,0.303257044000021],[109.052416407,0.303708693000025],[109.051808833,0.304176057000058],[109.051409442,0.304483281000036],[109.050922684,0.304801545000031],[109.049144631,0.30596411800001],[109.048469764,0.306372591000065],[109.047489607,0.307352748000026],[109.047103962,0.307293419000078],[109.046855341,0.307255169000016],[109.046233589,0.307481739000021],[109.043976748,0.308304148000045],[109.043529663,0.30853833600003],[109.043464459,0.308572490000079],[109.043453011,0.308566246000043],[109.041356723,0.309561320000062],[109.041353465,0.309556529000024],[109.039675839,0.309792676000024],[109.039793036,0.310402103000049],[109.037097407,0.311182737000027],[109.036914446,0.311280317000075],[109.036682695,0.311292514000046],[109.03637776,0.31135350100004],[109.035749657,0.310433779000047],[109.035723918,0.310440709000021],[109.035717037,0.310442561000056],[109.035706797,0.310427771000023],[109.029180491,0.312194560000019],[109.029652364,0.31300830100003],[109.030770461,0.314936447000027],[109.032171005,0.317351670000049],[109.032429044,0.317544458000032],[109.03361562,0.319412216000043],[109.034124267,0.320212864000034],[109.034213391,0.320353152000043],[109.034665337,0.321064549000022],[109.034709055,0.321319144000019],[109.036754901,0.324393442000017],[109.037981626,0.32623684500004],[109.038035972,0.326318511000065],[109.03951082,0.328534769000036],[109.039750677,0.328970200000072],[109.040514527,0.330356882000053],[109.04077499,0.330829723000029],[109.041054223,0.331240360000035],[109.041786384,0.332317067000013],[109.043224549,0.334432015000062],[109.044689354,0.336586141000054],[109.044980526,0.337014335000051],[109.045863051,0.338312166000038],[109.046490332,0.33923463800005],[109.04705632,0.340302712000034],[109.047271808,0.340709358000026],[109.048212137,0.342478453000073],[109.048278884,0.342447786000027],[109.04835904,0.342628137000014],[109.048693301,0.342949027000026],[109.049134525,0.343443733000078],[109.049375193,0.344018661000054],[109.04961586,0.344526737000019],[109.04971534,0.344734739000037],[109.049703341,0.344788416000024],[109.049696083,0.344820887000022],[109.050384462,0.34602051700005],[109.054135065,0.352556657000037],[109.054135065,0.352737636000021],[109.054135065,0.352843144000064],[109.054135065,0.353324479000037],[109.054035395,0.353598573000063],[109.054429215,0.354140075000036],[109.054536178,0.355156228000056],[109.054536178,0.356600234000036],[109.054429215,0.358792984000038],[109.054001361,0.361039216000059],[109.053680471,0.362804113000035],[109.053573507,0.364087674000076],[109.053520025,0.364462046000026],[109.053306099,0.364782936000026],[109.053092172,0.365531680000058],[109.052824763,0.366013016000074],[109.052768243,0.366114752000045],[109.052774384,0.366118086000025],[109.075083902,0.363217849000027],[109.096618265,0.360418382000032],[109.098041307,0.343737160000052],[109.095515604,0.342683443000041],[109.096313662,0.340339148000059],[109.09338808,0.334665292000061],[109.09338808,0.332580430000067],[109.09299173,0.329806030000045],[109.093723541,0.32669584400003],[109.091740487,0.32669584400003],[109.090989358,0.326367225000072],[109.089040136,0.32700072200003],[109.087356309,0.32568523200006],[109.087253889,0.325746684000011],[109.085730029,0.325345668000064],[109.085425542,0.325229247000039],[109.079806679,0.323080858000021],[109.078502478,0.321305696000009],[109.078035233,0.320669723000027],[109.076872312,0.320420526000019],[109.074855093,0.32010201800006],[109.074837507,0.320041442000047],[109.074436535,0.318660317000018],[109.073999538,0.317155104000051],[109.074100609,0.317137678000037],[109.074026076,0.316858179000064],[109.074057414,0.316849709000043],[109.07298203,0.313326111000032],[109.07296006,0.313254124000026],[109.073678727,0.313062005000061],[109.073831088,0.313067865000042],[109.074219846,0.312916681000051],[109.074133456,0.312844689000029],[109.07409026,0.312743900000044],[109.074086047,0.312739950000036],[109.07329602,0.310946713000024],[109.072293603,0.308671387000059],[109.071895047,0.30868671600007],[109.071848225,0.308589326000052],[109.071688868,0.308469808000032],[109.071055336,0.308009058000041],[109.070748969,0.307845662000037],[109.070191429,0.307548307000041],[109.070111514,0.307566749000042],[109.069442709,0.306626806000057],[109.069026182,0.306779533000056],[109.068578802,0.306108462000047],[109.068175645,0.305474930000063],[109.067599707,0.304495835000071],[109.067023769,0.304035084000024],[109.0664434,0.303807984000047],[109.064662422,0.30109779900004],[109.06385341,0.301454717000058],[109.062704232,0.299686751000017],[109.062319451,0.298840232000022],[109.062283527,0.298842192000051],[109.062188969,0.298621555000074],[109.061775304,0.298821255000072],[109.059835483,0.300170696000058],[109.059963728,0.30033203600004],[109.059874559,0.300386910000044],[109.058831323,0.30102890100004],[109.056043864,0.303032387000034],[109.055313869,0.303168488000038],[109.054838885,0.303257044000021]]]]},"properties":{"gid":6467,"luas":32.43873579801314,"kdkab":"04","kdkec":"090","nmkab":"MEMPAWAH","nmkec":"SUNGAI PINYUH","iddesa":"6104090012","kddesa":"012","kdprov":"61","nmdesa":"SUNGAI BAKAU BESAR DARAT","nmprov":"KALIMANTAN BARAT","rw_dki":"","sumber":"BPS","periode":"2023_1"}},{"id":6468,"type":"Feature","geometry":{"type":"MultiPolygon","coordinates":[[[[109.1862448,0.067042210000065],[109.186101319,0.067143017000026],[109.18583823,0.067327860000036],[109.18548249,0.067489850000077],[109.18497851,0.067745640000054],[109.18447454,0.068082450000025],[109.18404256,0.068376610000034],[109.18354802,0.068661290000014],[109.18293297,0.069002060000061],[109.18249403,0.069224440000029],[109.182287013,0.069347579000066],[109.181095619,0.070149406000039],[109.18090752,0.07026412000004],[109.18055751,0.070480730000035],[109.18028783,0.070723320000066],[109.17999806,0.071032350000041],[109.17984846,0.071229560000068],[109.179782237,0.07137075000002],[109.17977879,0.071378100000055],[109.17969682,0.07143585000005],[109.17959026,0.071464730000047],[109.17940993,0.071563750000048],[109.1792214,0.07172465000001],[109.17910254,0.071858740000033],[109.17890991,0.071953630000057],[109.17867835,0.072157860000066],[109.17847547,0.072345580000039],[109.17827259,0.072549810000046],[109.17813939,0.072708650000038],[109.17803488,0.072745780000046],[109.1777562,0.072787030000032],[109.17742422,0.072925240000071],[109.17714347,0.073125330000038],[109.17687502,0.073325430000063],[109.17665166,0.073488390000021],[109.17650206,0.07365136000004],[109.17634017,0.073863850000053],[109.1762623,0.073981430000067],[109.17615164,0.074072200000049],[109.176115427,0.07408332200004],[109.17603074,0.074109330000052],[109.1758709,0.07421247000001],[109.17570901,0.074385750000021],[109.17562714,0.074503710000041],[109.17560449,0.074536340000069],[109.17551023,0.074682810000056],[109.17536268,0.074922110000047],[109.17526021,0.075113970000076],[109.17521533,0.07521428000007],[109.1751393,0.075384210000035],[109.17507987,0.075532750000028],[109.17501633,0.075617330000055],[109.17492617,0.075677150000041],[109.17481346,0.075825680000026],[109.174743871,0.075989119000037],[109.17472738,0.076027850000046],[109.17464951,0.07621558000005],[109.17461877,0.076362040000054],[109.17458597,0.076417740000068],[109.17453679,0.076458999999998],[109.17445131,0.076534460000068],[109.17434229,0.076716400000068],[109.17425429,0.076896773000052],[109.174130947,0.07695084000004],[109.174045203,0.077206076000036],[109.17392474,0.077387970000076],[109.17381909,0.077592710000034],[109.17375173,0.077764210000048],[109.17369494,0.077903800000051],[109.17368569,0.078016800000052],[109.17361174,0.078116510000021],[109.17354307,0.07816569000004],[109.17341892,0.078228170000045],[109.17331856,0.078325220000053],[109.173305784,0.078344941000062],[109.173309693,0.078366051000051],[109.173309693,0.078446968000029],[109.1732582,0.078616159000028],[109.173147859,0.078770636000056],[109.173000737,0.079035456000033],[109.172963957,0.079263494000031],[109.172949245,0.07955773800007],[109.172949245,0.079844625000023],[109.172934533,0.08010208900004],[109.172814599,0.08018931300005],[109.172847734,0.080232112000033],[109.17283487,0.080248130000023],[109.17271865,0.080354020000065],[109.17258241,0.080423100000075],[109.17249425,0.08044428000005],[109.17240057,0.080447300000059],[109.172380239,0.080450603000027],[109.17183162,0.080718030000063],[109.17161176,0.080916570000055],[109.17142746,0.081121620000027],[109.17130136,0.08130064000005],[109.1711979,0.081401530000047],[109.17106857,0.081512200000013],[109.17091983,0.081733520000051],[109.17067733,0.082072020000062],[109.17044777,0.082371470000045],[109.17027316,0.082713220000072],[109.17011472,0.083061490000028],[109.16994336,0.083315360000018],[109.16977846,0.08345532000003],[109.16959739,0.083683160000015],[109.16946482,0.083904480000057],[109.16936136,0.084129070000068],[109.16920292,0.084360150000071],[109.16908005,0.084558700000056],[109.16895072,0.084789790000061],[109.16886018,0.084933010000036],[109.16870175,0.085098999999999],[109.16846248,0.08533985000001],[109.16822645,0.085684860000058],[109.16803569,0.085984300000056],[109.16784492,0.086322810000069],[109.167704558,0.086621418000053],[109.16770264,0.086625500000022],[109.16757977,0.086944480000052],[109.16751186,0.08716907000007],[109.16743425,0.087439220000014],[109.16740169,0.087631840000024],[109.16739772,0.087775420000072],[109.16742149,0.087897740000078],[109.16744922,0.087933630000062],[109.16744658,0.087969530000063],[109.1674162,0.088004090000031],[109.16734357,0.088014730000048],[109.16726962,0.088041310000048],[109.16716925,0.088150320000068],[109.16707547,0.08830187000006],[109.16699359,0.088477360000059],[109.16697246,0.088593020000075],[109.16698434,0.088635570000073],[109.16699358,0.088671470000055],[109.16698566,0.088700710000055],[109.16694604,0.088703370000068],[109.16690114,0.088723310000037],[109.16683775,0.088785790000023],[109.16677436,0.088882840000049],[109.16672424,0.088985580000034],[109.16659796,0.089241980000051],[109.166567768,0.089342251000064],[109.16655514,0.089384190000029],[109.16650378,0.089450970000029],[109.16643314,0.089491910000042],[109.166386381,0.089546611000053],[109.166300464,0.089495906000027],[109.166351077,0.089591607000052],[109.16624692,0.089847420000068],[109.16616345,0.090097350000061],[109.16612705,0.090293430000028],[109.16607996,0.090452870000026],[109.16603501,0.090504580000075],[109.16589802,0.090720030000048],[109.16576745,0.090976430000058],[109.16560692,0.091303940000033],[109.16546137,0.091616360000045],[109.16533937,0.091868440000038],[109.16519809,0.092133450000055],[109.1650718,0.092420020000015],[109.16502257,0.09259455000006],[109.16495193,0.09285310000006],[109.16487915,0.093066400000058],[109.16480209,0.093191370000065],[109.16470364,0.09331418000005],[109.164658608,0.093393041000074],[109.16454739,0.093587810000034],[109.16439113,0.093932550000036],[109.16429053,0.094182490000028],[109.16420704,0.094458270000076],[109.16415139,0.094650040000037],[109.16408503,0.094841800000036],[109.16403794,0.09495599000008],[109.16398015,0.095061570000036],[109.16383247,0.095270560000079],[109.16367835,0.095522650000014],[109.1635328,0.095819990000039],[109.16341293,0.096100090000044],[109.16332517,0.096384490000048],[109.16329733,0.096565490000038],[109.16329519,0.09671415000002],[109.16327377,0.096843430000024],[109.16322026,0.096927460000075],[109.16310254,0.097129990000035],[109.16300194,0.097373460000016],[109.16290562,0.097647100000075],[109.16281999,0.097909960000033],[109.16272366,0.098209450000062],[109.16260593,0.098532640000025],[109.1624775,0.09885368000005],[109.16238332,0.099125160000015],[109.16230412,0.099327690000054],[109.162235509,0.099420496000053],[109.16216713,0.099512990000044],[109.16200018,0.099749980000071],[109.16184179,0.100008540000033],[109.16168126,0.100267090000048],[109.16154855,0.100538570000019],[109.16141369,0.100859600000033],[109.16130239,0.101180630000039],[109.16124244,0.101398250000044],[109.16115607,0.101712520000029],[109.16105285,0.102076070000051],[109.16096832,0.102296105000039],[109.16092979,0.102396400000032],[109.16083732,0.102708010000073],[109.1608459,0.103008810000052],[109.16087814,0.103210060000031],[109.16093403,0.103391840000033],[109.16102432,0.103551990000015],[109.16114587,0.103702790000043],[109.16111071,0.103780880000046],[109.16101558,0.103883620000029],[109.16096171,0.103931180000068],[109.161009086,0.103952236000052],[109.161211852,0.104082585000067],[109.161472551,0.104198451000062],[109.1617767,0.104357767000065],[109.162095332,0.104459150000029],[109.162428447,0.104560533000027],[109.162703629,0.104632950000048],[109.162877429,0.104690883000046],[109.163167094,0.104748816000042],[109.163616076,0.10482123200006],[109.163905741,0.104864682000025],[109.16407954,0.104908132000048],[109.164267823,0.104922615000013],[109.164673355,0.104879165000047],[109.164847154,0.104719849000037],[109.164989686,0.104750392000023],[109.164991987,0.104745195000019],[109.165107853,0.10470174500006],[109.165267169,0.104651054000035],[109.165440968,0.104651054000035],[109.165513385,0.104643812000055],[109.165875466,0.104607604000024],[109.166063749,0.104600362000028],[109.166143407,0.10457863700003],[109.166317206,0.104520704000024],[109.16651273,0.104484496000051],[109.166708255,0.104455529000055],[109.166853087,0.10443380500005],[109.166860329,0.10443380500005],[109.166896537,0.104419321000015],[109.167012403,0.104325180000038],[109.167055853,0.104281730000019],[109.167113786,0.104209314000049],[109.167186203,0.104115173000031],[109.167265861,0.103955857000067],[109.16730931,0.103926890000018],[109.16739621,0.103926890000018],[109.167475868,0.103926890000018],[109.167541043,0.103948615000035],[109.167635184,0.103977581000035],[109.167729325,0.104028273000032],[109.167866916,0.104093448000066],[109.168011749,0.104165864000033],[109.168089689,0.104197040000024],[109.168243482,0.103999306000049],[109.168446247,0.103941373000051],[109.168700485,0.103777935000046],[109.168764879,0.103789299000026],[109.16898937,0.103738607000024],[109.169141445,0.103644466000048],[109.169206619,0.103564808000038],[109.169286277,0.103441700000071],[109.169302706,0.103386253000053],[109.169286277,0.103304109000012],[109.169293519,0.103188243000021],[109.169365935,0.10306513500006],[109.169409385,0.103021685000051],[109.169460077,0.103028927000014],[109.169539735,0.103115827000059],[109.169612151,0.103188243000021],[109.169648359,0.103260659000056],[109.169706292,0.103369284000057],[109.169753692,0.103411417000079],[109.169771467,0.103427217000038],[109.169909058,0.103456184000032],[109.170039407,0.103405492000032],[109.170198724,0.103304109000012],[109.170256657,0.103188243000021],[109.170291751,0.103103015000039],[109.170307348,0.10306513500006],[109.170350798,0.103014444000058],[109.170459422,0.102978236000062],[109.170575289,0.102985477000068],[109.170662188,0.103007202000065],[109.170749088,0.103021685000051],[109.170763571,0.103014444000058],[109.171198069,0.102956511000047],[109.171661534,0.102840644000015],[109.172038099,0.102637879000033],[109.172268929,0.102483992000033],[109.172385698,0.102406146000013],[109.172718048,0.102093346000055],[109.172822352,0.102065532000036],[109.172947406,0.102028751000039],[109.173116596,0.101925766000019],[109.173160732,0.101881630000032],[109.173234293,0.101808069000073],[109.173285786,0.101631523000037],[109.173329508,0.101524646000028],[109.173351991,0.101469689000048],[109.173403483,0.101381416000032],[109.173535893,0.101315211000028],[109.173697727,0.101293143000019],[109.173911053,0.101293143000019],[109.174117024,0.101315211000028],[109.174130128,0.101314521000061],[109.17425679,0.101307855000069],[109.174448048,0.101300499000041],[109.17459517,0.101293143000019],[109.174668731,0.101271074000065],[109.174773325,0.101234466000043],[109.174815852,0.101219582000046],[109.174926194,0.101175445000022],[109.17510274,0.101131309000028],[109.175235149,0.101109240000023],[109.175374915,0.101109240000023],[109.175459411,0.101126139000032],[109.175583615,0.10106133700004],[109.175948583,0.100870919000036],[109.176296182,0.100755053000045],[109.176701713,0.100726087000052],[109.177194145,0.100668153000075],[109.177715542,0.100465388000028],[109.178005208,0.100349521000051],[109.178526606,0.100204689000059],[109.178816271,0.100204689000059],[109.179105937,0.100233655000064],[109.179685268,0.100204689000059],[109.180032866,0.100059856000033],[109.180728063,0.099915023000046],[109.181799826,0.099741224000062],[109.18198678,0.099827122000014],[109.182017075,0.099799157000062],[109.18226329,0.099799157000062],[109.18243709,0.099799157000062],[109.182697789,0.099654324000025],[109.183044182,0.099621850000062],[109.183161253,0.099610875000044],[109.183479885,0.099596391000037],[109.183769551,0.099581908000053],[109.184015766,0.099495008000013],[109.184421298,0.099350176000028],[109.184681997,0.09927775900007],[109.184884763,0.099350176000028],[109.185130978,0.099379142000033],[109.18549306,0.099205343000057],[109.185654978,0.099353768000063],[109.185703068,0.099266897000058],[109.186224466,0.099266897000058],[109.18668793,0.099266897000058],[109.186734663,0.099238138000027],[109.18701533,0.099065420000035],[109.187168565,0.099086316000072],[109.187212702,0.099086316000072],[109.187492233,0.099042179000039],[109.187720272,0.098983331000048],[109.18791153,0.098946550000046],[109.187927546,0.098940144000025],[109.188021872,0.098902414000067],[109.188161637,0.098858277000035],[109.188323471,0.098792072000038],[109.188339791,0.098789847000027],[109.188485305,0.098770004000065],[109.188610359,0.098725867000031],[109.188728056,0.098674375000028],[109.188843107,0.098629633000023],[109.188860466,0.098622882000028],[109.188948739,0.098615526000048],[109.188995618,0.098621041000059],[109.189073792,0.098630238000053],[109.189176778,0.098630238000053],[109.189272407,0.098593458000033],[109.189434241,0.098519897000074],[109.18956665,0.098431624000052],[109.189669635,0.09835806300003],[109.189664106,0.098300006000042],[109.189990117,0.098108235000044],[109.189992317,0.09810851000002],[109.190007687,0.098059836000058],[109.190092611,0.098016005000032],[109.190103814,0.097971192000047],[109.190151459,0.097960834000041],[109.190228698,0.097920376000044],[109.190305937,0.097846815000029],[109.190386854,0.097802678000049],[109.190442025,0.097758542000061],[109.190537654,0.09772911700003],[109.190673742,0.097707049000068],[109.190736268,0.097692337000054],[109.190792424,0.097661139000026],[109.190802473,0.097655556000062],[109.190842932,0.097651878000024],[109.190868678,0.097659234000042],[109.190898102,0.097677625000067],[109.190952831,0.097725056000048],[109.190953273,0.097725439000047],[109.191056258,0.097784288000074],[109.191146738,0.09777766700005],[109.191192133,0.097774346000043],[109.191207058,0.097773254000052],[109.191258551,0.097754864000028],[109.191328434,0.097732795000067],[109.191368892,0.097718083000072],[109.191384785,0.097707276000041],[109.191407512,0.097705210000064],[109.191436212,0.097708399000055],[109.191473716,0.097712566000031],[109.191554633,0.097738312000036],[109.191819453,0.097756703000074],[109.191999677,0.097753025000024],[109.192154155,0.097734634000049],[109.192220359,0.09772360000005],[109.192382193,0.097683142000048],[109.192468102,0.097650294000053],[109.192507247,0.097635327000028],[109.19257713,0.097594869000037],[109.1926323,0.097583835000014],[109.192669081,0.097587513000059],[109.192705858,0.097599334000046],[109.192772066,0.097620615000033],[109.192900798,0.097668430000058],[109.193025851,0.097672108000036],[109.193169295,0.097635327000028],[109.193301705,0.097646361000036],[109.193382622,0.097602225000059],[109.19328524,0.097552218000029],[109.193307179,0.097549780000065],[109.193364719,0.097543387000028],[109.193466102,0.097557871000052],[109.193525052,0.09757997700006],[109.193553002,0.097572354000024],[109.193857151,0.097557871000052],[109.194035001,0.097549787000041],[109.194175783,0.097543387000028],[109.194407515,0.097514421000023],[109.194566872,0.097458646000061],[109.194574073,0.097460108000054],[109.194834772,0.097387692000042],[109.194950638,0.097387692000042],[109.195037538,0.097387692000042],[109.195102712,0.097387692000042],[109.19526927,0.097387692000042],[109.195377894,0.097373209000063],[109.195479277,0.097373209000063],[109.195595144,0.097365967000022],[109.195645835,0.097365967000022],[109.195776184,0.097373209000063],[109.195906534,0.097351484000054],[109.196029642,0.097308034000036],[109.196188958,0.097300792000049],[109.196312066,0.097329759000037],[109.196435173,0.097373209000063],[109.196594489,0.097387692000042],[109.196790014,0.097387692000042],[109.196831653,0.097382793000066],[109.196854392,0.097398844000046],[109.196891397,0.09740941700004],[109.196932036,0.097422963000035],[109.196934846,0.097423900000021],[109.196992779,0.097431142000055],[109.197007263,0.097438383000055],[109.197101404,0.097438383000055],[109.197195545,0.097431142000055],[109.197333136,0.097431142000055],[109.197435574,0.097431142000055],[109.197452789,0.09744041100004],[109.19758255,0.097505292000045],[109.197651486,0.097525567000035],[109.197740697,0.097529622000031],[109.197795704,0.097518041000059],[109.197817743,0.09751340200006],[109.197890733,0.09747690600005],[109.197971834,0.097444466000066],[109.197992722,0.097441855000052],[109.198036715,0.097436356000069],[109.198101596,0.097436356000069],[109.198170531,0.097436356000069],[109.198275963,0.097452576000018],[109.198344898,0.097464741000064],[109.198442219,0.09744041100004],[109.198468049,0.097419747000056],[109.198503045,0.097391751000035],[109.19853954,0.097363365000032],[109.198612919,0.097319338000031],[109.198620641,0.09731470500003],[109.198697687,0.097266044000028],[109.198738238,0.097237659000023],[109.198782002,0.097173470000023],[109.198797467,0.097162554000016],[109.198807173,0.097160613000024],[109.198969375,0.097124118000057],[109.199058586,0.097107897000062],[109.199106327,0.097091292000077],[109.199163366,0.097082591000051],[109.199179754,0.097090785000023],[109.19925217,0.097112510000048],[109.199317345,0.097112510000048],[109.199389761,0.097112510000048],[109.199425969,0.097112510000048],[109.199505627,0.097119751000035],[109.199520111,0.097119751000035],[109.199621494,0.097090785000023],[109.199708393,0.097040093000037],[109.199824259,0.096989402000024],[109.199838296,0.096981916000059],[109.19990609,0.096925420000041],[109.199975026,0.096888925000032],[109.199994323,0.096884101000056],[109.200023687,0.096876760000032],[109.200112898,0.096836209000056],[109.200177778,0.096775384000072],[109.200230494,0.096775384000072],[109.200311595,0.096775384000072],[109.200461631,0.096787549000054],[109.200623833,0.096759164000047],[109.200838751,0.096694283000024],[109.200839379,0.096699942000033],[109.200896022,0.096667149000033],[109.200912535,0.096815769000036],[109.200918449,0.096868994000027],[109.200919393,0.096877493000014],[109.200940671,0.096873060000068],[109.201109107,0.096837969000028],[109.201057148,0.096669865000028],[109.204243468,0.095395337000063],[109.204356571,0.095356997000064],[109.205552824,0.094951487000064],[109.206075589,0.09477427900002],[109.206569681,0.094606790000055],[109.207246202,0.094377461000027],[109.207619423,0.09406078900002],[109.207697534,0.093994513000042],[109.208085016,0.093665740000057],[109.208129956,0.093648455000048],[109.208131179,0.093635085000069],[109.208131542,0.093631113000064],[109.208140965,0.093628043000011],[109.207660105,0.093043060000074],[109.203183322,0.087416833000024],[109.202700358,0.086809865000024],[109.200816526,0.084104875000036],[109.200434533,0.083556372000021],[109.200405259,0.083514337000055],[109.200405259,0.083423101000037],[109.200405259,0.083351496000028],[109.199630871,0.082043189000034],[109.196064388,0.076017709000035],[109.196043876,0.076043349000037],[109.196037638,0.076030873000034],[109.195964651,0.07591193100006],[109.195810567,0.075679455000062],[109.195683516,0.07548482300006],[109.195683228,0.075484614000057],[109.195664593,0.075436165000042],[109.195607826,0.07532263000007],[109.195526729,0.075182063000055],[109.195429413,0.075036089000035],[109.195299659,0.074882005000056],[109.195248298,0.074795502000016],[109.195164498,0.07466304500002],[109.195077995,0.074473819000035],[109.195023931,0.074354878000064],[109.194934725,0.074214310000051],[109.194907692,0.074171059000031],[109.194864441,0.074116995000055],[109.194816561,0.074065569000017],[109.194852686,0.074062558000037],[109.194852276,0.074058875000035],[109.194844167,0.074026437000047],[109.194829299,0.073996701000058],[109.194791454,0.073934527000057],[109.194769828,0.073891276000037],[109.194738741,0.073861540000047],[109.194722522,0.073833157000018],[109.194690083,0.07381153100004],[109.194660348,0.073814234000043],[109.194656898,0.07381615100007],[109.194641425,0.07378044400001],[109.194648183,0.073750709000021],[109.194655005,0.073730245000027],[109.194602229,0.073676370000048],[109.194565735,0.073616899000056],[109.194533297,0.073560132000061],[109.1944941,0.073472277000061],[109.194469771,0.073426322000041],[109.194442739,0.07338036800007],[109.194431926,0.073341171000035],[109.194430248,0.07333278200002],[109.19433461,0.073316842000041],[109.194280546,0.07326007400008],[109.194215669,0.07317627500004],[109.194194043,0.073124914000061],[109.194164307,0.073005972000036],[109.194162428,0.072896992000034],[109.194118353,0.072835669000029],[109.194077804,0.072773495000037],[109.194069475,0.072761834000058],[109.194049421,0.072718079000019],[109.193984543,0.072612654000076],[109.193927776,0.072569402000046],[109.193920463,0.072568488000054],[109.193918285,0.072552518000063],[109.193891282,0.07250587700003],[109.193890192,0.072503697000052],[109.193816944,0.07235720000006],[109.193813497,0.072350483000038],[109.193805248,0.072334407000019],[109.193786367,0.072297615000016],[109.193764231,0.072254477000047],[109.193742033,0.07221922100007],[109.193718276,0.072181490000045],[109.193725056,0.072177522000046],[109.193708815,0.072112558000075],[109.193681783,0.072063901000032],[109.193652048,0.072007133000043],[109.193638532,0.071947662000072],[109.193636121,0.07191631900002],[109.193565545,0.071869269000043],[109.193535809,0.071823314000016],[109.193508777,0.071771953000058],[109.193489855,0.07172059200001],[109.193462822,0.071658418000023],[109.193414164,0.071580024000059],[109.193379023,0.071517850000023],[109.193341178,0.071458380000016],[109.193300629,0.071393502000028],[109.193257378,0.071323219000015],[109.193227642,0.071279967000064],[109.19320061,0.07123941900005],[109.19320061,0.071225903000018],[109.193249268,0.071193464000024],[109.193282086,0.071181743000056],[109.193251296,0.071123856000037],[109.19322967,0.071088715000026],[109.193203989,0.071045463000072],[109.193181012,0.071019783000041],[109.193161799,0.07101187100005],[109.193152628,0.070996805000041],[109.193129651,0.070946796000049],[109.193101267,0.070896786000039],[109.193096247,0.070887582000074],[109.193085048,0.070867051000055],[109.193072993,0.070847383000049],[109.193061151,0.070828062000026],[109.193059367,0.070825151000064],[109.193045851,0.070804877000054],[109.19303639,0.07079406400004],[109.19302828,0.070784603000052],[109.193027916,0.070780600000029],[109.193019495,0.070760949000028],[109.192987056,0.070704182000038],[109.192962727,0.070669040000033],[109.192951914,0.070655524000073],[109.192927585,0.070625789000062],[109.192895147,0.070604163000034],[109.192876224,0.070596053000035],[109.192865411,0.070585240000067],[109.192800534,0.070525769000025],[109.192754579,0.070447376000051],[109.192727547,0.070398718000025],[109.192703218,0.070341951000046],[109.192686999,0.070301402000035],[109.192676186,0.070236525000041],[109.192681592,0.070179758000047],[109.192705921,0.070160835000022],[109.192717843,0.070159433000058],[109.192699163,0.070132451000063],[109.192680241,0.070102716000064],[109.192655912,0.070048651000037],[109.19262077,0.070002697000056],[109.192580222,0.06996485200006],[109.192577096,0.069958601000043],[109.19253697,0.069945929000027],[109.192507235,0.069945929000027],[109.192503608,0.069946918000017],[109.19245317,0.069905381000071],[109.192409919,0.069808065000074],[109.192404512,0.069748594000021],[109.192372074,0.069672904000062],[109.192339635,0.069597214000044],[109.192312603,0.069532337000049],[109.19231139,0.06952263100004],[109.192209881,0.069389066000043],[109.192139597,0.069280938000017],[109.192090939,0.069124151000041],[109.192085533,0.068983584000026],[109.192058501,0.068891674000036],[109.191988217,0.068826797000038],[109.191955778,0.068794358000046],[109.19184765,0.06874029400007],[109.191798992,0.068680823000019],[109.191744927,0.068599727000038],[109.191717895,0.068464566000047],[109.191717895,0.068367250000043],[109.191669237,0.068232089000053],[109.191615173,0.068134773000062],[109.191523263,0.068048270000019],[109.191458386,0.06796717400004],[109.191344851,0.067864451000034],[109.191296193,0.06780498100004],[109.191279974,0.067675226000064],[109.191290787,0.067475188000053],[109.191274567,0.06727515000005],[109.191242129,0.067145395000056],[109.191193471,0.067080518000074],[109.191069123,0.067004828000054],[109.190977213,0.066950764000069],[109.190879898,0.066902106000048],[109.190798801,0.066826416000025],[109.190733924,0.066761538000029],[109.190685266,0.06666962900005],[109.190614982,0.066534468000036],[109.190593356,0.066410120000063],[109.190597029,0.066376151000041],[109.190528479,0.066361462000022],[109.190490634,0.066193863000017],[109.190490634,0.066053295000071],[109.190474415,0.065950573000062],[109.190425757,0.065799193000027],[109.190377099,0.065701877000035],[109.190306815,0.065577529000054],[109.190241938,0.065480213000047],[109.190144622,0.065399116000036],[109.190052713,0.06533423900004],[109.190036493,0.065274768000053],[109.189813124,0.065376300000019],[109.18912715,0.064847528000021],[109.189101206,0.064854941000019],[109.188476798,0.065157684000047],[109.188467274,0.065400561000045],[109.18844713,0.065412210000033],[109.188200269,0.06557993400003],[109.188147255,0.065515366000054],[109.187904505,0.06570662400003],[109.187647041,0.065919951000066],[109.18763619,0.065994099000017],[109.18715534,0.066360090000038],[109.18671913,0.066713940000059],[109.186612952,0.066787423000045],[109.1862448,0.067042210000065]]]]},"properties":{"gid":6468,"luas":12.007540119393726,"kdkab":"04","kdkec":"080","nmkab":"MEMPAWAH","nmkec":"SIANTAN","iddesa":"6104080001","kddesa":"001","kdprov":"61","nmdesa":"SUNGAI NIPAH","nmprov":"KALIMANTAN BARAT","rw_dki":"","sumber":"BPS","periode":"2023_1"}},{"id":6469,"type":"Feature","geometry":{"type":"MultiPolygon","coordinates":[[[[109.199324079,0.058418128000021],[109.199274636,0.058427117000052],[109.199207214,0.058428241000053],[109.199156085,0.058396777000047],[109.199115632,0.058380484000052],[109.19905439,0.05837823600006],[109.199034859,0.058368471000045],[109.199002538,0.058363084000065],[109.198979644,0.058341537000047],[109.198902883,0.058337497000027],[109.198839589,0.058364430000042],[109.198815349,0.058422338000067],[109.198824775,0.058488326000035],[109.198824775,0.058508526000027],[109.198807268,0.058523340000012],[109.198787068,0.058527380000031],[109.198754748,0.058520646000027],[109.19870492,0.058491019000028],[109.198492144,0.058403484000045],[109.198389795,0.058426378000035],[109.198342661,0.058480246000045],[109.198331888,0.058551620000054],[109.198330541,0.058658008000065],[109.198321114,0.058676862000026],[109.198306301,0.058687635000063],[109.198271287,0.058691675000025],[109.198183752,0.058663395000044],[109.198061204,0.058672822000048],[109.198011376,0.058697062000026],[109.197957509,0.058746890000056],[109.197922495,0.058807491000031],[109.197869974,0.058862705000018],[109.197569663,0.058998720000023],[109.197340726,0.059141469000046],[109.19721691,0.059204630000064],[109.196267365,0.059736745000063],[109.195259113,0.06035157900004],[109.19381933,0.061301534000053],[109.192423052,0.062445841000043],[109.192231691,0.062607677000064],[109.192120946,0.062735202000051],[109.19205215,0.062844269000039],[109.192005167,0.062961726000028],[109.19198671,0.063163081000016],[109.19196154,0.063267114000036],[109.191832338,0.063377859000063],[109.191691389,0.063473503000062],[109.19104202,0.063991991000022],[109.190936309,0.06411783800007],[109.190867513,0.064288990000026],[109.190790327,0.064453429000027],[109.190625887,0.064638005000062],[109.190307075,0.064836003000031],[109.19021897,0.064973361000057],[109.190186588,0.065067509000077],[109.190177061,0.065069324000037],[109.1900419,0.065117982000064],[109.190020274,0.065215298000049],[109.190036493,0.065274768000053],[109.190052713,0.06533423900004],[109.190144622,0.065399116000036],[109.190241938,0.065480213000047],[109.190306815,0.065577529000054],[109.190377099,0.065701877000035],[109.190425757,0.065799193000027],[109.190474415,0.065950573000062],[109.190490634,0.066053295000071],[109.190490634,0.066193863000017],[109.190528479,0.066361462000022],[109.190597029,0.066376151000041],[109.190593356,0.066410120000063],[109.190614982,0.066534468000036],[109.190685266,0.06666962900005],[109.190733924,0.066761538000029],[109.190798801,0.066826416000025],[109.190879898,0.066902106000048],[109.190977213,0.066950764000069],[109.191069123,0.067004828000054],[109.191193471,0.067080518000074],[109.191242129,0.067145395000056],[109.191274567,0.06727515000005],[109.191290787,0.067475188000053],[109.191279974,0.067675226000064],[109.191296193,0.06780498100004],[109.191344851,0.067864451000034],[109.191458386,0.06796717400004],[109.191523263,0.068048270000019],[109.191615173,0.068134773000062],[109.191669237,0.068232089000053],[109.191717895,0.068367250000043],[109.191717895,0.068464566000047],[109.191744927,0.068599727000038],[109.191798992,0.068680823000019],[109.19184765,0.06874029400007],[109.191955778,0.068794358000046],[109.191988217,0.068826797000038],[109.192058501,0.068891674000036],[109.192085533,0.068983584000026],[109.192090939,0.069124151000041],[109.192139597,0.069280938000017],[109.192209881,0.069389066000043],[109.19231139,0.06952263100004],[109.192312603,0.069532337000049],[109.192339635,0.069597214000044],[109.192372074,0.069672904000062],[109.192404512,0.069748594000021],[109.192409919,0.069808065000074],[109.19245317,0.069905381000071],[109.192503608,0.069946918000017],[109.192507235,0.069945929000027],[109.19253697,0.069945929000027],[109.192577096,0.069958601000043],[109.192580222,0.06996485200006],[109.19262077,0.070002697000056],[109.192655912,0.070048651000037],[109.192680241,0.070102716000064],[109.192699163,0.070132451000063],[109.192717843,0.070159433000058],[109.192705921,0.070160835000022],[109.192681592,0.070179758000047],[109.192676186,0.070236525000041],[109.192686999,0.070301402000035],[109.192703218,0.070341951000046],[109.192727547,0.070398718000025],[109.192754579,0.070447376000051],[109.192800534,0.070525769000025],[109.192865411,0.070585240000067],[109.192876224,0.070596053000035],[109.192895147,0.070604163000034],[109.192927585,0.070625789000062],[109.192951914,0.070655524000073],[109.192962727,0.070669040000033],[109.192987056,0.070704182000038],[109.193019495,0.070760949000028],[109.193027916,0.070780600000029],[109.19302828,0.070784603000052],[109.19303639,0.07079406400004],[109.193045851,0.070804877000054],[109.193059367,0.070825151000064],[109.193061151,0.070828062000026],[109.193072993,0.070847383000049],[109.193085048,0.070867051000055],[109.193096247,0.070887582000074],[109.193101267,0.070896786000039],[109.193129651,0.070946796000049],[109.193152628,0.070996805000041],[109.193161799,0.07101187100005],[109.193181012,0.071019783000041],[109.193203989,0.071045463000072],[109.19322967,0.071088715000026],[109.193251296,0.071123856000037],[109.193282086,0.071181743000056],[109.193249268,0.071193464000024],[109.19320061,0.071225903000018],[109.19320061,0.07123941900005],[109.193227642,0.071279967000064],[109.193257378,0.071323219000015],[109.193300629,0.071393502000028],[109.193341178,0.071458380000016],[109.193379023,0.071517850000023],[109.193414164,0.071580024000059],[109.193462822,0.071658418000023],[109.193489855,0.07172059200001],[109.193508777,0.071771953000058],[109.193535809,0.071823314000016],[109.193565545,0.071869269000043],[109.193636121,0.07191631900002],[109.193638532,0.071947662000072],[109.193652048,0.072007133000043],[109.193681783,0.072063901000032],[109.193708815,0.072112558000075],[109.193725056,0.072177522000046],[109.193718276,0.072181490000045],[109.193742033,0.07221922100007],[109.193764231,0.072254477000047],[109.193786367,0.072297615000016],[109.193805248,0.072334407000019],[109.193813497,0.072350483000038],[109.193816944,0.07235720000006],[109.193890192,0.072503697000052],[109.193891282,0.07250587700003],[109.193918285,0.072552518000063],[109.193920463,0.072568488000054],[109.193927776,0.072569402000046],[109.193984543,0.072612654000076],[109.194049421,0.072718079000019],[109.194069475,0.072761834000058],[109.194077804,0.072773495000037],[109.194118353,0.072835669000029],[109.194162428,0.072896992000034],[109.194164307,0.073005972000036],[109.194194043,0.073124914000061],[109.194215669,0.07317627500004],[109.194280546,0.07326007400008],[109.19433461,0.073316842000041],[109.194430248,0.07333278200002],[109.194431926,0.073341171000035],[109.194442739,0.07338036800007],[109.194469771,0.073426322000041],[109.1944941,0.073472277000061],[109.194533297,0.073560132000061],[109.194565735,0.073616899000056],[109.194602229,0.073676370000048],[109.194655005,0.073730245000027],[109.194648183,0.073750709000021],[109.194641425,0.07378044400001],[109.194656898,0.07381615100007],[109.194660348,0.073814234000043],[109.194690083,0.07381153100004],[109.194722522,0.073833157000018],[109.194738741,0.073861540000047],[109.194769828,0.073891276000037],[109.194791454,0.073934527000057],[109.194829299,0.073996701000058],[109.194844167,0.074026437000047],[109.194852276,0.074058875000035],[109.194852686,0.074062558000037],[109.194816561,0.074065569000017],[109.194864441,0.074116995000055],[109.194907692,0.074171059000031],[109.194934725,0.074214310000051],[109.195023931,0.074354878000064],[109.195077995,0.074473819000035],[109.195164498,0.07466304500002],[109.195248298,0.074795502000016],[109.195299659,0.074882005000056],[109.195429413,0.075036089000035],[109.195526729,0.075182063000055],[109.195607826,0.07532263000007],[109.195664593,0.075436165000042],[109.195683228,0.075484614000057],[109.195683516,0.07548482300006],[109.195810567,0.075679455000062],[109.195964651,0.07591193100006],[109.196037638,0.076030873000034],[109.196043876,0.076043349000037],[109.196064388,0.076017709000035],[109.199630871,0.082043189000034],[109.200405259,0.083351496000028],[109.200405259,0.083423101000037],[109.200405259,0.083514337000055],[109.200434533,0.083556372000021],[109.200816526,0.084104875000036],[109.202700358,0.086809865000024],[109.203183322,0.087416833000024],[109.207660105,0.093043060000074],[109.208140965,0.093628043000011],[109.208131542,0.093631113000064],[109.208131179,0.093635085000069],[109.208129956,0.093648455000048],[109.208085016,0.093665740000057],[109.207697534,0.093994513000042],[109.207619423,0.09406078900002],[109.207246202,0.094377461000027],[109.206569681,0.094606790000055],[109.206075589,0.09477427900002],[109.205552824,0.094951487000064],[109.204356571,0.095356997000064],[109.204243468,0.095395337000063],[109.201057148,0.096669865000028],[109.201109107,0.096837969000028],[109.200940671,0.096873060000068],[109.200911516,0.097208718000044],[109.200883117,0.098600235000037],[109.200862347,0.098706353000076],[109.200903263,0.098756361000021],[109.200136366,0.11239616800003],[109.200148963,0.118826550000046],[109.200149917,0.119313542000032],[109.200286744,0.119411777000032],[109.200321921,0.119331079000053],[109.200611563,0.11912043000006],[109.201138186,0.119041436000034],[109.201444351,0.119137113000023],[109.201464544,0.119143423000014],[109.20147321,0.119133313000008],[109.201477529,0.119128275000032],[109.201664809,0.118909780000019],[109.20182935,0.119044939000038],[109.20199109,0.119017982000058],[109.202670559,0.118835806000052],[109.202929874,0.118788210000053],[109.203474762,0.11863721700007],[109.203750489,0.118597827000031],[109.203813362,0.118593359000049],[109.203886145,0.118570375000033],[109.204091394,0.118568574000047],[109.205093958,0.118500986000071],[109.205113246,0.118500986000071],[109.20515186,0.118498242000044],[109.20515949,0.118497700000035],[109.205160387,0.118488790000073],[109.205707562,0.118473393000042],[109.207480781,0.118394752000028],[109.208343165,0.118320225000041],[109.214557863,0.118224359000063],[109.215139072,0.118215393000071],[109.217764542,0.118174149000029],[109.218443977,0.118281535000045],[109.220042488,0.118534184000055],[109.221936559,0.118833547000054],[109.222031276,0.118617050000063],[109.222142729,0.118362300000061],[109.222466711,0.118377027000062],[109.222780876,0.118327938000046],[109.223016499,0.11835248200003],[109.223237396,0.118485021000017],[109.223492654,0.118543926000029],[109.224022807,0.118617559000025],[109.224074235,0.118624366000055],[109.224476601,0.118597541000038],[109.224985963,0.118740162000049],[109.225077163,0.118765698000053],[109.225200765,0.118800307000071],[109.225508306,0.118813121000066],[109.225608355,0.118848273000026],[109.225770346,0.118931723000055],[109.226040331,0.11892190500003],[109.226123781,0.118907179000068],[109.226353958,0.118829273000073],[109.226671525,0.118829273000073],[109.227188995,0.118897361000044],[109.227881139,0.118975902000041],[109.228146038,0.118962318000052],[109.228662267,0.119003072000058],[109.228679271,0.119005197000028],[109.228848176,0.119049535000043],[109.228937114,0.119032039000044],[109.229147614,0.11899062900005],[109.229334149,0.119010264000054],[109.22969224,0.118981941000073],[109.230573013,0.118912278000038],[109.2306006,0.118917971000036],[109.230639396,0.118907028000018],[109.230863725,0.118843756000049],[109.231103444,0.118830439000021],[109.231124424,0.118829273000073],[109.231645822,0.118771340000032],[109.232225153,0.118727890000059],[109.232305829,0.118734805000032],[109.232316508,0.118774381000039],[109.232662894,0.118765411000022],[109.234718842,0.118712169000041],[109.234992775,0.118671586000066],[109.2350563,0.118685703000049],[109.235175396,0.118712169000041],[109.2353428,0.118717241000056],[109.235535567,0.118788261000014],[109.235610855,0.118779634000014],[109.236022558,0.118732460000049],[109.236162779,0.11878921600004],[109.236286996,0.118804743000042],[109.236367369,0.118814790000046],[109.236526685,0.118829273000073],[109.236815546,0.118779036000032],[109.236967621,0.118838780000031],[109.237011509,0.11887681600006],[109.23726606,0.11890314900006],[109.237467945,0.118815373000069],[109.237699088,0.118809521000057],[109.238032637,0.118949963000029],[109.238334001,0.11900262800003],[109.238451877,0.119010726000054],[109.238481927,0.119017556000075],[109.238551289,0.119017556000075],[109.23871729,0.119028961000019],[109.239018654,0.119163551000039],[109.239258575,0.119184032000009],[109.239396551,0.119180448000061],[109.239613125,0.119174823000026],[109.239709159,0.119172328000046],[109.239954931,0.119159645000018],[109.240177509,0.119103999999997],[109.240393812,0.119087478000032],[109.240434087,0.119089972000037],[109.240728886,0.119108227000023],[109.240915768,0.119178583000054],[109.241091657,0.119306103000047],[109.241291731,0.119405040000057],[109.241599536,0.119486389000026],[109.242201956,0.11949738200002],[109.242691139,0.119417980000038],[109.243118339,0.119348638000018],[109.24519184,0.119012074000064],[109.245680189,0.118843792000053],[109.246423074,0.118499548000036],[109.248808125,0.117394345000042],[109.249475601,0.117355291000012],[109.250104754,0.117294046000038],[109.254111623,0.117072091000062],[109.254990686,0.117023397000026],[109.255029067,0.117033347000069],[109.257555565,0.116631404000022],[109.257592606,0.116642299000037],[109.257938639,0.116542196000076],[109.258154848,0.116479650000028],[109.258200903,0.116410567000055],[109.261553221,0.115380040000045],[109.261598807,0.115366026000053],[109.261287426,0.114954768000072],[109.260909276,0.114455325000055],[109.261276022,0.11414414600006],[109.259835591,0.114026446000014],[109.259841442,0.114044649000042],[109.259723618,0.114032983000069],[109.259723618,0.114017296000036],[109.255118094,0.11364096900007],[109.251839904,0.105905733000036],[109.25069878,0.103213130000032],[109.250022476,0.101617320000056],[109.249144816,0.100248171000033],[109.249087191,0.10015827500006],[109.249025747,0.100175479000024],[109.2489037,0.100209652000049],[109.248498329,0.099421343000063],[109.247815788,0.098094029000028],[109.246226452,0.094741523000041],[109.246025539,0.094076131000066],[109.246015474,0.09407814400003],[109.245962065,0.093865914000034],[109.245448819,0.091826436000018],[109.245376207,0.091537898000059],[109.244859543,0.090415999000064],[109.244771,0.090223734000059],[109.244705547,0.090009991000041],[109.244261947,0.088436276000045],[109.243787294,0.086791360000057],[109.243662169,0.086636943000019],[109.243500986,0.08660375800002],[109.242101873,0.08654283300006],[109.24197686,0.086537389000053],[109.241962153,0.086531277000052],[109.241833494,0.08647780800003],[109.241794344,0.086461538000028],[109.241535978,0.086120210000043],[109.241493155,0.086037570000026],[109.241299868,0.085664563000015],[109.241245409,0.085685897000072],[109.241225096,0.085645270000042],[109.241056699,0.085756711000045],[109.240661601,0.085877564000037],[109.240141003,0.085989121000058],[109.239601811,0.086165753000036],[109.23906262,0.086430700000043],[109.238523429,0.086649166000033],[109.237923811,0.086872279000024],[109.23650087,0.084985177000019],[109.234394255,0.082191389000061],[109.231500936,0.07835427600002],[109.229324602,0.075430755000065],[109.227608546,0.073260448000034],[109.227474639,0.073091096000031],[109.227454657,0.07310241800007],[109.218416278,0.060974972000051],[109.218379143,0.060925146000042],[109.217171064,0.059302354000074],[109.215660485,0.057273217000047],[109.214666397,0.055937875000036],[109.214497626,0.05571116700003],[109.214135411,0.05529841100002],[109.213724273,0.054829904000022],[109.213577106,0.054642601000068],[109.213546877,0.054431002000052],[109.211337661,0.051713047000019],[109.210416246,0.050579448000066],[109.210318409,0.050623187000042],[109.210222875,0.05057714600002],[109.210135397,0.050547220000059],[109.210062883,0.050538012000058],[109.210014541,0.050571391000065],[109.209961594,0.050624338000034],[109.209906345,0.050657717000028],[109.20984419,0.050749799000068],[109.209709521,0.05084878600007],[109.209704917,0.050954680000068],[109.209641611,0.051008777000034],[109.209590967,0.051080141000058],[109.209506942,0.05114920200003],[109.209472412,0.051196393000048],[109.209465506,0.051297683000034],[109.209440183,0.051320703000048],[109.209201923,0.051438107000019],[109.209155882,0.051510621000031],[109.209104087,0.051526735000043],[109.209081066,0.05154169800005],[109.209056895,0.051586588000013],[109.209044234,0.05159349400003],[109.209013156,0.051592343000038],[109.208993589,0.051569323000024],[109.208988985,0.05155320800002],[109.20897172,0.051515225000051],[109.208942944,0.051495658000023],[109.208904961,0.051501413000038],[109.208876185,0.051538245000072],[109.208877336,0.051586588000013],[109.208931434,0.051684424000025],[109.208927981,0.05172240800003],[109.20890381,0.05174888100003],[109.20888194,0.051766146000037],[109.208792161,0.051808734000018],[109.208599941,0.05180758300002],[109.208529729,0.05181448900003],[109.208509011,0.051828301000056],[109.208504407,0.05184671800003],[109.208512464,0.051881248000023],[109.208494048,0.051891607000078],[109.208442252,0.05190081500006],[109.208441101,0.051945705000039],[109.20846297,0.051984840000037],[109.208461819,0.052027427000026],[109.208452611,0.052040088000062],[109.208370889,0.052101092000047],[109.208301828,0.052156341000041],[109.208197085,0.052224251000035],[109.208147592,0.052247271000056],[109.208094645,0.052262235000064],[109.20802098,0.052304822000053],[109.208006017,0.052304822000053],[109.207989902,0.05228870800004],[109.207948466,0.052256480000032],[109.207915086,0.052270292000055],[109.207874801,0.052296765000054],[109.207875952,0.052312879000048],[109.207888613,0.052353165000055],[109.207890915,0.052372732000042],[109.207878254,0.052389997000023],[109.20786214,0.052398055000022],[109.207835666,0.052407263000025],[109.207829156,0.052414207000022],[109.207816136,0.052434606000013],[109.207804417,0.052468893000015],[109.207795775,0.052474299000033],[109.207774862,0.052477436000063],[109.207736172,0.052464888000029],[109.207711076,0.052453385000036],[109.207697482,0.052431426000042],[109.20768598,0.052395873000027],[109.207672386,0.052387508000027],[109.207651473,0.052386462000069],[109.207637879,0.052396919000041],[109.207634742,0.052415741000055],[109.207642062,0.052457568000017],[109.207659838,0.052495212000049],[109.207660884,0.052561089000038],[109.207649382,0.052576774000047],[109.207632651,0.052586185000048],[109.207615445,0.052587129000078],[109.207571871,0.052565342000023],[109.207490168,0.052568065000067],[109.207400296,0.052592576000048],[109.207383955,0.052641597000047],[109.207409338,0.052734280000035],[109.207395877,0.05276569000005],[109.207368953,0.052788126000048],[109.20731062,0.052818415000033],[109.207259017,0.052857678000073],[109.207136741,0.052890210000034],[109.207094112,0.05290815900003],[109.207018952,0.052902550000056],[109.206977445,0.052885723000025],[109.206957253,0.052881236000071],[109.206921355,0.052895819000073],[109.206914624,0.052921620000055],[109.206919111,0.052953031000073],[109.206939304,0.052988929000038],[109.206947156,0.053014730000022],[109.206935938,0.053065211000049],[109.206907893,0.053120179000063],[109.206814784,0.053196462000069],[109.206777764,0.053239090000025],[109.206721674,0.053294058000059],[109.206685777,0.053317616000065],[109.206649879,0.05332771200005],[109.206609494,0.053324347000046],[109.206572475,0.053336687000067],[109.206542186,0.053334443000026],[109.206469269,0.053283962000023],[109.206321912,0.053294186000081],[109.206264563,0.053256946000036],[109.206222855,0.053257691000059],[109.206193809,0.053286738000047],[109.206159548,0.053340363000076],[109.206124543,0.053358982000014],[109.20606645,0.053367175000062],[109.206044106,0.053406649000059],[109.206011335,0.053419310000041],[109.205994205,0.053420055000048],[109.205928664,0.053326957000031],[109.205840034,0.053283759000063],[109.205761087,0.053288972000067],[109.205644155,0.053310571000049],[109.205606171,0.053328446000024],[109.205593509,0.053370899000064],[109.205616598,0.053437930000025],[109.20578343,0.053562310000065],[109.205802795,0.053601783000027],[109.205781941,0.053621148000048],[109.205732785,0.053618169000054],[109.205670967,0.053575716000064],[109.205629259,0.053570502000057],[109.205555525,0.05360774200005],[109.205532437,0.053636044000028],[109.205536161,0.05366658000002],[109.205576379,0.053712757000028],[109.205620322,0.053744038000048],[109.205665009,0.053758934000027],[109.205676926,0.053784256000026],[109.205659051,0.053799152000064],[109.205635217,0.053805111000029],[109.205481046,0.053800642000058],[109.205452744,0.053811814000022],[109.205455998,0.053860618000051],[109.205508056,0.053928945000053],[109.205501946,0.053988739000032],[109.205499368,0.054025698000031],[109.205489054,0.05406093700002],[109.20544436,0.054107350000028],[109.205410839,0.054125400000023],[109.205365285,0.054125400000023],[109.205336922,0.054115945000026],[109.205234641,0.054142590000032],[109.205092824,0.05414173000003],[109.205019766,0.054103053000053],[109.204989684,0.054108210000038],[109.204969915,0.054140011000064],[109.204987965,0.05418470500007],[109.205026642,0.054234556000034],[109.20506446,0.054297300000027],[109.205060163,0.054307614000043],[109.205037816,0.054324804000036],[109.204974213,0.054333399000023],[109.204883106,0.054337697000052],[109.204836693,0.054352308000036],[109.204802313,0.054382391000045],[109.204793718,0.054415052000017],[109.204799734,0.054454589000036],[109.204816924,0.054481233000046],[109.204856461,0.054540539000071],[109.204853023,0.054570621000035],[109.204827238,0.054605861000023],[109.204751602,0.054636803000051],[109.20461752,0.054657431000068],[109.204595173,0.054644538000041],[109.204571107,0.054607580000043],[109.204528991,0.054574059000057],[109.204447339,0.054531944000073],[109.204399207,0.054536241000046],[109.204385455,0.054556010000054],[109.204388893,0.054598125000037],[109.204406942,0.054655712000057],[109.204472264,0.054707282000032],[109.204504066,0.054745959000055],[109.204506644,0.054791513000061],[109.204495471,0.054818157000047],[109.204437884,0.054859413000034],[109.20425567,0.054929893000053],[109.204191208,0.054958256000018],[109.204143935,0.054998653000032],[109.204021026,0.055152503000032],[109.203988365,0.055217825000054],[109.203865318,0.055321964000015],[109.20376118,0.055356107000015],[109.203643384,0.055378301000079],[109.203534124,0.055426102000067],[109.203470958,0.055468781000062],[109.203436815,0.055521704000053],[109.203453886,0.055607063000023],[109.203517052,0.05569071600007],[109.203510224,0.05573851700007],[109.203482909,0.055774368000071],[109.203438522,0.055779489000026],[109.203394135,0.05576241700003],[109.203329262,0.055769246000054],[109.203247317,0.055818754000023],[109.20320293,0.055828998000029],[109.203134643,0.055808511000062],[109.203076598,0.055811926000043],[109.203047576,0.055844362000072],[109.203044162,0.055887042000051],[109.203061234,0.055916064000029],[109.203102206,0.055939965000049],[109.203141472,0.055994595000071],[109.203129521,0.056047517000026],[109.203109035,0.056076539000045],[109.203049284,0.056112390000066],[109.202962217,0.056112390000066],[109.202755648,0.056207993000041],[109.202702725,0.056206286000027],[109.202588343,0.056172142000037],[109.202502984,0.056173849000052],[109.202501277,0.056209700000067],[109.202520056,0.056252380000045],[109.202569564,0.056305302000057],[109.202613951,0.056375297000035],[109.202610537,0.056453827000048],[109.202576393,0.056501629000012],[109.20243299,0.056590402000029],[109.2022691,0.056660397000025],[109.202204227,0.056658690000069],[109.202142768,0.056636496000053],[109.202098381,0.056593817000019],[109.202094967,0.056539187000052],[109.202115453,0.056469192000067],[109.202112039,0.056392369000029],[109.202055702,0.056336032000036],[109.201977171,0.056339446000027],[109.201750115,0.056448706000013],[109.201645977,0.056450413000054],[109.201560618,0.05633773900007],[109.201564032,0.056293352000065],[109.201811574,0.056078247000069],[109.201891812,0.056028738000067],[109.201891812,0.055979230000044],[109.201748408,0.055745346000035],[109.201683535,0.05574193100006],[109.201599883,0.055859727000041],[109.201568923,0.055983954000043],[109.201270903,0.056202926000021],[109.201177317,0.056286517000045],[109.201143699,0.056332856000035],[109.201137339,0.056361022000031],[109.201160962,0.056441887000046],[109.201207301,0.056484591000067],[109.201258183,0.05651094100005],[109.20128544,0.056531839000055],[109.201345408,0.056591806000023],[109.201353585,0.05665722500004],[109.201346317,0.056715376000051],[109.201275446,0.056808053000057],[109.201260908,0.056838036000048],[109.201243645,0.056880740000053],[109.201257274,0.056926170000044],[109.20126636,0.057000675000038],[109.201267268,0.057087901000031],[109.201247279,0.057150594000051],[109.201213661,0.057201476000045],[109.201158237,0.057248723000041],[109.200998323,0.057332314000062],[109.200847496,0.057383195000047],[109.200767539,0.057434986000029],[109.20073483,0.057492227000064],[109.20058985,0.057570667000038],[109.200575793,0.057567717000045],[109.200530637,0.057584023000058],[109.200367574,0.057525070000056],[109.200194477,0.057487440000041],[109.200141795,0.057483677000042],[109.20010542,0.057505001000031],[109.200071553,0.057542631000041],[109.200069044,0.057625416000051],[109.200086605,0.057669318000022],[109.200112946,0.057690641000013],[109.200209529,0.057714474000029],[109.200293569,0.057745832000022],[109.200324927,0.057790988000023],[109.20032757,0.057841334000036],[109.200321109,0.057903253000057],[109.200297418,0.057965710000072],[109.200276958,0.057986170000045],[109.200237115,0.058027628000039],[109.200199425,0.058034090000028],[109.200141692,0.058032906000042],[109.200079631,0.058042087000038],[109.200034261,0.058061913000069],[109.20001909,0.058092815000052],[109.200009539,0.058134392000054],[109.200000549,0.058245077000034],[109.199980323,0.058266428000027],[109.199730298,0.058387788000055],[109.199650515,0.058427117000052],[109.19957916,0.058447906000017],[109.199506119,0.05845183900003],[109.199438697,0.058442849000067],[109.199371837,0.058425432000037],[109.199324079,0.058418128000021]]]]},"properties":{"gid":6469,"luas":31.093375743745572,"kdkab":"04","kdkec":"080","nmkab":"MEMPAWAH","nmkec":"SIANTAN","iddesa":"6104080002","kddesa":"002","kdprov":"61","nmdesa":"JUNGKAT","nmprov":"KALIMANTAN BARAT","rw_dki":"","sumber":"BPS","periode":"2023_1"}},{"id":6470,"type":"Feature","geometry":{"type":"MultiPolygon","coordinates":[[[[108.752532548,0.366472767000052],[108.746665791,0.361394082000059],[108.742988123,0.359117430000026],[108.739573145,0.362532408000056],[108.737208929,0.371901706000071],[108.741236852,0.379081916000071],[108.749555388,0.376805264000031],[108.753495747,0.372514651000075],[108.752532548,0.366472767000052]]],[[[108.792789883,0.399506111000056],[108.788324143,0.397098114000072],[108.78477782,0.397054332000042],[108.781975787,0.398455349000069],[108.779699135,0.399987710000053],[108.777991646,0.40169519900008],[108.777772737,0.40305243400008],[108.777641392,0.403577815000053],[108.778560809,0.410933152000038],[108.787492289,0.411546097000036],[108.794015773,0.406730103000034],[108.7941909,0.40257083500006],[108.792789883,0.399506111000056]]],[[[108.911619822,0.496071268000029],[108.911252889,0.495887801000032],[108.911091705,0.49580720900001],[108.910991748,0.495805210000075],[108.910825856,0.495801892000025],[108.910631695,0.495798009000058],[108.909808615,0.495781547000037],[108.909470415,0.495863273000058],[108.909282849,0.495873834000059],[108.909286625,0.495998450000062],[108.908897391,0.495968749000046],[108.908987362,0.496258257000016],[108.908876201,0.496301012000046],[108.908888532,0.496326291000059],[108.908844744,0.49672038600004],[108.908841697,0.496747802000072],[108.908841697,0.496950751000044],[108.908836059,0.497165023000033],[108.90883241,0.497303690000019],[108.908828151,0.497465518000061],[108.908826086,0.49754398800007],[108.908826086,0.497840607000051],[108.908810474,0.498387009000053],[108.908732417,0.498855354000048],[108.908732417,0.499276865000062],[108.908682813,0.499636494000061],[108.908669971,0.499729598000047],[108.908669971,0.499742981000048],[108.908669971,0.500244778000021],[108.908669971,0.500759957000068],[108.908654359,0.501212691000035],[108.908607525,0.501681036000028],[108.90856069,0.50210254600006],[108.908467021,0.502570891000057],[108.908458496,0.502616930000048],[108.908388964,0.502992402000062],[108.90830522,0.503119214000036],[108.908435798,0.50400714900008],[108.908435798,0.504163264000045],[108.908357741,0.504366213000019],[108.908217237,0.50449110500005],[108.907499109,0.505287292000035],[108.907670835,0.50555268700002],[108.907702058,0.506036644000067],[108.907998676,0.506395708000073],[108.908092345,0.506614269000066],[108.908342129,0.507160672000054],[108.908467021,0.507457290000053],[108.908591913,0.507972470000018],[108.908779251,0.508596930000059],[108.909013424,0.509252613000054],[108.909025489,0.509255026000065],[108.909024799,0.509508184000033],[108.909120508,0.509788929000019],[108.909247596,0.509783404000074],[108.910231121,0.509416534000022],[108.910293567,0.509400922000051],[108.910427356,0.509302289000059],[108.910633587,0.509265124000013],[108.911970105,0.509024268000078],[108.913903802,0.508565425000025],[108.914001298,0.508542290000039],[108.914023058,0.508561330000016],[108.916753398,0.508076405000054],[108.917197791,0.507997478000045],[108.917986689,0.507857364000075],[108.917990076,0.507842123000046],[108.917997747,0.507843098000029],[108.92085852,0.508206786000066],[108.92127275,0.508918562000022],[108.923379606,0.508527289000026],[108.924662906,0.508690433000026],[108.925664171,0.511345473000058],[108.927288014,0.510773522000021],[108.927715993,0.510622779000069],[108.930125662,0.509774044000037],[108.930931918,0.509542564000059],[108.931056482,0.509510069000042],[108.931334933,0.509510069000042],[108.93134007,0.509510069000042],[108.9314554,0.509449491000048],[108.931732123,0.509304142000071],[108.931830848,0.509252286000038],[108.931888277,0.509254413000061],[108.932064658,0.509129477000044],[108.933121017,0.508381223000058],[108.933172343,0.508344867000048],[108.933168766,0.508324513000044],[108.93541286,0.506658974000061],[108.935214721,0.506476077000058],[108.93512022,0.506154773000053],[108.934987918,0.505965770000045],[108.934855616,0.505795668000076],[108.934723314,0.505625566000039],[108.934685514,0.505549965000062],[108.934553212,0.50522866100004],[108.934439811,0.504945157000069],[108.93438311,0.504642753000039],[108.934269709,0.504415950000056],[108.934231908,0.503924544000024],[108.934231908,0.503735541000021],[108.934156307,0.503225234000075],[108.934024005,0.502960631000059],[108.933967305,0.50254482600007],[108.933910604,0.502280222000024],[108.933891704,0.50188331700002],[108.933986205,0.501524212000048],[108.934118507,0.501335210000027],[108.934288609,0.501221808000022],[108.934439811,0.501202908000039],[108.93448887,0.50120617900007],[108.934493465,0.501181482000048],[108.934496511,0.501165107000021],[108.934392801,0.501163850000071],[108.932738766,0.501143801000075],[108.93211998,0.501136301000026],[108.931377971,0.50112730700004],[108.931363222,0.501198099000017],[108.93061442,0.501227657000066],[108.930558975,0.501173202000068],[108.93046342,0.501316535000053],[108.929561364,0.50120585300005],[108.929020539,0.501139494000029],[108.928636013,0.501092313000071],[108.928623948,0.501090833000028],[108.928608375,0.501086041000063],[108.928610228,0.501021201000066],[108.927115375,0.500796169000064],[108.927035559,0.500895938000037],[108.926539006,0.500835011000045],[108.926132595,0.500785145000068],[108.92599093,0.500767763000046],[108.925992045,0.50072647900003],[108.925951901,0.500728734000059],[108.925751168,0.500621412000032],[108.924529978,0.500687304000049],[108.924423574,0.500693045000042],[108.922952639,0.500772412000059],[108.92279859,0.500780724000035],[108.92137776,0.500857387000051],[108.917476577,0.501067882000028],[108.917396799,0.501072187000034],[108.917459245,0.500447727000047],[108.917452898,0.500085951000065],[108.917428022,0.498668016000058],[108.917413445,0.498347320000036],[108.917396799,0.497981110000068],[108.917371059,0.497260384000065],[108.91733705,0.496308133000068],[108.914557458,0.496369223000051],[108.912189143,0.49611860800007],[108.912019235,0.496100628000009],[108.912000784,0.49609867500004],[108.911882655,0.496095115000058],[108.911653719,0.49608821600002],[108.911628579,0.496075646000064],[108.911619822,0.496071268000029]]],[[[108.857915263,0.478773001000036],[108.858177953,0.479648637000015],[108.85835308,0.480874526000036],[108.857214754,0.483063614000052],[108.855813738,0.486040775000047],[108.854500285,0.487529355000044],[108.851960942,0.489105498000074],[108.847582766,0.490506515000049],[108.847407638,0.490594078000064],[108.84819571,0.491995095000048],[108.848370837,0.493045857000027],[108.845831495,0.493921493000069],[108.843467279,0.493921493000069],[108.840665246,0.494884692000023],[108.839089103,0.495847891000036],[108.83777565,0.498387233000065],[108.837863213,0.500138504000066],[108.838563721,0.500926576000028],[108.8410155,0.502327592000023],[108.838651285,0.503903736000042],[108.839702047,0.505830134000068],[108.843029462,0.504954498000067],[108.848370837,0.505129625000061],[108.852223633,0.508719730000048],[108.85239876,0.511872018000015],[108.850735053,0.512835216000034],[108.850297235,0.514849178000014],[108.85388734,0.514323797000027],[108.856076428,0.513097907000021],[108.856952064,0.513885979000057],[108.856776937,0.515724813000016],[108.857214754,0.517476084000056],[108.858615771,0.517651211000033],[108.859491406,0.517213393000011],[108.859491406,0.515286995000042],[108.860629732,0.513798415000057],[108.860542169,0.512484962000025],[108.859316279,0.509595366000045],[108.857827699,0.504954498000067],[108.859053589,0.501101703000073],[108.861242677,0.498212106000028],[108.862731257,0.494797128000068],[108.863344202,0.491382150000042],[108.863869583,0.488667681000037],[108.863081511,0.485427830000048],[108.862643694,0.481399907000024],[108.86106755,0.478422747000018],[108.859228716,0.477109294000054],[108.857827699,0.477021731000026],[108.857915263,0.478773001000036]]]]},"properties":{"gid":6470,"luas":13.896392567013546,"kdkab":"04","kdkec":"110","nmkab":"MEMPAWAH","nmkec":"SUNGAI KUNYIT","iddesa":"6104110006","kddesa":"006","kdprov":"61","nmdesa":"SUNGAI KUNYIT LAUT","nmprov":"KALIMANTAN BARAT","rw_dki":"","sumber":"BPS","periode":"2023_1"}},{"id":6471,"type":"Feature","geometry":{"type":"MultiPolygon","coordinates":[[[[108.945530417,0.40309350000006],[108.945547282,0.40318625500003],[108.945538156,0.403188993000073],[108.945538156,0.403218390000061],[108.945471273,0.403233253000053],[108.94559575,0.40341996800003],[108.945653344,0.403995906000027],[108.945826125,0.404773423000052],[108.94587401,0.405419871000057],[108.945883719,0.405550940000071],[108.945912516,0.406155675000027],[108.946027704,0.406616425000031],[108.946114095,0.407105973000059],[108.946171688,0.407451536000042],[108.94617288,0.407455708000049],[108.946229282,0.407653114000032],[108.946255567,0.409190788000043],[108.94627661,0.410421818000029],[108.946286876,0.411022352000036],[108.946517251,0.411684681000053],[108.946517251,0.412404604000073],[108.946402064,0.413671668000059],[108.946373267,0.41427640300003],[108.946330071,0.415673053000035],[108.946358868,0.41645057000004],[108.946373267,0.417040906000069],[108.946416462,0.417314477000044],[108.946416462,0.417543008000052],[108.94642337,0.417550311000075],[108.94638952,0.417922665000035],[108.946404807,0.41792018600006],[108.946647973,0.417880754000063],[108.946673967,0.417907644000021],[108.946906001,0.417879800000038],[108.946912901,0.41794276300005],[108.948216834,0.418155031000012],[108.949706156,0.418397479000009],[108.953372009,0.418994245000024],[108.955506688,0.419341751000031],[108.956595064,0.419518929000047],[108.958712369,0.420103366000035],[108.95916146,0.420227328000059],[108.961086741,0.420758762000043],[108.962212795,0.421069585000056],[108.962218821,0.421172029000039],[108.962206901,0.421255469000069],[108.963517696,0.421638494000037],[108.963518143,0.421638625000073],[108.966803561,0.422598649000054],[108.967149677,0.422699787000059],[108.967153592,0.422708961000072],[108.967180621,0.422714978000041],[108.967181601,0.422715196000076],[108.969462315,0.423222903000053],[108.96972167,0.423161735000056],[108.969874191,0.42312576300003],[108.969895703,0.423124442000063],[108.970410543,0.423092832000064],[108.972321877,0.423427316000068],[108.973674589,0.423664040000056],[108.973684454,0.42368095100005],[108.973698321,0.423704724000059],[108.973744152,0.423699814000028],[108.975035875,0.423561415000052],[108.975047419,0.423560178000051],[108.975508084,0.418381668000051],[108.9755453,0.418388637000012],[108.9757325,0.41707823600007],[108.975734013,0.417067645000026],[108.975699787,0.417060635000029],[108.975915027,0.415753819000022],[108.97601106,0.41571453300002],[108.976316143,0.412497290000034],[108.976352327,0.412115718000036],[108.976364395,0.411988454000023],[108.975455977,0.412103605000032],[108.975253004,0.412100862000042],[108.975259574,0.41207377100005],[108.975565529,0.410812297000057],[108.976146957,0.408415026000054],[108.976603411,0.406450889000036],[108.976645907,0.40646054700005],[108.976650668,0.406440282000061],[108.976660629,0.406397885000033],[108.97678935,0.405386508000047],[108.976811135,0.405215336000025],[108.976813226,0.405198907000049],[108.976878337,0.405170693000043],[108.976870306,0.404977964000062],[108.974107869,0.403974172000057],[108.97409333,0.403992675000042],[108.974091808,0.403974172000057],[108.974070476,0.403966961000036],[108.973521654,0.403781443000068],[108.973507056,0.403793272000023],[108.973505593,0.403773413000074],[108.972447798,0.403913042000051],[108.971502538,0.404037816000021],[108.971482293,0.404028055000022],[108.971326724,0.403953049000047],[108.97014025,0.40342225800003],[108.970080048,0.40345430100007],[108.968652499,0.403247659000042],[108.967221916,0.403040579000053],[108.965939523,0.40285494900008],[108.962197108,0.402313224000065],[108.96105835,0.40214838600002],[108.957850587,0.401684054000048],[108.955229815,0.40130469000007],[108.955150649,0.401040803000063],[108.955114086,0.401038928000051],[108.955074341,0.401036890000054],[108.955075568,0.401012723000055],[108.953559175,0.401139089000015],[108.952713874,0.401209531000056],[108.952309887,0.401243197000037],[108.952270783,0.40126624500004],[108.949228707,0.403059256000059],[108.949221817,0.403007577000043],[108.949034425,0.40302899400007],[108.949001923,0.403032708000056],[108.948948615,0.403038800000045],[108.948917392,0.403036570000033],[108.948917392,0.403007577000043],[108.945786958,0.402888322000021],[108.945638977,0.402882685000061],[108.945642003,0.402889644000014],[108.9455142,0.402877175000068],[108.9455142,0.402876490000037],[108.945513376,0.402855161000054],[108.945482862,0.40285146200006],[108.945529697,0.403093441000065],[108.945530417,0.40309350000006]]]]},"properties":{"gid":6471,"luas":6.719604523394417,"kdkab":"04","kdkec":"100","nmkab":"MEMPAWAH","nmkec":"MEMPAWAH HILIR","iddesa":"6104100013","kddesa":"013","kdprov":"61","nmdesa":"PENIBUNG","nmprov":"KALIMANTAN BARAT","rw_dki":"","sumber":"BPS","periode":"2023_1"}},{"id":6472,"type":"Feature","geometry":{"type":"MultiPolygon","coordinates":[[[[108.946647973,0.417880754000063],[108.946404807,0.41792018600006],[108.946404807,0.418380994000068],[108.946394535,0.418420372000064],[108.946400167,0.418688826000055],[108.946400167,0.418914171000027],[108.946400167,0.418952890000057],[108.946400167,0.41916991000005],[108.946400167,0.419485477000015],[108.946400167,0.42007948500002],[108.946400167,0.420246549000067],[108.946400167,0.420506428000067],[108.946381604,0.42067349300003],[108.946381604,0.420747744000033],[108.946325916,0.420933371000047],[108.946325916,0.421118998000046],[108.946325916,0.42134175100006],[108.946325916,0.421490253000055],[108.946325916,0.421601630000045],[108.946344478,0.421731569000038],[108.946418729,0.422102824000022],[108.946510078,0.422376869000056],[108.946470764,0.422408319000058],[108.946381047,0.423604550000045],[108.946367682,0.423782752000022],[108.946256305,0.424228258000027],[108.946033552,0.425119270000032],[108.946014414,0.425325963000038],[108.945915878,0.426390155000032],[108.945847925,0.427124046000069],[108.945773674,0.428534815000029],[108.945662298,0.430391089000063],[108.945524793,0.431130177000058],[108.945485481,0.431341479000028],[108.945365294,0.431987485000034],[108.944697035,0.434177889000074],[108.944548533,0.435291654000023],[108.944251529,0.435885662000026],[108.943546145,0.439338332000041],[108.943499248,0.439341682000015],[108.94345727,0.439445410000071],[108.944562583,0.439469438000061],[108.944603014,0.439470317000035],[108.945292372,0.439485303000024],[108.945848084,0.439497384000055],[108.946401824,0.439509422000065],[108.946979983,0.439521990000054],[108.947113194,0.439524886000062],[108.947573667,0.439534896000043],[108.948109083,0.439546536000022],[108.949317133,0.439572798000036],[108.950305088,0.439594275000039],[108.953332666,0.439660092000051],[108.956477074,0.439728449000028],[108.956740715,0.439734179000022],[108.959261731,0.439788985000056],[108.959310914,0.43979005400007],[108.960295625,0.439811460000049],[108.960297374,0.439811498000044],[108.960297374,0.439798679000024],[108.960457971,0.439802090000056],[108.962159586,0.43983823000002],[108.96217277,0.439881077000048],[108.962176849,0.439901473000014],[108.962273056,0.439906818000055],[108.962273544,0.439900983000017],[108.962266965,0.439900727000058],[108.962522225,0.436703897000025],[108.962522783,0.436696910000021],[108.964064093,0.436808684000026],[108.964060736,0.436456221000066],[108.964120092,0.43645759600003],[108.964848935,0.436474474000014],[108.966145777,0.436504506000059],[108.966150976,0.43649898900002],[108.966162974,0.436499474000073],[108.966169201,0.436499726000022],[108.971567035,0.436717806000038],[108.971619812,0.436702727000065],[108.971669241,0.436688604000029],[108.973112883,0.436736197000071],[108.973111535,0.436813018000057],[108.973097677,0.437602921000059],[108.973105611,0.437604134000022],[108.973165607,0.437613310000069],[108.973166101,0.437614051000015],[108.973477586,0.437638481000028],[108.975718224,0.437638481000028],[108.975796681,0.437643236000036],[108.97586166,0.437647174000064],[108.975897243,0.438513030000016],[108.975907533,0.438513433000018],[108.975922879,0.438514034000033],[108.975970323,0.44002038100007],[108.976700017,0.440032611000048],[108.976629185,0.442535317000019],[108.97659793,0.442533430000026],[108.976533493,0.444423565000025],[108.976941294,0.448354101000067],[108.976934779,0.448599646000045],[108.976650788,0.459303951000032],[108.976533457,0.459260239000054],[108.975883868,0.459018236000011],[108.974829307,0.458707054000051],[108.974540002,0.458622673000026],[108.973999489,0.458465024000012],[108.973446277,0.458309433000066],[108.973117808,0.458222993000047],[108.973110906,0.458220429000047],[108.972854312,0.461679697000018],[108.972432319,0.461679697000018],[108.972433585,0.461691230000047],[108.972482951,0.462141010000032],[108.973390644,0.462464441000068],[108.97376925,0.462724663000072],[108.97554406,0.463944518000062],[108.976533457,0.464624546000047],[108.976766126,0.464784463000055],[108.97684033,0.464835464000028],[108.978771899,0.466163062000012],[108.979242732,0.466486673000014],[108.981638069,0.46813302500004],[108.982836652,0.468956830000011],[108.983153655,0.469174711000047],[108.983383515,0.46946798000005],[108.989365306,0.473614866000047],[108.991365942,0.475001810000034],[108.99335522,0.475001810000034],[108.99770121,0.474986010000055],[109.00146639,0.474972320000058],[109.00417995,0.474913330000042],[109.00689351,0.474913330000042],[109.01078687,0.474913330000042],[109.0149162,0.475621210000035],[109.02057928,0.476624050000045],[109.02240798,0.477744860000031],[109.02515103,0.479898010000056],[109.02762862,0.480959840000015],[109.03110906,0.483378440000021],[109.03146522,0.483802800000031],[109.0338816,0.486681900000064],[109.03403222,0.486771330000059],[109.03468027,0.487156110000046],[109.0357693,0.487802720000042],[109.03630021,0.49010335000002],[109.03748002,0.492050030000034],[109.03936771,0.494999550000037],[109.03978064,0.495530460000047],[109.04358552,0.500633130000032],[109.04403528,0.501282770000043],[109.04517826,0.502933750000074],[109.04682999,0.505470340000035],[109.04848172,0.507004090000073],[109.05196215,0.510012600000038],[109.05367497,0.510814340000032],[109.0547347,0.51131038000004],[109.05827412,0.512962110000042],[109.06113516,0.514230410000037],[109.06284588,0.51605911000007],[109.06561842,0.517887810000049],[109.06732914,0.518890650000052],[109.06921684,0.520247420000033],[109.0712815,0.521073290000063],[109.07305121,0.521604200000066],[109.07570578,0.523078960000018],[109.07759347,0.523963820000065],[109.080101231,0.524799740000046],[109.081755688,0.525867274000066],[109.082993007,0.52672388000001],[109.084135149,0.527104594000033],[109.087180859,0.52700941500006],[109.089790383,0.527826201000035],[109.091710545,0.525547436000071],[109.093558187,0.522970863000064],[109.094654207,0.521442442000023],[109.09490882,0.520351243000048],[109.095362267,0.518407897000033],[109.095804359,0.51713074100007],[109.09627263,0.515777959000046],[109.097284145,0.513957232000057],[109.098892366,0.512490155000027],[109.099495488,0.512176826000027],[109.099513472,0.512170201000057],[109.099015596,0.511925482000023],[109.096754471,0.51081408200002],[109.095569519,0.510231648000057],[109.094562008,0.509736431000015],[109.09241435,0.508680802000065],[109.09165136,0.508213471000039],[109.082235792,0.502446436000066],[109.072041754,0.49620258700003],[109.060358272,0.487300886000067],[109.05538786,0.47991627500005],[109.049595395,0.477730439000033],[109.048373147,0.475657931000055],[109.042764305,0.46614728600002],[109.044397826,0.448921059000041],[109.047058629,0.446133551000048],[109.047198945,0.446156183000035],[109.047199776,0.446155223000053],[109.047830855,0.445426660000056],[109.048835611,0.444106123000037],[109.049217348,0.443993847000057],[109.049119005,0.443975062000036],[109.048453907,0.443848021000061],[109.044806461,0.443151318000045],[109.044651592,0.442998542000056],[109.023158081,0.440025131000025],[109.002082951,0.433314366000051],[108.998131522,0.432056148000072],[108.997138105,0.43173982300004],[108.99641774,0.431184901000039],[108.994430043,0.429653709000037],[108.991815177,0.428862793000067],[108.990111455,0.428347469000072],[108.985990082,0.427100881000046],[108.982113311,0.425928277000011],[108.982086072,0.425920038000072],[108.980239588,0.425361534000043],[108.979194735,0.425045498000032],[108.97913405,0.42502714300002],[108.979125081,0.425024430000066],[108.978889205,0.425162024000034],[108.978292268,0.425048322000068],[108.977076185,0.424816687000031],[108.976320844,0.424672813000023],[108.9764151,0.424454845000067],[108.976188112,0.424414969000043],[108.97442368,0.424105001000039],[108.97408186,0.424044951000036],[108.974115498,0.423946139000064],[108.973980679,0.42393576800003],[108.973668449,0.423842099000064],[108.973684454,0.42368095100005],[108.973674589,0.423664040000056],[108.972321877,0.423427316000068],[108.970410543,0.423092832000064],[108.969895703,0.423124442000063],[108.969874191,0.42312576300003],[108.96972167,0.423161735000056],[108.969462315,0.423222903000053],[108.967181601,0.422715196000076],[108.967180621,0.422714978000041],[108.967153592,0.422708961000072],[108.967149677,0.422699787000059],[108.966803561,0.422598649000054],[108.963518143,0.421638625000073],[108.963517696,0.421638494000037],[108.962206901,0.421255469000069],[108.962218821,0.421172029000039],[108.962212795,0.421069585000056],[108.961086741,0.420758762000043],[108.95916146,0.420227328000059],[108.958712369,0.420103366000035],[108.956595064,0.419518929000047],[108.955506688,0.419341751000031],[108.953372009,0.418994245000024],[108.949706156,0.418397479000009],[108.948216834,0.418155031000012],[108.946912901,0.41794276300005],[108.946906001,0.417879800000038],[108.946673967,0.417907644000021],[108.946647973,0.417880754000063]]]]},"properties":{"gid":6472,"luas":59.365428285478785,"kdkab":"04","kdkec":"100","nmkab":"MEMPAWAH","nmkec":"MEMPAWAH HILIR","iddesa":"6104100014","kddesa":"014","kdprov":"61","nmdesa":"SENGKUBANG","nmprov":"KALIMANTAN BARAT","rw_dki":"","sumber":"BPS","periode":"2023_1"}},{"id":6473,"type":"Feature","geometry":{"type":"MultiPolygon","coordinates":[[[[108.924917765,0.486666497000037],[108.924790796,0.486518367000035],[108.924775811,0.486514482000072],[108.924769895,0.486684571000069],[108.924726398,0.487935110000028],[108.924315836,0.487892343000053],[108.924098933,0.487869749000012],[108.924002684,0.487859723000041],[108.923994593,0.487896712000055],[108.923361092,0.487937583000082],[108.923315099,0.487885020000017],[108.92328565,0.487912629000051],[108.922761773,0.487899196000054],[108.922378617,0.487889372000027],[108.921034162,0.487854898000016],[108.919963576,0.487827447000033],[108.919733443,0.492271873000052],[108.919727193,0.492272010000008],[108.918343246,0.49230242700002],[108.918340767,0.49232412200007],[108.917703175,0.492263398000029],[108.917573759,0.493952272000056],[108.917451184,0.495551872000011],[108.917410043,0.496088763000043],[108.917396555,0.496188652000057],[108.917334353,0.496232622000027],[108.91733705,0.496308133000068],[108.917371059,0.497260384000065],[108.917396799,0.497981110000068],[108.917413445,0.498347320000036],[108.917428022,0.498668016000058],[108.917452898,0.500085951000065],[108.917459245,0.500447727000047],[108.917396799,0.501072187000034],[108.917476577,0.501067882000028],[108.92137776,0.500857387000051],[108.92279859,0.500780724000035],[108.922952639,0.500772412000059],[108.924423574,0.500693045000042],[108.924529978,0.500687304000049],[108.925751168,0.500621412000032],[108.925951901,0.500728734000059],[108.925992045,0.50072647900003],[108.92599093,0.500767763000046],[108.926132595,0.500785145000068],[108.926539006,0.500835011000045],[108.927035559,0.500895938000037],[108.927115375,0.500796169000064],[108.928610228,0.501021201000066],[108.928608375,0.501086041000063],[108.928623948,0.501090833000028],[108.928636013,0.501092313000071],[108.929020539,0.501139494000029],[108.929561364,0.50120585300005],[108.93046342,0.501316535000053],[108.930558975,0.501173202000068],[108.93061442,0.501227657000066],[108.931363222,0.501198099000017],[108.931377971,0.50112730700004],[108.93211998,0.501136301000026],[108.932738766,0.501143801000075],[108.934392801,0.501163850000071],[108.934496511,0.501165107000021],[108.934493465,0.501181482000048],[108.934560091,0.501180452000027],[108.937596987,0.501133490000019],[108.939390581,0.501105754000035],[108.939428558,0.50106188400002],[108.940049244,0.501075616000034],[108.940224701,0.501079498000023],[108.940226325,0.501128224000063],[108.940310597,0.501054064000073],[108.942697737,0.501165613000068],[108.942726226,0.501197900000017],[108.945166797,0.501211384000041],[108.944931125,0.499949844000059],[108.944940855,0.499948567000047],[108.944776252,0.499249003000033],[108.94416779,0.496391407000026],[108.943907021,0.495163619000033],[108.943324715,0.49234737500007],[108.941736905,0.49301093700006],[108.941704212,0.49302460000006],[108.941703935,0.493022340000033],[108.940887298,0.486358582000038],[108.940872641,0.486238979000063],[108.939375411,0.486313841000018],[108.93937417,0.486336798000016],[108.938548763,0.486361254000024],[108.938524268,0.486371832000029],[108.938509187,0.486378344000045],[108.935950565,0.486409233000071],[108.933827508,0.486434864000047],[108.933810076,0.486435074000036],[108.931364185,0.486591862000054],[108.929307291,0.486723714000042],[108.926557736,0.486899967000056],[108.925903297,0.486941918000066],[108.925227786,0.486755075000068],[108.924917765,0.486666497000037]]]]},"properties":{"gid":6473,"luas":4.331496107167178,"kdkab":"04","kdkec":"110","nmkab":"MEMPAWAH","nmkec":"SUNGAI KUNYIT","iddesa":"6104110007","kddesa":"007","kdprov":"61","nmdesa":"SUNGAI KUNYIT DALAM","nmprov":"KALIMANTAN BARAT","rw_dki":"","sumber":"BPS","periode":"2023_1"}},{"id":6474,"type":"Feature","geometry":{"type":"MultiPolygon","coordinates":[[[[108.944603014,0.439470317000035],[108.944562583,0.439469438000061],[108.94345727,0.439445410000071],[108.9434482,0.439467800000049],[108.94340808,0.439573740000062],[108.94337214,0.439670430000026],[108.94334372,0.43975871000004],[108.94326096,0.439994120000052],[108.94314143,0.440318660000045],[108.94310298,0.44043553000006],[108.94305953,0.440514560000046],[108.9430261,0.440577610000045],[108.94299351,0.44062889000002],[108.94294339,0.440646540000047],[108.94291917,0.44064905000004],[108.94285736,0.440626330000048],[108.94280809,0.440601090000021],[108.94277469,0.440576700000055],[108.94274045,0.44056492000004],[108.94271205,0.440560710000049],[108.94268532,0.440559020000015],[108.94266862,0.440559850000047],[108.94265107,0.440563210000046],[108.94264356,0.440570780000022],[108.94259341,0.440693530000029],[108.9422975,0.441526730000013],[108.94205593,0.442176640000069],[108.94177523,0.442973230000066],[108.941411176,0.443886025000047],[108.94137514,0.443976380000036],[108.94123095,0.444330680000057],[108.94101114,0.444835970000037],[108.94069441,0.445431200000031],[108.94041948,0.445920500000062],[108.94027489,0.446249240000032],[108.940062824,0.44673769400003],[108.94003105,0.446810880000042],[108.93977987,0.447319750000014],[108.93948541,0.447971560000038],[108.93899236,0.449063534000061],[108.939050691,0.449046868000033],[108.939139341,0.44906459900006],[108.939173678,0.449105373000066],[108.939302966,0.449113329000051],[108.940095565,0.449365130000043],[108.94013142,0.449376521000032],[108.940506956,0.44949582400005],[108.940594862,0.449551880000055],[108.940610943,0.449556610000049],[108.940639271,0.449574315000067],[108.940659462,0.449586934000017],[108.940717324,0.44962309800007],[108.940783812,0.449662991000014],[108.940854732,0.449716181000041],[108.940934518,0.449756074000035],[108.941009871,0.449800399000015],[108.941037852,0.449812991000045],[108.941531633,0.450167023000058],[108.941536751,0.450170692000026],[108.942506362,0.450517260000023],[108.942780193,0.450869329000057],[108.943346289,0.451040648000062],[108.943699058,0.451147407000056],[108.943771203,0.451169240000065],[108.943923332,0.451425685000065],[108.944223818,0.451507636000017],[108.94440145,0.451556081000029],[108.944531846,0.451669091000034],[108.944757866,0.451651705000065],[108.945172979,0.451826241000049],[108.945522856,0.451973349000064],[108.945748876,0.451973349000064],[108.946000975,0.452329764000063],[108.94627046,0.452216754000055],[108.946531252,0.45236453700005],[108.94700937,0.452260220000026],[108.947304935,0.452486240000036],[108.947730895,0.452500366000039],[108.948169895,0.452378663000042],[108.948304637,0.452274346000015],[108.948613241,0.452374316000028],[108.948730598,0.45238735600002],[108.948843608,0.452522098000034],[108.949052241,0.452756811000017],[108.949226103,0.45283939500007],[108.94951732,0.452808970000036],[108.949652063,0.452869821000027],[108.949848435,0.453194591000048],[108.949852319,0.453195421000027],[108.950151677,0.453039506000023],[108.950212481,0.453045367000067],[108.950799554,0.45310195200006],[108.951049338,0.453070729000034],[108.951525519,0.453003575000022],[108.951658186,0.452984866000071],[108.95196261,0.453000477000055],[108.952235812,0.452953643000066],[108.952524624,0.452930226000028],[108.952829049,0.453070729000034],[108.953055415,0.453211233000037],[108.95305886,0.453213506000052],[108.953445703,0.453468822000056],[108.953742321,0.453640549000054],[108.954273112,0.453749829000056],[108.954686817,0.453796664000031],[108.95503027,0.45389033300006],[108.955764011,0.45389033300006],[108.955768828,0.453893380000059],[108.956146492,0.454132311000011],[108.956396276,0.45431964900007],[108.956630449,0.45438990100007],[108.956833398,0.454397706000068],[108.956997319,0.454460152000019],[108.957071686,0.454515119000056],[108.957176851,0.454483570000038],[108.957403218,0.454428929000067],[108.957723254,0.454452347000013],[108.957980844,0.454522598000041],[108.958191599,0.454546016000057],[108.958347714,0.454592850000042],[108.95872239,0.454717742000065],[108.958925339,0.454803605000046],[108.959066542,0.454883620000033],[108.959159512,0.454936303000066],[108.959170895,0.454935410000061],[108.959557605,0.454905080000057],[108.959799583,0.454866051000061],[108.960033756,0.454850440000029],[108.960314763,0.454889469000016],[108.960542716,0.454970355000052],[108.960556741,0.454975332000064],[108.96075969,0.455045584000055],[108.960845554,0.455178281000029],[108.960862602,0.45528966400001],[108.961235841,0.45525633900007],[108.961751021,0.455287562000025],[108.961923981,0.455309182000055],[108.962000805,0.455318785000033],[108.962418504,0.455344100000037],[108.962515984,0.455350008000042],[108.962906272,0.455443677000066],[108.963702458,0.455615403000025],[108.964264472,0.455709072000042],[108.964747304,0.455795982000047],[108.965045047,0.455849576000044],[108.965466558,0.455880799000052],[108.966247132,0.456161806000071],[108.966528139,0.456224252000034],[108.966934038,0.456302309000027],[108.967480441,0.45645842400006],[108.967976504,0.456579088000065],[108.968058066,0.456598928000056],[108.968741884,0.456723259000048],[108.968744972,0.456723820000035],[108.969478713,0.456942381000038],[108.969900223,0.457020438000025],[108.970321734,0.457160942000031],[108.970852525,0.457348280000065],[108.970853273,0.457348437000065],[108.971149143,0.457410726000029],[108.971539431,0.457551229000047],[108.971720813,0.457635874000055],[108.972007776,0.457769790000043],[108.972136825,0.457849205000052],[108.972207938,0.457892967000028],[108.972207689,0.457925622000054],[108.972512732,0.457998251000045],[108.973110906,0.458220429000047],[108.973117808,0.458222993000047],[108.973446277,0.458309433000066],[108.973999489,0.458465024000012],[108.974540002,0.458622673000026],[108.974829307,0.458707054000051],[108.975883868,0.459018236000011],[108.976533457,0.459260239000054],[108.976650788,0.459303951000032],[108.976934779,0.448599646000045],[108.976941294,0.448354101000067],[108.976533493,0.444423565000025],[108.97659793,0.442533430000026],[108.976629185,0.442535317000019],[108.976700017,0.440032611000048],[108.975970323,0.44002038100007],[108.975922879,0.438514034000033],[108.975907533,0.438513433000018],[108.975897243,0.438513030000016],[108.97586166,0.437647174000064],[108.975796681,0.437643236000036],[108.975718224,0.437638481000028],[108.973477586,0.437638481000028],[108.973166101,0.437614051000015],[108.973165607,0.437613310000069],[108.973105611,0.437604134000022],[108.973097677,0.437602921000059],[108.973111535,0.436813018000057],[108.973112883,0.436736197000071],[108.971669241,0.436688604000029],[108.971619812,0.436702727000065],[108.971567035,0.436717806000038],[108.966169201,0.436499726000022],[108.966162974,0.436499474000073],[108.966150976,0.43649898900002],[108.966145777,0.436504506000059],[108.964848935,0.436474474000014],[108.964120092,0.43645759600003],[108.964060736,0.436456221000066],[108.964064093,0.436808684000026],[108.962522783,0.436696910000021],[108.962522225,0.436703897000025],[108.962266965,0.439900727000058],[108.962273544,0.439900983000017],[108.962273056,0.439906818000055],[108.962176849,0.439901473000014],[108.96217277,0.439881077000048],[108.962159586,0.43983823000002],[108.960457971,0.439802090000056],[108.960297374,0.439798679000024],[108.960297374,0.439811498000044],[108.960295625,0.439811460000049],[108.959310914,0.43979005400007],[108.959261731,0.439788985000056],[108.956740715,0.439734179000022],[108.956477074,0.439728449000028],[108.953332666,0.439660092000051],[108.950305088,0.439594275000039],[108.949317133,0.439572798000036],[108.948109083,0.439546536000022],[108.947573667,0.439534896000043],[108.947113194,0.439524886000062],[108.946979983,0.439521990000054],[108.946401824,0.439509422000065],[108.945848084,0.439497384000055],[108.945292372,0.439485303000024],[108.944603014,0.439470317000035]]]]},"properties":{"gid":6474,"luas":7.134073081283668,"kdkab":"04","kdkec":"100","nmkab":"MEMPAWAH","nmkec":"MEMPAWAH HILIR","iddesa":"6104100015","kddesa":"015","kdprov":"61","nmdesa":"MALIKIAN","nmprov":"KALIMANTAN BARAT","rw_dki":"","sumber":"BPS","periode":"2023_1"}},{"id":6475,"type":"Feature","geometry":{"type":"MultiPolygon","coordinates":[[[[108.916753398,0.508076405000054],[108.914023058,0.508561330000016],[108.914001298,0.508542290000039],[108.913903802,0.508565425000025],[108.911970105,0.509024268000078],[108.910633587,0.509265124000013],[108.910427356,0.509302289000059],[108.910293567,0.509400922000051],[108.910231121,0.509416534000022],[108.909247596,0.509783404000074],[108.909120508,0.509788929000019],[108.90918515,0.509978548000042],[108.909247146,0.510187781000065],[108.909263208,0.510204914000037],[108.909325654,0.510392252000026],[108.909591049,0.511297719000028],[108.909669107,0.511578726000042],[108.909887668,0.512187575000036],[108.909965725,0.512858869000058],[108.909816503,0.512972073000068],[108.90984811,0.513054300000019],[108.91011477,0.513643510000069],[108.910226667,0.514020299000031],[108.91035438,0.514424465000055],[108.910452,0.514746950000076],[108.91059139,0.515238370000017],[108.910714766,0.515762732000044],[108.91073804,0.51586165000003],[108.910759992,0.515958844000068],[108.91087309,0.516459600000066],[108.91101409,0.516956999999987],[108.91115126,0.517316570000037],[108.91116597,0.517354210000067],[108.91121841,0.517487210000068],[108.91131063,0.517709500000013],[108.91141188,0.517986450000013],[108.91150045,0.518314410000064],[108.91154022,0.518460170000016],[108.911596113,0.518640078000037],[108.91159626,0.518640550000043],[108.911750929,0.519471446000054],[108.911817912,0.519586274000062],[108.912268315,0.520587169000063],[108.912568584,0.521938379000057],[108.912619629,0.52212554600004],[108.912868852,0.52303936400005],[108.913119076,0.523990215000015],[108.913419345,0.524891021000022],[108.913690356,0.525667919000048],[108.914118916,0.52689645800006],[108.914170017,0.527042947000038],[108.914797636,0.528539577000064],[108.914917461,0.528582770000064],[108.914958222,0.528597463000033],[108.915422299,0.529798604000058],[108.915559856,0.530154633000046],[108.915596293,0.530248941000014],[108.915530477,0.530288884000068],[108.915900536,0.531172250000051],[108.915996651,0.531146619000024],[108.916961387,0.530941612000048],[108.916972525,0.530949568000038],[108.91922454,0.530311497000059],[108.919049383,0.529748493000054],[108.919027548,0.529738940000067],[108.918823183,0.528981084000061],[108.918817348,0.528959445000054],[108.922864381,0.527899921000029],[108.927081571,0.526795850000032],[108.927133054,0.526841276000026],[108.927570802,0.526648859000021],[108.927663342,0.52660818200007],[108.9276685,0.526622658000058],[108.927844754,0.526508093000068],[108.927929922,0.526831729000028],[108.931324006,0.52473986500006],[108.931381794,0.524765147000035],[108.931381203,0.524756570000019],[108.931904561,0.524325099000066],[108.93190633,0.524326556000063],[108.93015074,0.521420752000033],[108.928783943,0.522003651000024],[108.928804363,0.52203790500004],[108.928752427,0.522141777000047],[108.928540687,0.522189718000053],[108.928380116,0.521964701000065],[108.927813606,0.522309533000042],[108.92750846,0.521703866000045],[108.927444738,0.521577386000052],[108.92805418,0.521276490000044],[108.928045401,0.521267206000059],[108.928048132,0.521268466000026],[108.930856725,0.519969993000065],[108.930856725,0.519954119000027],[108.931056794,0.519867397000036],[108.93520036,0.518071326000026],[108.93504697,0.517742317000056],[108.934988216,0.517754686000036],[108.934977202,0.517708525000042],[108.935106169,0.517663387000019],[108.934715999,0.516188223000035],[108.934717544,0.516187747000065],[108.934504524,0.515401600000073],[108.934501029,0.515388703000033],[108.934616231,0.515260105000031],[108.934203865,0.513486930000054],[108.933719583,0.511404515000041],[108.933707687,0.511390789000072],[108.933172343,0.508344867000048],[108.933121017,0.508381223000058],[108.932064658,0.509129477000044],[108.931888277,0.509254413000061],[108.931830848,0.509252286000038],[108.931732123,0.509304142000071],[108.9314554,0.509449491000048],[108.93134007,0.509510069000042],[108.931334933,0.509510069000042],[108.931056482,0.509510069000042],[108.930931918,0.509542564000059],[108.930125662,0.509774044000037],[108.927715993,0.510622779000069],[108.927288014,0.510773522000021],[108.925664171,0.511345473000058],[108.924662906,0.508690433000026],[108.923379606,0.508527289000026],[108.92127275,0.508918562000022],[108.92085852,0.508206786000066],[108.917997747,0.507843098000029],[108.917990076,0.507842123000046],[108.917986689,0.507857364000075],[108.917197791,0.507997478000045],[108.916753398,0.508076405000054]]]]},"properties":{"gid":6475,"luas":4.933318410797743,"kdkab":"04","kdkec":"110","nmkab":"MEMPAWAH","nmkec":"SUNGAI KUNYIT","iddesa":"6104110010","kddesa":"010","kdprov":"61","nmdesa":"SUNGAI BUNDUNG LAUT","nmprov":"KALIMANTAN BARAT","rw_dki":"","sumber":"BPS","periode":"2023_1"}},{"id":6476,"type":"Feature","geometry":{"type":"MultiPolygon","coordinates":[[[[109.188008149,0.383031064000021],[109.188008149,0.383458917000041],[109.188115112,0.383565881000033],[109.18822231,0.383643843000067],[109.188200134,0.383882240000038],[109.187245688,0.384531264000029],[109.186768892,0.385166991000063],[109.186438569,0.385240396000029],[109.186418812,0.385196931000061],[109.186270287,0.385048407000056],[109.185750451,0.384899882000067],[109.185342008,0.384918448000057],[109.184803606,0.385011276000052],[109.184432295,0.385141235000046],[109.18394959,0.385364022000023],[109.183633975,0.38553111200003],[109.183362868,0.385670538000054],[109.182965614,0.385493981000015],[109.182558949,0.385588869000047],[109.182408647,0.385623940000064],[109.181777417,0.385828161000066],[109.180979097,0.386069514000036],[109.180050818,0.386347997000021],[109.179363892,0.386682178000054],[109.178695531,0.387090620000039],[109.178119998,0.387480498000048],[109.177748686,0.387796112000042],[109.177488768,0.388037465000021],[109.177191719,0.388278817000072],[109.176950366,0.388538736000035],[109.17666644,0.388896272000066],[109.176449096,0.389169965000072],[109.176189178,0.389559842000032],[109.175892128,0.390061113000048],[109.17546512,0.390933695000048],[109.175279464,0.391360704000028],[109.175253308,0.391450381000028],[109.175066368,0.391652900000042],[109.173631565,0.394044238000053],[109.173218685,0.394164106000065],[109.172531758,0.394479721000043],[109.172327537,0.394721073000026],[109.172123316,0.394980992000056],[109.172079864,0.395033134000062],[109.171844832,0.395315172000029],[109.17147352,0.395816443000051],[109.171426232,0.395885556000054],[109.171416904,0.395891386000069],[109.170285323,0.396057795000037],[109.168874339,0.396391976000075],[109.167468856,0.396965643000038],[109.167432556,0.396980459000017],[109.1668725,0.399187743000028],[109.168324904,0.401860167000048],[109.170706847,0.40377734000003],[109.173553559,0.405229744000051],[109.175819309,0.406798341000065],[109.175847212,0.40684484700005],[109.175180252,0.407263110000035],[109.167511557,0.413421304000054],[109.169290591,0.41508914800004],[109.165187711,0.417836613000027],[109.163938643,0.417575180000023],[109.161847181,0.418243286000068],[109.160743354,0.419143777000045],[109.1615567,0.419463306000069],[109.162370047,0.41894044000002],[109.162805767,0.419172825000026],[109.163183393,0.420073315000011],[109.163195841,0.420079061000022],[109.163115691,0.420087726000015],[109.16311597,0.420093315000033],[109.163122655,0.420227015000016],[109.163151452,0.420422834000017],[109.163158651,0.420471788000043],[109.1631633,0.420513627000045],[109.163187448,0.420730960000074],[109.163273839,0.420896543000016],[109.16336023,0.421062125000049],[109.163482617,0.421177313000044],[109.163900172,0.421321297000022],[109.164058555,0.421350094000043],[109.164404118,0.421364492000067],[109.164544587,0.421367919000038],[109.164699286,0.421371692000032],[109.164785677,0.421371692000032],[109.164915263,0.42140048900006],[109.165057921,0.421480734000046],[109.165145638,0.421530075000013],[109.165332818,0.421674059000055],[109.16535876,0.421697271000022],[109.165361615,0.421717255000038],[109.165397611,0.421796446000016],[109.165455205,0.421933231000016],[109.1654984,0.422062818000022],[109.165548795,0.422185204000076],[109.165613588,0.422372384000016],[109.165635186,0.422444377000035],[109.165656783,0.422523568000033],[109.165692779,0.422617158000031],[109.165743174,0.422761143000049],[109.165771971,0.422833135000074],[109.165815166,0.422948323000068],[109.165894358,0.423070709000044],[109.165987948,0.423207495000035],[109.166074338,0.423337081000049],[109.166142121,0.423385497000027],[109.166225522,0.423445069000031],[109.166455898,0.423531460000044],[109.16671507,0.423603452000057],[109.166851855,0.423610651000055],[109.167046234,0.423581855000064],[109.167255012,0.423545858000066],[109.167334203,0.423517061000027],[109.167427793,0.423445069000031],[109.167535782,0.423380276000044],[109.167708563,0.423315483000067],[109.167967735,0.423207495000035],[109.168000458,0.423199314000038],[109.168169314,0.423157100000019],[109.168421287,0.423085108000069],[109.168651662,0.423005916000029],[109.168838842,0.422912326000076],[109.168982826,0.422825936000033],[109.16913401,0.422725146000066],[109.169245573,0.422661396000026],[109.170206755,0.422437725000059],[109.171311547,0.422180635000072],[109.172010107,0.42201807700007],[109.175256732,0.421262573000024],[109.176225007,0.421037251000019],[109.176304977,0.420832883000064],[109.178404311,0.420692927000059],[109.179356936,0.421472347000013],[109.179760692,0.421323595000035],[109.180138593,0.421458560000071],[109.18029571,0.421514673000042],[109.182297243,0.421172947000054],[109.182980693,0.42068476900005],[109.183493281,0.41985486500004],[109.18376178,0.419220232000037],[109.184030278,0.418756462000036],[109.184396412,0.418195057000037],[109.184640501,0.417755696000033],[109.18479498,0.417523978000021],[109.185714495,0.417487198000055],[109.187081395,0.417243108000033],[109.187764846,0.417145472000075],[109.188399478,0.417096654000036],[109.189864015,0.417145472000075],[109.19088919,0.417291926000066],[109.191719094,0.417145472000075],[109.192597816,0.416852565000046],[109.192760524,0.416839006000032],[109.19318363,0.416803747000073],[109.193525356,0.416950201000024],[109.193915899,0.416950201000024],[109.194586191,0.41676739400003],[109.194620006,0.416768747000053],[109.195736898,0.416813422000067],[109.195789383,0.416850356000056],[109.195810725,0.41681637500004],[109.195855171,0.41674560800004],[109.199239362,0.411357186000029],[109.199241258,0.411339741000052],[109.200324666,0.410673960000044],[109.200551651,0.410534472000046],[109.200539454,0.410593326000029],[109.203209842,0.408966817000013],[109.204009976,0.409166851000056],[109.204795961,0.409363347000068],[109.204781714,0.409560765000035],[109.205529401,0.409726917000046],[109.206602043,0.41069229500004],[109.206654753,0.410745005000029],[109.206704698,0.410670088000067],[109.206719494,0.410647400000068],[109.206744922,0.409986279000073],[109.206664474,0.40907453300002],[109.206610842,0.408511396000049],[109.206530393,0.407787363000064],[109.206530393,0.407009697000042],[109.206530393,0.406956065000025],[109.206557209,0.406527008000068],[109.206664474,0.405802975000024],[109.206664474,0.405561631000068],[109.20669129,0.405078942000049],[109.20669129,0.404918045000039],[109.20669129,0.404730333000025],[109.20682537,0.40430127600007],[109.206905818,0.404086748000045],[109.207066714,0.403630875000034],[109.207068726,0.40361210400005],[109.206885706,0.402880026000034],[109.207308361,0.401839645000047],[109.207589627,0.401680007000024],[109.207662234,0.401636444000072],[109.207659935,0.401575531000045],[109.207657306,0.401505870000043],[109.210955285,0.402005564000029],[109.212470387,0.401827317000029],[109.216080011,0.401402655000034],[109.219136974,0.401181136000041],[109.219227102,0.401174605000037],[109.219546738,0.401151443000048],[109.218924988,0.398388110000041],[109.218793101,0.39627792900006],[109.218785408,0.396270531000016],[109.218786948,0.396210169000035],[109.218869063,0.396199904000068],[109.218830161,0.395460779000076],[109.21904469,0.39417360800007],[109.219319205,0.393136552000039],[109.219517634,0.393051511000069],[109.219893543,0.39289040700004],[109.220653653,0.392564645000051],[109.223376105,0.391098710000046],[109.223442522,0.391062947000021],[109.22644592,0.389239455000039],[109.228283149,0.388162459000054],[109.229556581,0.387415964000056],[109.231977587,0.386350722000029],[109.232238186,0.386236058000065],[109.2330963,0.385592472000039],[109.233203564,0.384734359000043],[109.2330963,0.382160018000031],[109.232452715,0.380121998000051],[109.232192653,0.379504351000037],[109.235125993,0.375948787000021],[109.23513432,0.375938694000071],[109.238244981,0.375831430000056],[109.238467529,0.375947542000057],[109.238301525,0.37567128100005],[109.231551429,0.364437913000062],[109.20666176,0.367705283000011],[109.206563264,0.367423867000076],[109.206479395,0.367447830000066],[109.205730651,0.367447830000066],[109.205088871,0.367340866000063],[109.204287339,0.367029159000014],[109.204052663,0.366184324000082],[109.203892218,0.365328617000038],[109.203838736,0.364900763000024],[109.203678291,0.364526391000025],[109.203517846,0.36431246400002],[109.203336831,0.364267210000024],[109.203089992,0.364472909000016],[109.202769102,0.364740318000032],[109.202073839,0.365061208000041],[109.201111168,0.365275135000049],[109.200362424,0.365221653000041],[109.199560199,0.364970958000069],[109.199560199,0.365103387000033],[109.192159667,0.363196033000066],[109.191731813,0.363944777000032],[109.19174294,0.36397553900002],[109.191693728,0.363953233000071],[109.191591424,0.364285723000018],[109.191350756,0.364553132000012],[109.191003125,0.364793800000033],[109.190872798,0.364945849000045],[109.19084268,0.364980986000031],[109.190200899,0.365301876000041],[109.189478896,0.365515803000044],[109.188596448,0.365649507000053],[109.187794222,0.365729730000048],[109.187356644,0.365681110000022],[109.187232664,0.365729730000048],[109.187160709,0.367150840000017],[109.187101737,0.367190733000025],[109.187225979,0.367380978000029],[109.185727951,0.372789113000061],[109.185815399,0.372976502000022],[109.186039512,0.373228630000022],[109.185922362,0.373243910000037],[109.18554799,0.373511319000043],[109.18554799,0.373765988000054],[109.18554799,0.373832209000043],[109.185708435,0.374580953000005],[109.186029325,0.375222734000026],[109.186296734,0.375704069000039],[109.186617624,0.376613258000023],[109.186778069,0.377575929000041],[109.186836438,0.377770491000031],[109.18709896,0.378645563000018],[109.187259405,0.379287344000034],[109.18741985,0.379875643000048],[109.187526813,0.380624387000068],[109.187584695,0.380875206000037],[109.187687259,0.381319649000025],[109.187847704,0.382014911000052],[109.18794744,0.38264657500002],[109.188008149,0.383031064000021]]]]},"properties":{"gid":6476,"luas":28.9231685998681,"kdkab":"04","kdkec":"120","nmkab":"MEMPAWAH","nmkec":"TOHO","iddesa":"6104120007","kddesa":"007","kdprov":"61","nmdesa":"TERAP","nmprov":"KALIMANTAN BARAT","rw_dki":"","sumber":"BPS","periode":"2023_1"}},{"id":6477,"type":"Feature","geometry":{"type":"MultiPolygon","coordinates":[[[[109.167942479,0.36570633100006],[109.167840712,0.365711357000057],[109.167837591,0.365718030000034],[109.167327057,0.365900364000026],[109.16668271,0.366211799000029],[109.166547634,0.366494970000075],[109.166539145,0.366512767000067],[109.165571697,0.368540911000016],[109.165169508,0.369384054000024],[109.164019906,0.371407097000024],[109.163307057,0.372661551000021],[109.162086586,0.374809308000058],[109.162098544,0.374857685000051],[109.162145241,0.375046596000056],[109.161447573,0.376147461000071],[109.161337468,0.376321200000061],[109.161221334,0.376321200000061],[109.161156895,0.376354708000061],[109.161070964,0.376596878000045],[109.160619854,0.377549221000026],[109.160050252,0.378316946000043],[109.160043436,0.378326133000025],[109.159708581,0.378870272000032],[109.159711259,0.378887231000025],[109.158404258,0.380949575000036],[109.157194534,0.382401244000045],[109.157350864,0.386882694000056],[109.157189035,0.387449094000037],[109.157232472,0.389273440000076],[109.157250103,0.390013921000045],[109.157305639,0.392346427000057],[109.157306342,0.39237597100004],[109.157466022,0.392659847000055],[109.155762536,0.393951200000057],[109.155687206,0.39406419500005],[109.149624065,0.397232134000034],[109.150711071,0.401528397000056],[109.150596172,0.401700746000068],[109.150135386,0.402391925000073],[109.154355749,0.407818105000035],[109.154500871,0.407830057000054],[109.154323112,0.410096488000019],[109.154247927,0.41192599000004],[109.154247927,0.414103912000024],[109.154202813,0.414107671000064],[109.15404443,0.414143667000071],[109.153914843,0.414244457000048],[109.15385725,0.414402840000039],[109.153806855,0.414453234000055],[109.153770859,0.414489230000067],[109.153626874,0.414590020000047],[109.153554882,0.41464041400007],[109.15348289,0.414770000000003],[109.153432495,0.414892387000065],[109.153431739,0.414894655000069],[109.153367702,0.415086766000052],[109.153454093,0.415120363000027],[109.153454093,0.415281145000055],[109.153439694,0.415525919000048],[109.153338905,0.415900279000019],[109.153302909,0.416073060000024],[109.153245315,0.416195447000055],[109.153173323,0.416310635000059],[109.153058135,0.416425823000058],[109.15292135,0.416497815000062],[109.152762967,0.41658420600003],[109.152597385,0.416562608000045],[109.152496596,0.416541010000056],[109.152352611,0.416490616000029],[109.152223025,0.416418623000021],[109.152050244,0.416260240000038],[109.151949454,0.416159451000057],[109.151783872,0.416015467000025],[109.151683083,0.415849884000073],[109.151560696,0.415641107000056],[109.151488704,0.415540318000066],[109.151373516,0.415187555000043],[109.15124393,0.415093965000042],[109.151171938,0.415050770000048],[109.151135942,0.41494278200002],[109.151157539,0.414554023000039],[109.151159695,0.414535699000041],[109.151171938,0.414431637000062],[109.151301524,0.414100472000022],[109.151395114,0.413985284000028],[109.151531899,0.413855698000014],[109.15163192,0.413690665000046],[109.151675884,0.413618124000035],[109.151783872,0.413466940000032],[109.151920657,0.413250963000049],[109.151949454,0.413056584000061],[109.151935056,0.412970193000032],[109.151920657,0.412847806000051],[109.151639888,0.412610232000016],[109.151589493,0.412574236000064],[109.151474305,0.412509443000023],[109.151359118,0.412502244000043],[109.151330319,0.412502244000043],[109.151231697,0.412502244000043],[109.151092746,0.412502244000043],[109.150826375,0.412552638000022],[109.150351226,0.412538240000056],[109.150077655,0.412459048000068],[109.149796885,0.412329462000049],[109.149652901,0.412214274000067],[109.149364932,0.412063091000048],[109.149268651,0.412041026000059],[109.149019369,0.411983899000067],[109.148803392,0.41200549700005],[109.148490918,0.412056044000038],[109.148313845,0.41208468800005],[109.14816986,0.412099087000051],[109.148077704,0.412093327000034],[109.147939485,0.41208468800005],[109.147824297,0.412019895000063],[109.147709109,0.411861512000036],[109.147653083,0.411699037000063],[109.147637117,0.411652735000074],[109.147565125,0.411364766000015],[109.14752193,0.41113439000002],[109.147442738,0.410997605000035],[109.147365816,0.410936877000034],[109.147169167,0.410781628000046],[109.147043504,0.410744977000035],[109.146996386,0.41073123400002],[109.146845202,0.410767230000034],[109.146614827,0.410860820000031],[109.146478042,0.410961609000022],[109.146341256,0.411148789000033],[109.146283212,0.411221344000069],[109.146254865,0.411256777000054],[109.146168475,0.411314371000046],[109.1461375,0.411339151000051],[109.146096482,0.411371965000057],[109.146082084,0.411451156000047],[109.146122713,0.411525027000029],[109.146110881,0.411544746000064],[109.146074885,0.411667133000035],[109.146074885,0.411789520000061],[109.146103682,0.41200549700005],[109.146146877,0.412156681000049],[109.146240467,0.412365458000065],[109.146326858,0.412559837000053],[109.14639885,0.412754217000041],[109.146391651,0.412876603000025],[109.146341256,0.413006189000029],[109.146269264,0.413114178000059],[109.146197272,0.413157373000051],[109.145995693,0.413265362000049],[109.145801314,0.413294159000037],[109.145671728,0.413286959000062],[109.145441353,0.413150174000059],[109.145340564,0.413070983000068],[109.145182181,0.412977393000062],[109.144951805,0.412847806000051],[109.1447436,0.412779193000054],[109.144318273,0.412639029000041],[109.144224683,0.412639029000041],[109.144030304,0.412646228000027],[109.143951,0.412651697000055],[109.143821527,0.412660627000045],[109.143706339,0.412653427000061],[109.143490362,0.412581435000052],[109.14323119,0.412502244000043],[109.143051209,0.412451849000039],[109.142957619,0.412394255000046],[109.142748842,0.412286267000061],[109.142612056,0.412192677000055],[109.142547263,0.412142282000039],[109.142403279,0.412027095000029],[109.142352504,0.411993896000065],[109.142216099,0.411904708000071],[109.14211531,0.411832715000055],[109.141971325,0.411724727000028],[109.141798544,0.411645536000034],[109.141723609,0.411605864000019],[109.141676157,0.411580742000069],[109.141510575,0.411472754000041],[109.141395387,0.411407961000074],[109.141222606,0.411321570000036],[109.141078621,0.411249578000024],[109.14090584,0.411155988000073],[109.140826648,0.411119992000066],[109.140729979,0.411109446000061],[109.140430691,0.411076797000025],[109.140279507,0.41105519900003],[109.140149921,0.411040800000023],[109.139955542,0.41101920300002],[109.139804358,0.41101920300002],[109.139653174,0.411033601000045],[109.139458795,0.411040800000023],[109.139242818,0.41106959700005],[109.138954849,0.411155988000073],[109.138796466,0.411235180000061],[109.138695677,0.411278375000059],[109.138634483,0.411310771000038],[109.138501847,0.411389722000015],[109.1384833,0.411400762000028],[109.138407708,0.411458356000016],[109.138191731,0.411620338000028],[109.138039441,0.411696483000062],[109.138018949,0.411706729000059],[109.13782817,0.411883110000017],[109.137709383,0.411969501000038],[109.137529402,0.41212788400002],[109.13745381,0.412185478000026],[109.137407568,0.412235923000026],[109.137374619,0.412271868000062],[109.137306226,0.412333062000069],[109.137254953,0.412369685000048],[109.137230634,0.412387056000064],[109.137165841,0.412419452000041],[109.137104647,0.412451849000039],[109.137007458,0.412462648000022],[109.136971462,0.412466247000046],[109.136936056,0.412493785000038],[109.136791481,0.412466247000046],[109.136633098,0.412358259000026],[109.136402723,0.412315064000041],[109.136042761,0.412322263000027],[109.135438026,0.412293466000041],[109.13530052,0.412270548000037],[109.13522205,0.41225747000004],[109.13493408,0.412178278000049],[109.1347541,0.412135083000062],[109.134516525,0.412077489000072],[109.134307748,0.411962302000058],[109.134019779,0.411832715000055],[109.133839798,0.411739125000045],[109.133753407,0.41167433200007],[109.133501434,0.411472754000041],[109.13335745,0.411328770000062],[109.13317027,0.411155988000073],[109.132961492,0.410997605000035],[109.132788711,0.410918414000027],[109.132601531,0.410817624000052],[109.132371155,0.410738433000055],[109.131939202,0.410652042000034],[109.131716026,0.410666441000047],[109.131471252,0.41072403400005],[109.13130567,0.410788827000019],[109.131132888,0.410868019000011],[109.130938509,0.410990406000047],[109.130880915,0.411047999999992],[109.130842227,0.411086688000062],[109.13074413,0.411184785000044],[109.130657739,0.411271176000072],[109.130513755,0.411472754000041],[109.130420165,0.411566344000042],[109.130333774,0.411652735000074],[109.130240184,0.411775122000055],[109.130153793,0.411825516000019],[109.130067403,0.411854313000044],[109.129973813,0.411854313000044],[109.129937817,0.411868712000055],[109.129887422,0.411947903000055],[109.129829551,0.411995252000048],[109.129696643,0.411973100000064],[109.129631849,0.411958702000042],[109.129574256,0.411850714000018],[109.129545459,0.411713928000034],[109.129545459,0.41156274400004],[109.129533394,0.411315415000034],[109.12953106,0.411267576000046],[109.129502263,0.411058798000052],[109.129466267,0.410893216000038],[109.129356677,0.410769332000024],[109.129300685,0.410706036000017],[109.129214294,0.410461263000051],[109.129171099,0.410338876000015],[109.128998317,0.410122899000033],[109.128933524,0.409971715000034],[109.128825536,0.409654949000064],[109.12882862,0.409509999999991],[109.128832735,0.409316585000048],[109.128926325,0.408848636000072],[109.129012716,0.408539069000033],[109.1291567,0.408207904000041],[109.1291567,0.407955931000057],[109.129113505,0.407761552000053],[109.128839934,0.407703959000057],[109.128775141,0.407804748000046],[109.128761828,0.407815307000022],[109.128746344,0.407840744000047],[109.128674352,0.407898338000044],[109.128635956,0.407915136000039],[109.128559165,0.407948732000016],[109.128429578,0.408027924000052],[109.128307192,0.408107115000055],[109.128107263,0.40837798600006],[109.128084016,0.40840948300007],[109.128062841,0.408420070000036],[109.127925633,0.408488674000065],[109.127652062,0.408618260000017],[109.127443284,0.408719050000053],[109.127267987,0.408797472000044],[109.127169714,0.408841436000042],[109.126960936,0.408927827000075],[109.126795354,0.409028616000051],[109.126701764,0.409244593000037],[109.126687365,0.409294988000049],[109.126617251,0.409571063000033],[109.126572178,0.409748539000018],[109.126572178,0.409777336000044],[109.126517932,0.41031526900002],[109.126507384,0.410419867000026],[109.126485787,0.410634044000061],[109.126416826,0.410798490000041],[109.126392197,0.410857220000018],[109.126212216,0.411073197000063],[109.126181363,0.411113307000041],[109.126071362,0.411256308000016],[109.12599624,0.41135396700002],[109.125930763,0.411378742000061],[109.125463497,0.411555545000055],[109.124850234,0.411400616000027],[109.12477957,0.411382764000046],[109.124577992,0.411332369000043],[109.124477203,0.411296373000026],[109.124430408,0.411278825000065],[109.124430408,0.411285574000032],[109.124409324,0.411306658000053],[109.124394412,0.411321570000036],[109.124286423,0.411357566000036],[109.124214431,0.411371965000057],[109.124142439,0.411400762000028],[109.12403445,0.411443957000061],[109.123969657,0.41150155100007],[109.123900665,0.411534547000033],[109.123873794,0.411547399000018],[109.123872468,0.411569944000057],[109.123875474,0.411589484000039],[109.123858069,0.411634737000036],[109.123872468,0.411699530000018],[109.123922062,0.411724327000064],[109.123966058,0.411800319000053],[109.124074046,0.411922706000038],[109.124167636,0.41211708500003],[109.124196433,0.412282667000047],[109.124182034,0.412477046000049],[109.124160437,0.412599433000023],[109.124146038,0.41279381200007],[109.12413164,0.412995391000036],[109.124066847,0.413369750000067],[109.123987655,0.413614524000026],[109.123908464,0.413895294000037],[109.123742881,0.414053677000021],[109.123598897,0.414190462000017],[109.123397319,0.414233658000048],[109.123238936,0.414226459000024],[109.123051756,0.414190462000017],[109.122850177,0.414183263000033],[109.122569407,0.414204861000018],[109.122310235,0.414204861000018],[109.122087059,0.414226459000024],[109.121899879,0.414255255000058],[109.121719899,0.414356045000029],[109.121547117,0.41446403300005],[109.121446328,0.414543225000047],[109.12124475,0.414687209000014],[109.121173548,0.414765530000077],[109.121172757,0.414766401000058],[109.121107964,0.414859991000058],[109.121093566,0.414946381000046],[109.121129562,0.415090366000071],[109.121228041,0.415116056000041],[109.121259148,0.415227151000067],[109.121489523,0.415558316000045],[109.121579514,0.415619509000066],[109.121763094,0.415770693000066],[109.121917877,0.415860683000058],[109.122191448,0.415975871000049],[109.122215402,0.41599421800004],[109.12236063,0.416105457000075],[109.122425423,0.416242242000074],[109.122465019,0.416371828000017],[109.122486616,0.416515813000041],[109.122439821,0.416641799000037],[109.122364229,0.416789383000041],[109.122281438,0.416882973000043],[109.122141053,0.416936968000065],[109.121957473,0.416987362000038],[109.121781092,0.416998161000025],[109.121633508,0.417005360000069],[109.121446328,0.417037757000048],[109.121165558,0.417188941000058],[109.121129562,0.417253734000042],[109.121064769,0.417332925000037],[109.120942382,0.417476910000059],[109.120855991,0.417577699000053],[109.120647214,0.417649691000055],[109.120575221,0.417649691000055],[109.120460034,0.417563300000038],[109.120344846,0.417383320000049],[109.120272854,0.417232136000048],[109.120208061,0.417080952000045],[109.120042479,0.41680018200003],[109.119927291,0.416656198000058],[109.119768908,0.416404225000065],[109.11966092,0.416289037000065],[109.119444943,0.41613785300006],[109.119250564,0.41613785300006],[109.119120977,0.416202646000049],[109.119077782,0.416303436000017],[109.119020188,0.416461819000058],[109.118948196,0.416648999000078],[109.11881861,0.416792983000048],[109.118703422,0.416900972000055],[109.118451449,0.417095351000062],[109.118185078,0.417167343000064],[109.117868312,0.417282531000068],[109.117681132,0.417332925000037],[109.117133991,0.417419316000054],[109.116961209,0.417469710000029],[109.116846022,0.417505707000028],[109.116558053,0.41759929700004],[109.116378072,0.417642492000024],[109.116154896,0.417714484000047],[109.116046907,0.417750480000038],[109.116026221,0.417758525000062],[109.115917321,0.417800875000068],[109.115830931,0.417901664000053],[109.11574454,0.417988055000016],[109.115713026,0.418055021000029],[109.115643751,0.418110442000059],[109.115456571,0.418261625000064],[109.11537018,0.41839841100005],[109.115319785,0.418506399000016],[109.115254992,0.418635985000033],[109.115226195,0.418866361000026],[109.115233395,0.419060740000022],[109.115240594,0.419226322000043],[109.115269391,0.419442299000019],[109.115348582,0.419600682000061],[109.115413375,0.419708670000027],[109.115506965,0.419888651000071],[109.115580623,0.420060519000049],[109.115593356,0.420090229000037],[109.115614954,0.420183819000039],[109.11555736,0.420306206000022],[109.115499766,0.420356601000038],[109.115406176,0.420370999000058],[109.115183,0.420356601000038],[109.115017418,0.420320605000025],[109.114938226,0.420270210000067],[109.114851836,0.420212616000063],[109.114765445,0.420119026000062],[109.114664656,0.419982241000065],[109.114635735,0.419944421000021],[109.114571066,0.419859854000036],[109.114484675,0.419802260000036],[109.114340691,0.419730268000022],[109.114175108,0.419658276000055],[109.114052721,0.419629479000035],[109.113901538,0.419593483000022],[109.113735955,0.419593483000022],[109.113555975,0.419615080000017],[109.113426389,0.419651076000027],[109.113246408,0.419730268000022],[109.113224553,0.419744838000044],[109.11313842,0.419802260000036],[109.11294404,0.419895850000044],[109.112800056,0.419917448000025],[109.112605677,0.419924647000078],[109.112490489,0.419903049000026],[109.112360903,0.419852655000054],[109.112267313,0.419802260000036],[109.112180922,0.419737467000049],[109.112137727,0.419672674000032],[109.112080133,0.419593483000022],[109.112049313,0.419519514000053],[109.112005258,0.419506927000036],[109.111950547,0.419427900000062],[109.111698574,0.419269517000032],[109.111612183,0.419219123000058],[109.111374609,0.419139931000074],[109.111093839,0.418895157000052],[109.11099305,0.418801568000041],[109.110863464,0.418506399000016],[109.110870663,0.418240028000075],[109.110928257,0.417966457000033],[109.111007448,0.417793676000026],[109.111187429,0.417541703000039],[109.111425003,0.417455312000076],[109.111684176,0.417512906000069],[109.112065735,0.417642492000024],[109.112375301,0.417793676000026],[109.112548083,0.417822473000056],[109.11267047,0.417786476000058],[109.11275686,0.417707285000071],[109.112771259,0.417563300000038],[109.112742462,0.417332925000037],[109.112684868,0.417030558000025],[109.11257688,0.416828979000058],[109.112454493,0.416641799000037],[109.112375301,0.416526612000047],[109.112288911,0.416411424000044],[109.112209719,0.416303436000017],[109.112101731,0.416217045000046],[109.112089374,0.416200569000076],[109.112139037,0.416126074000029],[109.11210893,0.416065861000035],[109.111986543,0.415907478000061],[109.111820961,0.415756294000066],[109.111662578,0.415576314000013],[109.111590586,0.415417931000034],[109.111439402,0.415245149000041],[109.111281019,0.415122762000061],[109.111101038,0.414978778000032],[109.110942655,0.414892387000065],[109.110791471,0.414841992000046],[109.110561096,0.414813196000064],[109.110323522,0.41486359000003],[109.110078748,0.414978778000032],[109.109985158,0.415108364000041],[109.109920365,0.415381935000027],[109.10987717,0.415612310000028],[109.109855572,0.415792290000057],[109.109833974,0.416037064000021],[109.109833974,0.416224244000034],[109.109833974,0.416433022000032],[109.10987717,0.416677795000052],[109.109725986,0.417016159000062],[109.109668392,0.417167343000064],[109.109582001,0.417484109000031],[109.109488411,0.417714484000047],[109.109373224,0.417916063000052],[109.109229239,0.418088844000059],[109.10903486,0.418160836000012],[109.108811684,0.418132039000047],[109.108552512,0.418081645000028],[109.108401328,0.418024051000028],[109.10819255,0.417916063000052],[109.107954976,0.417851270000018],[109.107724601,0.417772078000041],[109.107501424,0.417685687000067],[109.107307045,0.417656890000033],[109.107105467,0.417656890000033],[109.106968682,0.417692887000038],[109.106803099,0.417779277000025],[109.106731107,0.417858469000058],[109.106752705,0.418024051000028],[109.10688949,0.418189633000047],[109.106911642,0.418207354000048],[109.106961482,0.418247227000052],[109.107069471,0.418362415000037],[109.107163061,0.418456005000042],[109.107235053,0.418556794000024],[109.107379038,0.418657583000025],[109.107523022,0.418736774000018],[109.10763821,0.418815966000066],[109.107760597,0.418880759000043],[109.107792993,0.418884359000052],[109.107854187,0.418945552000015],[109.107919724,0.419005132000042],[109.107933378,0.419017544000038],[109.108091761,0.419255119000056],[109.108170953,0.419363107000039],[109.10821143,0.419433943000056],[109.108314937,0.419615080000017],[109.108437324,0.419838256000033],[109.108509316,0.419996639000033],[109.108595707,0.420169421000032],[109.108653301,0.420270210000067],[109.108739692,0.420421394000075],[109.108790086,0.420522183000057],[109.108801223,0.420549406000021],[109.108854879,0.420680566000032],[109.108898075,0.420817351000032],[109.108955668,0.420997332000066],[109.109020461,0.421170113000073],[109.109070856,0.421299699000028],[109.109092454,0.42140768800004],[109.109092454,0.421580469000048],[109.109085255,0.421695657000036],[109.109042059,0.42182524300005],[109.108948469,0.421890036000034],[109.108876477,0.421933231000016],[109.108653301,0.421998024000056],[109.108415726,0.421998024000056],[109.108307738,0.42198362600004],[109.108077363,0.421976427000066],[109.107926179,0.421940431000054],[109.107774995,0.421897235000069],[109.10764697,0.421806551000027],[109.107602214,0.421774848000031],[109.107465428,0.421681258000035],[109.107242252,0.421681258000035],[109.107139272,0.421695970000028],[109.107105467,0.421688458000059],[109.106896689,0.421674059000055],[109.10670231,0.421674059000055],[109.106219962,0.421753251000046],[109.105975188,0.42181084500004],[109.105644024,0.421890036000034],[109.105291262,0.42198362600004],[109.104974496,0.422055618000057],[109.104772917,0.422098814000027],[109.10447055,0.422034021000052],[109.104276171,0.421947630000037],[109.104204178,0.42188283700006],[109.104031397,0.421782048000065],[109.103887412,0.421638063000037],[109.10372183,0.421522875000056],[109.103613842,0.421386090000044],[109.103477056,0.421278102000031],[109.103304275,0.421177313000044],[109.103052302,0.42106932400002],[109.102901118,0.421033328000011],[109.102721138,0.420910941000047],[109.102404372,0.420802953000013],[109.102217192,0.420687765000019],[109.102008414,0.420673367000056],[109.101978991,0.420667062000065],[109.101907625,0.420651769000066],[109.101900426,0.420644570000032],[109.101756441,0.420601374000062],[109.101691648,0.420586976000028],[109.101504468,0.420442991000063],[109.101382081,0.420313405000047],[109.10130289,0.420212616000063],[109.101130108,0.420061432000069],[109.101036518,0.419939045000039],[109.100981423,0.419833863000063],[109.100961081,0.419853822000048],[109.101552739,0.420658477000073],[109.1014739,0.42063219800001],[109.100242181,0.420324268000052],[109.100330161,0.42061753400002],[109.10085804,0.42085214700005],[109.101048664,0.420984117000044],[109.10129794,0.421248057000067],[109.10169385,0.421585314000026],[109.10213375,0.421922570000036],[109.102179007,0.422031721000048],[109.10178183,0.422113193000035],[109.101576543,0.422406460000047],[109.10120996,0.42274371600006],[109.100784724,0.423036983000031],[109.100748153,0.423124191000045],[109.100418141,0.422919676000046],[109.100350643,0.422879178000069],[109.099890261,0.422729053000057],[109.099701704,0.422549199000054],[109.099421035,0.422509103000034],[109.099338627,0.422572493000078],[109.099333055,0.422567756000029],[109.099289065,0.422479777000032],[109.098614552,0.422318480000046],[109.097866722,0.422538430000037],[109.097679593,0.422822465000012],[109.097250863,0.42265573600002],[109.097104229,0.422069203000029],[109.096957596,0.421130751000012],[109.096957596,0.420221625000065],[109.096869616,0.419341825000056],[109.096898943,0.41834471900006],[109.096781636,0.417904819000063],[109.096777623,0.417902658000061],[109.096737646,0.417714196000012],[109.096459043,0.41759688900004],[109.09623002,0.417607795000041],[109.096151113,0.41761155300003],[109.095417947,0.417860829000058],[109.094640791,0.417919483000055],[109.094590773,0.417921150000041],[109.093760991,0.417948809000044],[109.093570368,0.41824207600007],[109.093511715,0.418828609000064],[109.093482388,0.419605765000027],[109.093483251,0.41961818600003],[109.093262438,0.420192298000079],[109.093159882,0.420453351000036],[109.093101142,0.420529554000031],[109.092573262,0.421453344000041],[109.092338649,0.422597083000021],[109.092265332,0.423814139000048],[109.092294659,0.424840572000044],[109.092523425,0.425284648000058],[109.092587925,0.425529748000025],[109.092763885,0.426116281000019],[109.092784833,0.426241967000062],[109.092793212,0.42623358800006],[109.095491264,0.426614834000011],[109.095485638,0.426766713000063],[109.095864569,0.426878163000027],[109.106065251,0.443618995000059],[109.106350331,0.443736170000025],[109.106339275,0.443783409000044],[109.131575218,0.455888456000023],[109.1337417,0.458251891000022],[109.138498556,0.458132969000075],[109.140269291,0.461182566000047],[109.140742235,0.461986571000066],[109.141996679,0.464119126000072],[109.142747807,0.465396043000044],[109.143502219,0.466678544000047],[109.143930973,0.466783350000068],[109.148551176,0.46776637200003],[109.155482173,0.456637730000059],[109.16033924,0.454875193000017],[109.175371014,0.449420449000051],[109.175047641,0.449043181000043],[109.175365843,0.448373283000022],[109.177023843,0.44751916200005],[109.177660247,0.446983243000019],[109.177543014,0.446631546000035],[109.176588408,0.446397081000029],[109.175215116,0.445492718000019],[109.174478227,0.44532524300007],[109.173791581,0.444856314000041],[109.173624106,0.444136173000058],[109.174176773,0.44313132400004],[109.174880166,0.442712638000041],[109.174813177,0.442143224000067],[109.173724591,0.441925507000057],[109.173389642,0.441674294000051],[109.173426516,0.441323985000043],[109.173490126,0.440719689000045],[109.173557116,0.440066537000059],[109.173171924,0.439664598000026],[109.171128733,0.439564113000074],[109.170358349,0.43887746700005],[109.169973158,0.438090336000063],[109.169487481,0.436181124000031],[109.169403744,0.435611710000031],[109.170592814,0.434791084000029],[109.171580915,0.432630660000029],[109.170626309,0.431944014000065],[109.169386996,0.431123388000054],[109.168733845,0.430353004000032],[109.168164431,0.429917570000036],[109.166824633,0.430219025000029],[109.166422694,0.42981708500002],[109.166104492,0.428628015000072],[109.166506431,0.427103995000035],[109.167293562,0.425847935000042],[109.167544774,0.424675612000037],[109.168063946,0.42333581400004],[109.168000458,0.423199314000038],[109.167967735,0.423207495000035],[109.167708563,0.423315483000067],[109.167535782,0.423380276000044],[109.167427793,0.423445069000031],[109.167334203,0.423517061000027],[109.167255012,0.423545858000066],[109.167046234,0.423581855000064],[109.166851855,0.423610651000055],[109.16671507,0.423603452000057],[109.166455898,0.423531460000044],[109.166225522,0.423445069000031],[109.166142121,0.423385497000027],[109.166074338,0.423337081000049],[109.165987948,0.423207495000035],[109.165894358,0.423070709000044],[109.165815166,0.422948323000068],[109.165771971,0.422833135000074],[109.165743174,0.422761143000049],[109.165692779,0.422617158000031],[109.165656783,0.422523568000033],[109.165635186,0.422444377000035],[109.165613588,0.422372384000016],[109.165548795,0.422185204000076],[109.1654984,0.422062818000022],[109.165455205,0.421933231000016],[109.165397611,0.421796446000016],[109.165361615,0.421717255000038],[109.16535876,0.421697271000022],[109.165332818,0.421674059000055],[109.165145638,0.421530075000013],[109.165057921,0.421480734000046],[109.164915263,0.42140048900006],[109.164785677,0.421371692000032],[109.164699286,0.421371692000032],[109.164544587,0.421367919000038],[109.164404118,0.421364492000067],[109.164058555,0.421350094000043],[109.163900172,0.421321297000022],[109.163482617,0.421177313000044],[109.16336023,0.421062125000049],[109.163273839,0.420896543000016],[109.163187448,0.420730960000074],[109.1631633,0.420513627000045],[109.163158651,0.420471788000043],[109.163151452,0.420422834000017],[109.163122655,0.420227015000016],[109.16311597,0.420093315000033],[109.163115691,0.420087726000015],[109.163195841,0.420079061000022],[109.163183393,0.420073315000011],[109.162805767,0.419172825000026],[109.162370047,0.41894044000002],[109.1615567,0.419463306000069],[109.160743354,0.419143777000045],[109.161847181,0.418243286000068],[109.163938643,0.417575180000023],[109.165187711,0.417836613000027],[109.169290591,0.41508914800004],[109.167511557,0.413421304000054],[109.175180252,0.407263110000035],[109.175847212,0.40684484700005],[109.175819309,0.406798341000065],[109.173553559,0.405229744000051],[109.170706847,0.40377734000003],[109.168324904,0.401860167000048],[109.1668725,0.399187743000028],[109.167432556,0.396980459000017],[109.167468856,0.396965643000038],[109.168874339,0.396391976000075],[109.170285323,0.396057795000037],[109.171416904,0.395891386000069],[109.171426232,0.395885556000054],[109.17147352,0.395816443000051],[109.171844832,0.395315172000029],[109.172079864,0.395033134000062],[109.172123316,0.394980992000056],[109.172327537,0.394721073000026],[109.172531758,0.394479721000043],[109.173218685,0.394164106000065],[109.173631565,0.394044238000053],[109.175066368,0.391652900000042],[109.175253308,0.391450381000028],[109.175279464,0.391360704000028],[109.17546512,0.390933695000048],[109.175892128,0.390061113000048],[109.176189178,0.389559842000032],[109.176449096,0.389169965000072],[109.17666644,0.388896272000066],[109.176950366,0.388538736000035],[109.177191719,0.388278817000072],[109.177488768,0.388037465000021],[109.177748686,0.387796112000042],[109.178119998,0.387480498000048],[109.178695531,0.387090620000039],[109.179363892,0.386682178000054],[109.180050818,0.386347997000021],[109.180979097,0.386069514000036],[109.181777417,0.385828161000066],[109.182408647,0.385623940000064],[109.182558949,0.385588869000047],[109.182965614,0.385493981000015],[109.183362868,0.385670538000054],[109.183633975,0.38553111200003],[109.18394959,0.385364022000023],[109.184432295,0.385141235000046],[109.184803606,0.385011276000052],[109.185342008,0.384918448000057],[109.185750451,0.384899882000067],[109.186270287,0.385048407000056],[109.186418812,0.385196931000061],[109.186438569,0.385240396000029],[109.186768892,0.385166991000063],[109.187245688,0.384531264000029],[109.188200134,0.383882240000038],[109.18822231,0.383643843000067],[109.188115112,0.383565881000033],[109.188008149,0.383458917000041],[109.188008149,0.383031064000021],[109.18794744,0.38264657500002],[109.187847704,0.382014911000052],[109.187687259,0.381319649000025],[109.187584695,0.380875206000037],[109.187526813,0.380624387000068],[109.18741985,0.379875643000048],[109.187259405,0.379287344000034],[109.18709896,0.378645563000018],[109.186836438,0.377770491000031],[109.186778069,0.377575929000041],[109.186617624,0.376613258000023],[109.186296734,0.375704069000039],[109.186029325,0.375222734000026],[109.185708435,0.374580953000005],[109.18554799,0.373832209000043],[109.18554799,0.373765988000054],[109.18554799,0.373511319000043],[109.185922362,0.373243910000037],[109.186039512,0.373228630000022],[109.185815399,0.372976502000022],[109.185727951,0.372789113000061],[109.187225979,0.367380978000029],[109.187101737,0.367190733000025],[109.187160709,0.367150840000017],[109.187232664,0.365729730000048],[109.187356644,0.365681110000022],[109.186831551,0.36562276600006],[109.186056066,0.365194913000028],[109.185735176,0.364900763000024],[109.185660776,0.36454364300004],[109.185253841,0.364499650000031],[109.185173618,0.364446169000073],[109.185120136,0.36431246400002],[109.185066655,0.36431246400002],[109.184451615,0.364285723000018],[109.183702871,0.364472909000016],[109.182579755,0.364686836000028],[109.181349676,0.364713577000034],[109.180895081,0.36463335500003],[109.180788118,0.364526392000064],[109.180440486,0.364606614000014],[109.179317371,0.364900763000024],[109.177311806,0.365248394000036],[109.177167796,0.36525427200007],[109.176001504,0.365301876000041],[109.175145797,0.36516817200003],[109.174370312,0.364820541000021],[109.173808754,0.364606614000014],[109.17371305,0.364558762000059],[109.173621568,0.364686836000028],[109.173407641,0.36457987300003],[109.173140233,0.364152019000071],[109.173179035,0.364022679000066],[109.173013214,0.364018315000061],[109.172852768,0.364111908000038],[109.172665582,0.364192130000047],[109.172638247,0.364224933000056],[109.172411544,0.364205501000063],[109.171890098,0.364285723000018],[109.171515726,0.364365946000015],[109.171194835,0.364472909000016],[109.170989591,0.364518520000046],[109.170954168,0.364526391000025],[109.170793723,0.36457987300003],[109.170646648,0.36463335500003],[109.170553055,0.364686836000028],[109.170459462,0.364726948000053],[109.170385125,0.364788895000062],[109.170388328,0.364791137000051],[109.167912106,0.36565975900003],[109.167942479,0.36570633100006]]]]},"properties":{"gid":6477,"luas":47.53414325049642,"kdkab":"04","kdkec":"120","nmkab":"MEMPAWAH","nmkec":"TOHO","iddesa":"6104120008","kddesa":"008","kdprov":"61","nmdesa":"KECURIT","nmprov":"KALIMANTAN BARAT","rw_dki":"","sumber":"BPS","periode":"2023_1"}},{"id":6478,"type":"Feature","geometry":{"type":"MultiPolygon","coordinates":[[[[109.282948663,0.339586530000013],[109.280280641,0.339277601000052],[109.27902836,0.339132600000025],[109.279028324,0.339132596000059],[109.27069875,0.338168119000043],[109.269016033,0.337973278000053],[109.265835047,0.337604954000032],[109.265688372,0.337841264000068],[109.26393655,0.337171270000052],[109.26357337,0.337032370000033],[109.26311065,0.336855400000036],[109.261521538,0.336710932000073],[109.26099155,0.33666275000007],[109.260911687,0.336674159000044],[109.25863165,0.336999880000063],[109.256669671,0.337146298000044],[109.25540484,0.337240690000046],[109.25400816,0.337192530000025],[109.25145561,0.337674140000047],[109.250700632,0.337997703000039],[109.249176757,0.33916301900006],[109.248828919,0.339429013000023],[109.24903479,0.341075980000035],[109.249059009,0.341269731000074],[109.250598569,0.341896959000049],[109.24851092,0.343636667000058],[109.247821364,0.344395178000063],[109.247170117,0.345111550000074],[109.246365636,0.345996480000051],[109.246269098,0.346334362000038],[109.24605804,0.347073065000077],[109.245711975,0.34828429100002],[109.245507522,0.348999877000035],[109.244649408,0.350823369000063],[109.244971201,0.35318318100002],[109.245103126,0.353593613000046],[109.24470304,0.355113937000052],[109.245090331,0.355727146000037],[109.24470304,0.356615635000015],[109.24470304,0.357420117000047],[109.245138872,0.357746991000062],[109.245942747,0.359057010000069],[109.24505123,0.36009711300005],[109.244943966,0.361277019000047],[109.24505123,0.362349661000048],[109.245252931,0.362664819000025],[109.245149336,0.362744508000044],[109.244407645,0.363315039000036],[109.243510566,0.363853286000053],[109.244424849,0.363931335000069],[109.249239431,0.364342335000058],[109.251058194,0.361412106000046],[109.251632894,0.361667528000059],[109.25485082,0.363383755000019],[109.257854218,0.36467092500004],[109.258649505,0.365148097000028],[109.259999502,0.365958096000034],[109.260857616,0.366816209000028],[109.261296706,0.367255300000061],[109.261317399,0.36727599300002],[109.26132808,0.367398827000045],[109.261355388,0.367712871000038],[109.261462653,0.368785513000029],[109.261533076,0.369149368000022],[109.26159742,0.369194945000062],[109.261588298,0.369351324000032],[109.26228592,0.370663158000069],[109.262741729,0.371520277000063],[109.262820615,0.371587894000065],[109.263217404,0.37152867200006],[109.263636988,0.371838518000064],[109.263667019,0.371973658000051],[109.263804029,0.372001763000071],[109.264179454,0.372122435000048],[109.264487838,0.372269924000017],[109.264635005,0.37231352900006],[109.264849855,0.372377188000028],[109.264997343,0.372444228000059],[109.265131424,0.37249786000006],[109.26529232,0.372564900000043],[109.26562752,0.37263194000002],[109.265993303,0.372603803000058],[109.266118201,0.372710859000054],[109.266388694,0.372717248000066],[109.266549736,0.372805490000066],[109.267202887,0.372504036000069],[109.267152645,0.371951369000048],[109.267579705,0.371423824000032],[109.268232857,0.371298218000047],[109.268373832,0.371113866000021],[109.268257978,0.370946521000061],[109.268716388,0.370731641000029],[109.269237705,0.370268248000056],[109.269388432,0.369916552000059],[109.269354566,0.369397275000036],[109.269525294,0.369202158000055],[109.269532669,0.369138241000036],[109.269565074,0.369088386000037],[109.269666634,0.368932140000033],[109.269824534,0.368794615000069],[109.270161274,0.368303535000053],[109.270400234,0.368181617000064],[109.270738354,0.367726455000017],[109.270852188,0.367630134000023],[109.270936956,0.367517110000051],[109.271043106,0.367375576000033],[109.271735003,0.366726921000051],[109.271901219,0.366571094000054],[109.273027493,0.365552084000062],[109.274690088,0.364318546000046],[109.27576273,0.363889489000025],[109.276889004,0.36346043200007],[109.277659544,0.363158917000012],[109.278122543,0.36297774300004],[109.279054949,0.363210845000021],[109.279624214,0.363353161000028],[109.279624242,0.363353168000052],[109.280589619,0.363514064000063],[109.282252214,0.363567696000075],[109.283807545,0.364425810000052],[109.285932616,0.36499595100003],[109.286006461,0.365015763000021],[109.287079103,0.365712980000067],[109.288473538,0.367107415000022],[109.289224387,0.36807279300006],[109.289576494,0.368590596000037],[109.290136133,0.369413595000016],[109.290618822,0.370110813000042],[109.291316039,0.370915294000036],[109.292495945,0.372363361000045],[109.293354059,0.373489635000049],[109.294104908,0.374294116000035],[109.294783959,0.374973168000042],[109.296354126,0.369855589000044],[109.297765537,0.365255436000047],[109.297615696,0.365110327000019],[109.29810446,0.364404334000026],[109.299374465,0.362569882000051],[109.299876669,0.361844477000024],[109.300638749,0.360743693000068],[109.300670055,0.360698474000065],[109.3008025,0.360897142000044],[109.301852823,0.359751335000043],[109.302048096,0.359538309000066],[109.302463088,0.359090459000073],[109.301852787,0.358757568000045],[109.301323961,0.358469117000021],[109.297943976,0.356625491000037],[109.297899778,0.356601383000045],[109.29713065,0.356181860000045],[109.29600138,0.355234730000051],[109.29586038,0.355199211000069],[109.295626679,0.354313958000029],[109.29537873,0.353374730000038],[109.295209198,0.353198134000024],[109.295155047,0.353141727000037],[109.296283767,0.350364201000038],[109.29637182,0.35020944100006],[109.296987503,0.349127331000023],[109.296184953,0.348578840000067],[109.290471332,0.344673954000023],[109.288769662,0.343510974000025],[109.286853123,0.342192875000018],[109.286485384,0.341840553000053],[109.286166769,0.341535294000037],[109.286049553,0.341422993000036],[109.284303246,0.340461008000029],[109.283575785,0.339991381000065],[109.282948663,0.339586530000013]]]]},"properties":{"gid":6478,"luas":17.216962401155648,"kdkab":"04","kdkec":"120","nmkab":"MEMPAWAH","nmkec":"TOHO","iddesa":"6104120002","kddesa":"002","kdprov":"61","nmdesa":"SAMBORA","nmprov":"KALIMANTAN BARAT","rw_dki":"","sumber":"BPS","periode":"2023_1"}},{"id":6479,"type":"Feature","geometry":{"type":"MultiPolygon","coordinates":[[[[109.203209842,0.408966817000013],[109.200539454,0.410593326000029],[109.200551651,0.410534472000046],[109.200324666,0.410673960000044],[109.199241258,0.411339741000052],[109.199239362,0.411357186000029],[109.195855171,0.41674560800004],[109.195810725,0.41681637500004],[109.195789383,0.416850356000056],[109.195736898,0.416813422000067],[109.194620006,0.416768747000053],[109.194586191,0.41676739400003],[109.193915899,0.416950201000024],[109.193525356,0.416950201000024],[109.19318363,0.416803747000073],[109.192760524,0.416839006000032],[109.192597816,0.416852565000046],[109.191719094,0.417145472000075],[109.19088919,0.417291926000066],[109.189864015,0.417145472000075],[109.188399478,0.417096654000036],[109.187764846,0.417145472000075],[109.187081395,0.417243108000033],[109.185714495,0.417487198000055],[109.18479498,0.417523978000021],[109.184640501,0.417755696000033],[109.184396412,0.418195057000037],[109.184030278,0.418756462000036],[109.18376178,0.419220232000037],[109.183493281,0.41985486500004],[109.182980693,0.42068476900005],[109.182297243,0.421172947000054],[109.18029571,0.421514673000042],[109.180138593,0.421458560000071],[109.179760692,0.421323595000035],[109.179356936,0.421472347000013],[109.178404311,0.420692927000059],[109.176304977,0.420832883000064],[109.176225007,0.421037251000019],[109.175256732,0.421262573000024],[109.172010107,0.42201807700007],[109.171311547,0.422180635000072],[109.170206755,0.422437725000059],[109.169245573,0.422661396000026],[109.16913401,0.422725146000066],[109.168982826,0.422825936000033],[109.168838842,0.422912326000076],[109.168651662,0.423005916000029],[109.168421287,0.423085108000069],[109.168169314,0.423157100000019],[109.168000458,0.423199314000038],[109.168063946,0.42333581400004],[109.167544774,0.424675612000037],[109.167293562,0.425847935000042],[109.166506431,0.427103995000035],[109.166104492,0.428628015000072],[109.166422694,0.42981708500002],[109.166824633,0.430219025000029],[109.168164431,0.429917570000036],[109.168733845,0.430353004000032],[109.169386996,0.431123388000054],[109.170626309,0.431944014000065],[109.171580915,0.432630660000029],[109.170592814,0.434791084000029],[109.169403744,0.435611710000031],[109.169487481,0.436181124000031],[109.169973158,0.438090336000063],[109.170358349,0.43887746700005],[109.171128733,0.439564113000074],[109.173171924,0.439664598000026],[109.173557116,0.440066537000059],[109.173490126,0.440719689000045],[109.173426516,0.441323985000043],[109.173389642,0.441674294000051],[109.173724591,0.441925507000057],[109.174813177,0.442143224000067],[109.174880166,0.442712638000041],[109.174176773,0.44313132400004],[109.173624106,0.444136173000058],[109.173791581,0.444856314000041],[109.174478227,0.44532524300007],[109.175215116,0.445492718000019],[109.176588408,0.446397081000029],[109.177543014,0.446631546000035],[109.177660247,0.446983243000019],[109.177023843,0.44751916200005],[109.175365843,0.448373283000022],[109.175047641,0.449043181000043],[109.175371014,0.449420449000051],[109.16033924,0.454875193000017],[109.155482173,0.456637730000059],[109.148551176,0.46776637200003],[109.148631804,0.46778352700005],[109.149004901,0.468508278000058],[109.15044357,0.471302935000045],[109.150357453,0.47195742500003],[109.150440986,0.472412213000043],[109.150765834,0.472774186000025],[109.150905054,0.472941251000051],[109.1510814,0.473164004000067],[109.15141553,0.473618791000035],[109.151545469,0.473878669000048],[109.151647564,0.474175673000039],[109.151693971,0.474370582000061],[109.151768222,0.474537647000035],[109.151972412,0.474769681000048],[109.152195165,0.474946027000045],[109.152399355,0.475085248000019],[109.152455957,0.475126413000048],[109.152631389,0.475382252000029],[109.152946956,0.475790632000047],[109.153485276,0.476347514000048],[109.153745154,0.47662595600001],[109.154042158,0.476978648000053],[109.154121836,0.47709454400006],[109.154246348,0.477275652000051],[109.154506227,0.477702595000029],[109.154580478,0.477999599000039],[109.154487664,0.478240914000026],[109.154357725,0.478537918000017],[109.154320599,0.478760671000031],[109.154357725,0.479057675000024],[109.154413413,0.479243303000035],[109.154580478,0.479447493000064],[109.154691854,0.479558869000063],[109.15493317,0.479837310000044],[109.154970295,0.480171440000035],[109.154967298,0.480181932000051],[109.155175213,0.480270676000037],[109.15750418,0.481264747000058],[109.157513391,0.481248079000072],[109.15764333,0.481071733000021],[109.157717581,0.48105317000004],[109.157921772,0.480960356000017],[109.15811668,0.481071733000021],[109.158627156,0.481238798000056],[109.158961285,0.481433706000073],[109.159202601,0.481572927000055],[109.15933254,0.481628615000036],[109.159583137,0.481721429000063],[109.15987086,0.481860650000044],[109.160437024,0.482157653000055],[109.161810667,0.482695973000029],[109.162274735,0.482863038000056],[109.162338549,0.482885083000033],[109.162409826,0.48264615500005],[109.166029118,0.482020598000017],[109.166296047,0.481974462000025],[109.166316773,0.48168430300007],[109.166369423,0.481605329000043],[109.181653676,0.482439016000055],[109.181108273,0.480330124000032],[109.180575169,0.47215587200002],[109.180489766,0.470846356000037],[109.180473677,0.470599655000055],[109.186454059,0.455098506000064],[109.186172162,0.455415640000062],[109.184512354,0.455708547000016],[109.184244417,0.456009977000072],[109.184121811,0.456147908000041],[109.183487179,0.456440815000065],[109.183437311,0.456390947000039],[109.183047818,0.456001454000041],[109.182850105,0.455452252000038],[109.182358465,0.455255596000023],[109.183026724,0.453844827000065],[109.184214739,0.45325081900005],[109.183991986,0.452731063000037],[109.183718082,0.452183255000018],[109.183472229,0.451691549000023],[109.186094006,0.450001959000068],[109.186813524,0.449538270000064],[109.188605342,0.449287416000068],[109.190239224,0.447081675000045],[109.191633659,0.446223561000063],[109.192599036,0.445901769000034],[109.193349886,0.445579976000031],[109.194422528,0.445365448000067],[109.19753319,0.443971013000068],[109.19830653,0.443661676000027],[109.199166707,0.449491763000021],[109.202889381,0.448923021000047],[109.202455993,0.443446575000045],[109.203378566,0.442442599000056],[109.204877435,0.442496130000045],[109.206754559,0.442281602000023],[109.207343299,0.442281602000023],[109.209635563,0.441127979000047],[109.211837661,0.439624751000044],[109.217820681,0.435540533000048],[109.219578719,0.436318127000054],[109.220836074,0.436406673000027],[109.223764446,0.436612897000022],[109.223875912,0.436525317000079],[109.224024095,0.436408887000025],[109.224712292,0.435789509000063],[109.225428795,0.435707624000023],[109.226155971,0.435624518000056],[109.22690682,0.435356357000034],[109.227389509,0.434766404000069],[109.227550406,0.434122819000037],[109.227764934,0.433640130000072],[109.228247623,0.432621120000019],[109.228583207,0.431854070000039],[109.228623048,0.431763006000036],[109.229052104,0.430529468000035],[109.229642057,0.429349562000027],[109.229910218,0.428759609000052],[109.230124746,0.427955127000075],[109.230017482,0.427257910000029],[109.230010062,0.427217098000017],[109.230122658,0.426820758000013],[109.230142479,0.426809823000036],[109.230379609,0.426448482000066],[109.230412664,0.426305244000046],[109.230639149,0.425950998000069],[109.230662474,0.425064663000054],[109.230663558,0.425023458000047],[109.230650906,0.425017891000039],[109.230651354,0.425017356000073],[109.230651354,0.424761062000065],[109.230648582,0.424753440000071],[109.2306224,0.42289451800002],[109.230612604,0.42278431200003],[109.230571517,0.422640507000035],[109.22899515,0.420658788000014],[109.229043387,0.420662525000071],[109.229315876,0.420408282000031],[109.2291699,0.420279336000017],[109.229158666,0.42029316300005],[109.228369118,0.419702309000065],[109.228368902,0.419702305000048],[109.228009086,0.419427708000052],[109.228010315,0.419416234000034],[109.227981487,0.419401820000068],[109.227557521,0.419024961000049],[109.227051595,0.418572143000065],[109.22667773,0.41823752400006],[109.226463789,0.418046041000023],[109.226457784,0.418030736000043],[109.226068419,0.417680308000049],[109.226068364,0.41768025800008],[109.226068153,0.417681924000016],[109.22598601,0.417768333000015],[109.225984479,0.417783461000052],[109.225665535,0.418112373000031],[109.225475788,0.418393996000017],[109.224547008,0.418703590000062],[109.22358163,0.419186279000015],[109.223152573,0.419508072000034],[109.22256262,0.419883496000065],[109.222512306,0.419908653000053],[109.222240828,0.420044393000062],[109.22217911,0.420077067000019],[109.221329082,0.420527081000041],[109.220846393,0.420795242000063],[109.220587135,0.420881661000071],[109.219435446,0.42157267500005],[109.219421132,0.421581264000043],[109.217419496,0.418048966000062],[109.217221198,0.417878997000059],[109.216212364,0.41701428200002],[109.2157195,0.416591826000057],[109.21420922,0.415836686000024],[109.214217801,0.415733713000064],[109.213788744,0.414982863000031],[109.213466951,0.414446542000055],[109.212608838,0.413373900000055],[109.210892611,0.412193994000052],[109.209927233,0.411443145000009],[109.209283648,0.411121352000066],[109.209276724,0.411118385000071],[109.208532798,0.410799559000051],[109.207674685,0.410799559000051],[109.206829979,0.410920232000027],[109.206654753,0.410745005000029],[109.206602043,0.41069229500004],[109.205529401,0.409726917000046],[109.204781714,0.409560765000035],[109.204795961,0.409363347000068],[109.204009976,0.409166851000056],[109.203209842,0.408966817000013]]]]},"properties":{"gid":6479,"luas":30.535358732729758,"kdkab":"04","kdkec":"120","nmkab":"MEMPAWAH","nmkec":"TOHO","iddesa":"6104120009","kddesa":"009","kdprov":"61","nmdesa":"TOHO ILIR","nmprov":"KALIMANTAN BARAT","rw_dki":"","sumber":"BPS","periode":"2023_1"}},{"id":6480,"type":"Feature","geometry":{"type":"MultiPolygon","coordinates":[[[[109.160265008,0.151720787000044],[109.160158034,0.151773136000023],[109.158903581,0.152387018000068],[109.158861256,0.152400244000024],[109.15853654,0.152501718000049],[109.15846361,0.152760500000051],[109.15748934,0.153276290000067],[109.157348478,0.153471329000074],[109.156661984,0.154421861000062],[109.155977959,0.15502297400008],[109.154819297,0.155689204000049],[109.154636102,0.155890273000066],[109.154296548,0.155949326000038],[109.153182784,0.156394832000043],[109.152514525,0.156766086000062],[109.151697764,0.157434345000062],[109.151326509,0.157731349000076],[109.148727725,0.158176855000019],[109.147985215,0.158325357000015],[109.14687145,0.158919365000026],[109.145683435,0.159661875000035],[109.144198415,0.16084989000006],[109.14402791,0.161020395000027],[109.143923571,0.161124734000052],[109.143840457,0.161142671000042],[109.14340479,0.161236690000065],[109.142937685,0.161755696000052],[109.142416392,0.162334910000017],[109.141005623,0.163003169000031],[109.139817607,0.163225922000029],[109.137664329,0.163671427000048],[109.136422585,0.163857689000045],[109.13617931,0.163894180000062],[109.134768541,0.164042682000055],[109.13395178,0.163597176000048],[109.133717797,0.163327196000072],[109.132573017,0.163574245000055],[109.132652388,0.163824570000034],[109.132578137,0.164678456000038],[109.132429635,0.16508683700004],[109.132132631,0.166014974000068],[109.131882638,0.166898285000049],[109.131575749,0.167982625000034],[109.131538623,0.168502382000037],[109.131538623,0.168539507000049],[109.131538623,0.170247280000059],[109.131204494,0.172771813000051],[109.130870213,0.17306789000002],[109.130870365,0.173068817000055],[109.131277284,0.173024407000071],[109.135688536,0.172542976000052],[109.145191944,0.171505802000066],[109.14536804,0.171486583000042],[109.148465574,0.171148527000073],[109.156368502,0.170286025000047],[109.156939709,0.170158415000058],[109.158949129,0.16970950300004],[109.159498155,0.169586848000048],[109.16110989,0.170835943000039],[109.163120734,0.171722669000068],[109.164105471,0.17215691000007],[109.164637157,0.172320506000054],[109.165639545,0.172766012000056],[109.166567683,0.173137267000068],[109.166883302,0.173268774000062],[109.167013189,0.173322894000021],[109.168089828,0.173731275000027],[109.169128639,0.174234941000058],[109.169314969,0.17432528300003],[109.170020353,0.174585161000036],[109.170837114,0.174845040000044],[109.171257427,0.17497113300004],[109.171579624,0.175067792000039],[109.171913753,0.175179169000036],[109.172804765,0.175698926000049],[109.173992781,0.176367185000064],[109.174215533,0.176552812000061],[109.174512537,0.176701314000066],[109.174920918,0.176886941000013],[109.175056578,0.177034935000053],[109.175329298,0.17612586900003],[109.175552051,0.175197732000065],[109.175737679,0.174232469000058],[109.175798539,0.173928169000021],[109.175904164,0.17340003900006],[109.175604024,0.173288696000045],[109.175980513,0.17091175900002],[109.176252576,0.169194104000028],[109.176252582,0.169194070000053],[109.17663978,0.167935675000023],[109.177157747,0.168016924000026],[109.177295997,0.167685122000015],[109.177491998,0.167214720000062],[109.177945485,0.166126350000066],[109.177920172,0.166016661000072],[109.178131112,0.165755096000049],[109.178356287,0.165035991000021],[109.179217882,0.163456399000033],[109.180504383,0.161097815000065],[109.180961613,0.160259559000046],[109.183031589,0.156464604000054],[109.183422185,0.155127109000034],[109.183967917,0.153258390000073],[109.184061909,0.152181088000013],[109.184349632,0.150621818000033],[109.184269921,0.150639934000029],[109.18427541,0.150608999999987],[109.184128349,0.150548445000016],[109.18430491,0.150465357000028],[109.184305283,0.150457763000023],[109.184312506,0.150310892000056],[109.184142633,0.150353360000051],[109.184100195,0.150323654000035],[109.184007381,0.150100901000026],[109.184020145,0.150018846000023],[109.183995742,0.150014409000047],[109.183636126,0.150138026000031],[109.181752717,0.149639477000049],[109.181489444,0.149357398000058],[109.180192328,0.148728200000041],[109.179616242,0.148671844000031],[109.178720972,0.148263562000075],[109.178607687,0.148265204000039],[109.178612431,0.148141849000067],[109.178515112,0.148126366000039],[109.178304476,0.148126366000039],[109.178074101,0.148155163000069],[109.177786132,0.14827035100007],[109.177555756,0.14861591400005],[109.17723899,0.148673508000052],[109.177193966,0.148657299000032],[109.17716701,0.14867157000003],[109.177032515,0.148607525000043],[109.176730785,0.148557873000064],[109.176668416,0.148470555000066],[109.176399375,0.148476534000045],[109.176217486,0.148381800000032],[109.175849561,0.148400326000056],[109.175626302,0.148374566000031],[109.175217922,0.148318877000054],[109.17473529,0.148188938000026],[109.174424832,0.148154443000058],[109.174234096,0.148133250000053],[109.173955655,0.148133250000053],[109.173640088,0.148151813000019],[109.173342713,0.148239924000054],[109.173138894,0.148300315000023],[109.172600575,0.14846737900007],[109.172266445,0.148597319000023],[109.171932316,0.148708695000034],[109.171579624,0.148727258000057],[109.171245494,0.148634444000031],[109.17097766,0.148394803000029],[109.170711581,0.148254761000031],[109.170410171,0.148096124000063],[109.169964665,0.148244626000057],[109.169927539,0.148356003000054],[109.169630536,0.148875760000062],[109.169370657,0.149247015000069],[109.169053484,0.149535353000028],[109.168875006,0.149586347000017],[109.168616581,0.149660183000032],[109.168542324,0.149681399000027],[109.167822401,0.149738993000034],[109.1669009,0.149911775000018],[109.166267368,0.150055759000048],[109.165576242,0.15034372800005],[109.165173085,0.150401322000047],[109.164251584,0.150574104000032],[109.163704443,0.150602901000064],[109.163099708,0.150746885000037],[109.162408582,0.150948463000024],[109.162115154,0.151046273000008],[109.161898342,0.151092403000059],[109.161452637,0.151315256000027],[109.160379244,0.151681780000039],[109.160265008,0.151720787000044]]]]},"properties":{"gid":6480,"luas":10.21197690495493,"kdkab":"04","kdkec":"081","nmkab":"MEMPAWAH","nmkec":"SEGEDONG","iddesa":"6104081002","kddesa":"002","kdprov":"61","nmdesa":"SUNGAI BURUNG","nmprov":"KALIMANTAN BARAT","rw_dki":"","sumber":"BPS","periode":"2023_1"}},{"id":6481,"type":"Feature","geometry":{"type":"MultiPolygon","coordinates":[[[[109.060742025,0.273029897000067],[109.060068761,0.270488560000044],[109.060001485,0.270519470000065],[109.059983002,0.270527962000074],[109.059976453,0.270511417000017],[109.059952452,0.270427412000056],[109.059862447,0.270379410000022],[109.059802444,0.270385410000081],[109.059772443,0.270451414000034],[109.059754442,0.270565420000023],[109.059754442,0.270631423000053],[109.059754442,0.270632976000058],[109.059717905,0.270649764000034],[109.059433427,0.270706659000042],[109.059509287,0.270886829000056],[109.059708422,0.270981655000062],[109.059329118,0.271076481000014],[109.058997227,0.271076481000014],[109.058779127,0.27119975500005],[109.05860844,0.271332511000016],[109.058646371,0.271436820000016],[109.058561027,0.271531646000017],[109.058371375,0.271560093000053],[109.058210171,0.271579059000023],[109.058181723,0.271835089000028],[109.058181723,0.271929915000031],[109.05809638,0.271986811000028],[109.05791621,0.271986811000028],[109.057783454,0.272053189000078],[109.05762225,0.272176463000052],[109.057527424,0.272204910000016],[109.05740415,0.272299736000039],[109.05739402,0.272312905000023],[109.05742632,0.272347513000059],[109.057516325,0.272419516000062],[109.057546326,0.27252152200002],[109.057498324,0.272509521000071],[109.057366317,0.272419516000062],[109.057306314,0.27246751900003],[109.057270312,0.272479520000044],[109.057229438,0.272433536000042],[109.057204699,0.272450796000045],[109.057198308,0.272449518000025],[109.057084302,0.272401516000059],[109.056940295,0.272449518000025],[109.056904293,0.272563524000017],[109.056914824,0.272653035000076],[109.056822482,0.272717459000028],[109.05684429,0.272773535000044],[109.05685629,0.272929543000023],[109.056802288,0.272959545000047],[109.056670281,0.272965545000026],[109.056546119,0.272972849000041],[109.056441365,0.273072947000063],[109.056538274,0.273175556000071],[109.056646279,0.273283562000068],[109.056580276,0.273259560000032],[109.05646627,0.273265561000068],[109.056418268,0.273265561000068],[109.056388266,0.273247560000071],[109.056322263,0.273211558000073],[109.056307721,0.273200651000014],[109.056276894,0.273230108000063],[109.056133312,0.273367309000028],[109.056216858,0.273504916000033],[109.056247352,0.273602495000027],[109.05621076,0.273852542000033],[109.056015601,0.273822049000046],[109.055826541,0.27379155500006],[109.055722863,0.273767160000035],[109.055717442,0.273764696000053],[109.055562803,0.273912462000054],[109.05546046,0.274010256000057],[109.055455034,0.274006243000033],[109.055456764,0.274033917000053],[109.055327675,0.274136113000051],[109.055271559,0.274041602000061],[109.054991018,0.274065997000035],[109.054954426,0.274126984000014],[109.054881241,0.274248958000035],[109.054856846,0.274346538000029],[109.054722675,0.274444117000027],[109.054576306,0.274468512000056],[109.054222581,0.274590486000019],[109.054125001,0.274651473000062],[109.053929843,0.27477344700003],[109.053795671,0.274932014000049],[109.053759079,0.275053988000018],[109.053734684,0.275114975000062],[109.053527328,0.275102777000034],[109.053258985,0.275114975000062],[109.053124813,0.275261344000049],[109.053112616,0.27541991000004],[109.053100418,0.275566279000026],[109.053099655,0.275589939000031],[109.053039431,0.275566279000026],[109.052795483,0.275566279000026],[109.052636917,0.275688253000051],[109.052417363,0.275883412000042],[109.052307586,0.275968794000046],[109.05219781,0.276078571000021],[109.051990453,0.276261532000039],[109.051860513,0.276580476000054],[109.051821972,0.27660456400002],[109.0517709,0.276590862000031],[109.051685518,0.276590862000031],[109.051614418,0.276595306000047],[109.051501011,0.276583734000044],[109.051327002,0.276829747000018],[109.051335729,0.276864658000014],[109.051327002,0.276877749000053],[109.051328062,0.276881284000064],[109.051319596,0.276895798000053],[109.051325923,0.276916361000069],[109.05129549,0.276936976000061],[109.051315001,0.276985755000054],[109.051309001,0.277093760000063],[109.051291,0.277087760000027],[109.05118108,0.27701448000004],[109.051099166,0.277069970000065],[109.051068988,0.27703375700002],[109.050948982,0.276943753000059],[109.050954982,0.276991755000036],[109.050798974,0.277105761000029],[109.050678968,0.277171765000045],[109.050588963,0.277237768000011],[109.050546961,0.277351774000075],[109.05052896,0.277369775000072],[109.050420954,0.277387776000071],[109.050396953,0.27745377900004],[109.050312949,0.277507782000041],[109.050264946,0.277525783000036],[109.05015094,0.277531783000026],[109.050168941,0.277597787000046],[109.050054935,0.277669791000044],[109.04995293,0.277675791000022],[109.049922928,0.277735794000028],[109.049868926,0.27777779600006],[109.04975492,0.27777779600006],[109.049676916,0.277843800000022],[109.049676916,0.277933804000041],[109.049696158,0.278020395000052],[109.049644501,0.278055388000043],[109.049646914,0.278059811000041],[109.049628913,0.278155816000026],[109.04956891,0.278125814000011],[109.049548863,0.278117333000063],[109.049273783,0.278272813000063],[109.049274895,0.278287823000028],[109.049256894,0.278377827000036],[109.049154888,0.278443831000049],[109.049046883,0.27849783400007],[109.04898688,0.27846183200005],[109.048971557,0.278443636000019],[109.048572664,0.278669098000026],[109.048562979,0.278749805000073],[109.048575177,0.279054741000039],[109.048501992,0.279127925000065],[109.048294636,0.279005951000041],[109.048172591,0.278919801000029],[109.0478677,0.27918951300006],[109.047858821,0.279265874000029],[109.047801818,0.279352878000046],[109.047675811,0.27940388100006],[109.04765781,0.279490886000066],[109.047603807,0.279547889000064],[109.047477801,0.279604892000068],[109.04739491,0.279607750000026],[109.047347599,0.279649602000061],[109.047336793,0.279649894000041],[109.047156784,0.279697896000073],[109.046964774,0.279757900000047],[109.046868769,0.279877906000023],[109.046760763,0.279985911000041],[109.046604755,0.280129919000041],[109.046604755,0.280264798000069],[109.046604455,0.280264978000052],[109.046592755,0.280261926000031],[109.046448747,0.280261926000031],[109.046292739,0.280333930000039],[109.046172733,0.280405933000042],[109.046004724,0.280513939000051],[109.04592072,0.280597943000018],[109.045680707,0.280729950000014],[109.045644705,0.280801954000032],[109.045647346,0.280815159000031],[109.045533119,0.280872273000054],[109.045574612,0.281006327000051],[109.04548923,0.281201486000038],[109.045245282,0.281091709000062],[109.045205536,0.281036065000025],[109.045197061,0.281040302000056],[109.04511476,0.281058194000016],[109.044403775,0.281573045000073],[109.044693115,0.281573045000073],[109.044895882,0.281619837000038],[109.044928521,0.281605150000077],[109.045399952,0.281635565000035],[109.045795345,0.281939713000046],[109.046038664,0.282319899000071],[109.046449265,0.282989026000048],[109.046981525,0.283734191000073],[109.0475442,0.284540185000016],[109.048076461,0.284905164000052],[109.048167705,0.285026823000064],[109.048547891,0.285528669000022],[109.049140981,0.286243418000017],[109.049566789,0.28679088600006],[109.04991656,0.287307939000076],[109.050144672,0.287688125000051],[109.050163253,0.287728770000057],[109.050387991,0.288220385000041],[109.050768177,0.288737438000042],[109.051254815,0.289345735000042],[109.051361887,0.289519727000031],[109.051517983,0.289636180000055],[109.051691862,0.289908289000036],[109.05189947,0.290233181000065],[109.051731908,0.290361845000051],[109.052149246,0.291141286000014],[109.052719265,0.292205878000055],[109.052986617,0.292674773000041],[109.053348463,0.293309395000044],[109.05411318,0.294567790000028],[109.056855677,0.295736960000048],[109.057219824,0.296020186000011],[109.057568256,0.296368618000019],[109.057916688,0.296891267000039],[109.058178013,0.297501023000047],[109.059310418,0.29906896900008],[109.059245139,0.299428004000054],[109.059835483,0.300170696000058],[109.061775304,0.298821255000072],[109.062188969,0.298621555000074],[109.062089148,0.298388640000034],[109.062108606,0.298376374000048],[109.063161553,0.297712636000031],[109.064270514,0.297013588000024],[109.064589603,0.296841926000064],[109.066084053,0.296037950000026],[109.066122535,0.296017248000048],[109.068463596,0.29475781600007],[109.068820426,0.294565850000026],[109.0702057,0.293845120000068],[109.07021756,0.293864528000027],[109.070218354,0.293862861000023],[109.070005587,0.293368490000034],[109.068702907,0.290341676000014],[109.068708468,0.29034046000004],[109.06870489,0.290332472000046],[109.068704512,0.290331628000044],[109.068748158,0.29027257800004],[109.067946103,0.288395305000051],[109.067891577,0.288374101000041],[109.067908228,0.288365247000057],[109.067234031,0.286763432000033],[109.067182778,0.286739026000013],[109.067186216,0.286734743000072],[109.06685629,0.285725838000077],[109.066846559,0.285720487000051],[109.06658008,0.284810905000021],[109.066488111,0.284496983000046],[109.066460388,0.284487423000026],[109.066465039,0.284485112000012],[109.066107194,0.283322115000031],[109.066087121,0.283308991000069],[109.066099506,0.283297653000021],[109.065876503,0.282941247000046],[109.065770735,0.282772208000037],[109.065749384,0.282772208000037],[109.065753123,0.282769273000034],[109.065086776,0.281747736000051],[109.065064317,0.281742273000017],[109.065066228,0.281738930000074],[109.064784424,0.281280999999992],[109.064765812,0.281287768000026],[109.064756831,0.281274751000073],[109.064755708,0.28127312300006],[109.064750972,0.281274630000042],[109.06471792,0.28128514700005],[109.064257642,0.280595864000015],[109.064256467,0.280596452000043],[109.063842266,0.280094390000046],[109.063842883,0.280091473000021],[109.062918535,0.279205754000027],[109.062922412,0.279204089000075],[109.06231372,0.278592738000044],[109.062268146,0.278602414000026],[109.061998954,0.278316741000017],[109.06199692,0.278317350000056],[109.061940226,0.278047378000043],[109.061933265,0.278048892000074],[109.061760465,0.277363094000055],[109.061745067,0.277362524000068],[109.061709772,0.277074736000016],[109.061706321,0.277074692000033],[109.061656504,0.276811768000071],[109.061659876,0.276811768000071],[109.061622747,0.276621756000049],[109.061652355,0.276604837000035],[109.061185731,0.274790189000037],[109.061225638,0.274774695000072],[109.061195585,0.274665904000069],[109.060751508,0.273058344000047],[109.060720586,0.273068827000034],[109.060742025,0.273029897000067]]]]},"properties":{"gid":6481,"luas":4.576318321238806,"kdkab":"04","kdkec":"090","nmkab":"MEMPAWAH","nmkec":"SUNGAI PINYUH","iddesa":"6104090010","kddesa":"010","kdprov":"61","nmdesa":"SUNGAI BATANG","nmprov":"KALIMANTAN BARAT","rw_dki":"","sumber":"BPS","periode":"2023_1"}},{"id":6482,"type":"Feature","geometry":{"type":"MultiPolygon","coordinates":[[[[109.034153446,0.28854189700007],[109.033663899,0.288426709000015],[109.033203148,0.288426709000015],[109.031962902,0.28883217400004],[109.031705709,0.288916257000029],[109.03066902,0.289492195000023],[109.030130086,0.289784118000052],[109.029286768,0.29024091500002],[109.028451658,0.290788056000055],[109.027472563,0.291479182000042],[109.026781437,0.291939932000046],[109.026601508,0.292073997000042],[109.025312795,0.293034215000024],[109.024304903,0.29389812200003],[109.023095433,0.294502857000052],[109.021828369,0.29519398300005],[109.020849274,0.295683531000061],[109.020020136,0.296083804000027],[109.02250941,0.300396871000034],[109.022508563,0.300409744000037],[109.022522077,0.300431704000054],[109.023400067,0.302226277000045],[109.023481762,0.302367160000066],[109.023564626,0.302824164000068],[109.023647803,0.303282898000019],[109.023625666,0.303345052000049],[109.024127019,0.304144578000027],[109.024910173,0.305393503000058],[109.025484528,0.306309448000032],[109.026758801,0.308341578000056],[109.027241439,0.309111260000059],[109.028003648,0.310477658000016],[109.028464154,0.311303199000059],[109.028806723,0.311917317000051],[109.028898899,0.311991521000038],[109.029037739,0.312233206000027],[109.029180491,0.312194560000019],[109.035706797,0.310427771000023],[109.035717037,0.310442561000056],[109.035723918,0.310440709000021],[109.035749657,0.310433779000047],[109.03637776,0.31135350100004],[109.036682695,0.311292514000046],[109.036914446,0.311280317000075],[109.037097407,0.311182737000027],[109.039793036,0.310402103000049],[109.039675839,0.309792676000024],[109.041353465,0.309556529000024],[109.041356723,0.309561320000062],[109.043453011,0.308566246000043],[109.043464459,0.308572490000079],[109.043529663,0.30853833600003],[109.043976748,0.308304148000045],[109.046233589,0.307481739000021],[109.046855341,0.307255169000016],[109.047103962,0.307293419000078],[109.047489607,0.307352748000026],[109.048469764,0.306372591000065],[109.049144631,0.30596411800001],[109.050922684,0.304801545000031],[109.051409442,0.304483281000036],[109.051808833,0.304176057000058],[109.052416407,0.303708693000025],[109.054838885,0.303257044000021],[109.055313869,0.303168488000038],[109.056043864,0.303032387000034],[109.058831323,0.30102890100004],[109.059874559,0.300386910000044],[109.059963728,0.30033203600004],[109.059835483,0.300170696000058],[109.059245139,0.299428004000054],[109.059310418,0.29906896900008],[109.058178013,0.297501023000047],[109.057916688,0.296891267000039],[109.057568256,0.296368618000019],[109.057219824,0.296020186000011],[109.056855677,0.295736960000048],[109.05411318,0.294567790000028],[109.053348463,0.293309395000044],[109.052986617,0.292674773000041],[109.052719265,0.292205878000055],[109.052149246,0.291141286000014],[109.051731908,0.290361845000051],[109.05189947,0.290233181000065],[109.051691862,0.289908289000036],[109.051517983,0.289636180000055],[109.051361887,0.289519727000031],[109.051254815,0.289345735000042],[109.050768177,0.288737438000042],[109.050387991,0.288220385000041],[109.050163253,0.287728770000057],[109.050144672,0.287688125000051],[109.04991656,0.287307939000076],[109.049566789,0.28679088600006],[109.049140981,0.286243418000017],[109.048547891,0.285528669000022],[109.048167705,0.285026823000064],[109.048076461,0.284905164000052],[109.0475442,0.284540185000016],[109.046981525,0.283734191000073],[109.046449265,0.282989026000048],[109.046038664,0.282319899000071],[109.045795345,0.281939713000046],[109.045399952,0.281635565000035],[109.044928521,0.281605150000077],[109.044895882,0.281619837000038],[109.044693115,0.281573045000073],[109.044403775,0.281573045000073],[109.044145974,0.281573045000073],[109.044001989,0.281601842000038],[109.043800411,0.281803420000068],[109.043685223,0.28206259200004],[109.043681905,0.28209577800004],[109.043621085,0.28213982000005],[109.043570036,0.282292968000034],[109.043397254,0.282436952000068],[109.04287891,0.282638530000041],[109.042774625,0.282690673000047],[109.042245378,0.282955297000056],[109.041727033,0.283243266000061],[109.040891923,0.283704016000049],[109.040344782,0.284049579000058],[109.039855234,0.284308751000014],[109.039192905,0.284769502000072],[109.038867757,0.284944582000025],[109.038444186,0.285172659000066],[109.037666669,0.285547018000037],[109.035946426,0.286541534000033],[109.035852464,0.286497316000061],[109.035679682,0.286497316000061],[109.035276526,0.286842879000064],[109.035161338,0.287159645000035],[109.03504615,0.287418817000054],[109.034729384,0.287735583000034],[109.034556603,0.287965959000063],[109.034470212,0.288225131000039],[109.034470212,0.288426709000015],[109.034457414,0.28854189700007],[109.034327064,0.28854189700007],[109.034153446,0.28854189700007]]]]},"properties":{"gid":6482,"luas":8.53076032242576,"kdkab":"04","kdkec":"090","nmkab":"MEMPAWAH","nmkec":"SUNGAI PINYUH","iddesa":"6104090011","kddesa":"011","kdprov":"61","nmdesa":"SUNGAI BAKAU BESAR LAUT","nmprov":"KALIMANTAN BARAT","rw_dki":"","sumber":"BPS","periode":"2023_1"}},{"id":6483,"type":"Feature","geometry":{"type":"MultiPolygon","coordinates":[[[[109.231077016,0.029859007000032],[109.231816548,0.028675757000021],[109.231849535,0.028433853000013],[109.23186585,0.028314209000033],[109.230945544,0.028593587000047],[109.229532217,0.029448157000044],[109.227740908,0.03109156000004],[109.227593002,0.031650317000066],[109.227798862,0.031661445000058],[109.228201061,0.031683185000013],[109.230156711,0.030565671000035],[109.231077016,0.029859007000032]]],[[[109.179967184,0.034312629000055],[109.179594916,0.034591830000057],[109.178652462,0.035298671000026],[109.178591177,0.039037023000039],[109.178533518,0.04255419200007],[109.178520989,0.043318478000047],[109.177929364,0.045947922000047],[109.178060836,0.046473811000055],[109.179633877,0.047784679000069],[109.180230128,0.048281555000063],[109.180526737,0.048343591000046],[109.185258941,0.049333333000047],[109.186868995,0.049029549000074],[109.187000949,0.049004652000054],[109.187079471,0.048943200000052],[109.188512879,0.047821402000068],[109.189826956,0.046977207000047],[109.193936109,0.044337388000026],[109.196725158,0.04194227300008],[109.199753756,0.03934144300007],[109.200213908,0.039965936000034],[109.199632187,0.040490091000033],[109.198250394,0.041735144000036],[109.194375346,0.045226724000025],[109.193903241,0.045652110000051],[109.189728998,0.048511631000053],[109.189504462,0.049056933000031],[109.188896156,0.050534246000033],[109.188808692,0.050746659000019],[109.189014436,0.050762486000046],[109.191320649,0.050939887000032],[109.191372401,0.050943868000047],[109.191947868,0.050640440000053],[109.193180144,0.049990694000023],[109.193228545,0.049963510000049],[109.195579512,0.048643103000078],[109.19609023,0.048458506000031],[109.198307561,0.047657062000046],[109.203566451,0.04548777000002],[109.210370139,0.042135228000058],[109.21983614,0.036909206000078],[109.228447571,0.029250948000023],[109.231044148,0.027936226000065],[109.234856843,0.024583684000046],[109.239195686,0.019197534000054],[109.239622712,0.018667433000065],[109.239458371,0.018010072000035],[109.231208488,0.01787860000007],[109.227428662,0.018240148000066],[109.218685758,0.019193322000024],[109.215793369,0.020836725000032],[109.207057767,0.024887619000019],[109.205374194,0.025668330000026],[109.205033884,0.025762861000022],[109.197683068,0.027804754000045],[109.197201839,0.028098634000059],[109.193377352,0.030434198000012],[109.183911351,0.033589532000059],[109.180439855,0.034225973000048],[109.179967184,0.034312629000055]]],[[[109.23777739,0.032220999999996],[109.23586423,0.033113810000032],[109.23568545,0.033197240000043],[109.23360857,0.03440317000008],[109.23352379,0.034452400000025],[109.232949449,0.03480888900003],[109.23278054,0.034913730000021],[109.23150787,0.035703660000025],[109.23005399,0.036606070000066],[109.22947938,0.036962720000013],[109.228643986,0.037572333000071],[109.228571712,0.037543424000038],[109.228381504,0.037621236000063],[109.228312337,0.037681757000025],[109.228291191,0.037829779000053],[109.22689933,0.03884546000005],[109.22638573,0.039207320000056],[109.22527859,0.039987350000046],[109.22383116,0.041007120000064],[109.223129739,0.041591643000053],[109.223034225,0.041671238000043],[109.221891337,0.041836191000066],[109.220917027,0.042525097000064],[109.220791969,0.042496014000047],[109.219790805,0.043286407000038],[109.219730965,0.043295440000071],[109.219762409,0.043341494000061],[109.218530647,0.044212437000053],[109.218493932,0.044185572000056],[109.218346953,0.044289322000043],[109.218372681,0.04432413000006],[109.215994738,0.046005504000042],[109.215968052,0.045978818000028],[109.215765975,0.046114999999998],[109.215790092,0.046150203000017],[109.214545344,0.04703032800006],[109.212608857,0.048399561000053],[109.210420584,0.049946825000058],[109.211337661,0.051713047000019],[109.213546877,0.054431002000052],[109.213577106,0.054642601000068],[109.213724273,0.054829904000022],[109.214135411,0.05529841100002],[109.214497626,0.05571116700003],[109.214666397,0.055937875000036],[109.215660485,0.057273217000047],[109.217171064,0.059302354000074],[109.218379143,0.060925146000042],[109.218416278,0.060974972000051],[109.227454657,0.07310241800007],[109.227474639,0.073091096000031],[109.227608546,0.073260448000034],[109.229324602,0.075430755000065],[109.231500936,0.07835427600002],[109.234394255,0.082191389000061],[109.23650087,0.084985177000019],[109.237923811,0.086872279000024],[109.238523429,0.086649166000033],[109.23906262,0.086430700000043],[109.239601811,0.086165753000036],[109.240141003,0.085989121000058],[109.240661601,0.085877564000037],[109.241056699,0.085756711000045],[109.241225096,0.085645270000042],[109.241245409,0.085685897000072],[109.241299868,0.085664563000015],[109.241493155,0.086037570000026],[109.241535978,0.086120210000043],[109.241794344,0.086461538000028],[109.241833494,0.08647780800003],[109.241962153,0.086531277000052],[109.24197686,0.086537389000053],[109.242101873,0.08654283300006],[109.243500986,0.08660375800002],[109.243662169,0.086636943000019],[109.243787294,0.086791360000057],[109.244261947,0.088436276000045],[109.244705547,0.090009991000041],[109.244771,0.090223734000059],[109.244859543,0.090415999000064],[109.245376207,0.091537898000059],[109.245448819,0.091826436000018],[109.245962065,0.093865914000034],[109.246015474,0.09407814400003],[109.246025539,0.094076131000066],[109.246226452,0.094741523000041],[109.247815788,0.098094029000028],[109.248498329,0.099421343000063],[109.2489037,0.100209652000049],[109.249025747,0.100175479000024],[109.249087191,0.10015827500006],[109.249144816,0.100248171000033],[109.250022476,0.101617320000056],[109.25069878,0.103213130000032],[109.251839904,0.105905733000036],[109.255118094,0.11364096900007],[109.259723618,0.114017296000036],[109.259723618,0.114032983000069],[109.259841442,0.114044649000042],[109.259835591,0.114026446000014],[109.261276022,0.11414414600006],[109.260909276,0.114455325000055],[109.261287426,0.114954768000072],[109.261598807,0.115366026000053],[109.261553221,0.115380040000045],[109.258200903,0.116410567000055],[109.258154848,0.116479650000028],[109.257938639,0.116542196000076],[109.257592606,0.116642299000037],[109.257555565,0.116631404000022],[109.255029067,0.117033347000069],[109.254990686,0.117023397000026],[109.254111623,0.117072091000062],[109.250104754,0.117294046000038],[109.249475601,0.117355291000012],[109.248808125,0.117394345000042],[109.246423074,0.118499548000036],[109.245680189,0.118843792000053],[109.24519184,0.119012074000064],[109.243118339,0.119348638000018],[109.243240393,0.119541890000041],[109.243522106,0.119987935000042],[109.254703193,0.125433646000031],[109.256319458,0.126276915000057],[109.257368115,0.126824040000036],[109.263046656,0.129475590000025],[109.270269899,0.132848427000058],[109.26999753,0.13342841300005],[109.283464484,0.140051505000021],[109.282735569,0.139438971000052],[109.292700061,0.116497466000051],[109.293529592,0.115793622000072],[109.293453191,0.115773302000033],[109.296299954,0.09911446500007],[109.296845846,0.092351480000051],[109.296932191,0.091281763000036],[109.297508508,0.084141833000049],[109.298029673,0.082508850000065],[109.295522135,0.060916164000053],[109.293318776,0.061650618000047],[109.2920102,0.062086810000042],[109.29167061,0.062200010000021],[109.29151647,0.062171980000071],[109.2901313,0.061920130000038],[109.289997705,0.061895840000033],[109.289430753,0.061792759000069],[109.28661632,0.061281050000038],[109.28230449,0.059593810000011],[109.280133002,0.058744097000033],[109.278375514,0.058182277000076],[109.277111015,0.057778052000051],[109.275151534,0.057151660000047],[109.274645821,0.057062132000049],[109.274515149,0.057038999000041],[109.274506354,0.057039555000072],[109.274503842,0.057036997000069],[109.274398745,0.05692996600004],[109.27214558,0.054635332000029],[109.272145005,0.054561104000062],[109.270274208,0.051882463000034],[109.26917448,0.050307853000039],[109.268307513,0.049066513000061],[109.26805583,0.048732383000077],[109.264826496,0.044445163000026],[109.264830154,0.044440158000041],[109.264544552,0.044011755000029],[109.264489676,0.043929440000057],[109.264496818,0.043843729000057],[109.26435681,0.043661719000056],[109.264329811,0.043626620000043],[109.263566968,0.04263492300004],[109.261726257,0.040241999000048],[109.261793372,0.040222514000043],[109.2617911,0.040220385000048],[109.26164861,0.040063645000027],[109.261648453,0.040063473000033],[109.261521477,0.040134128000022],[109.261511224,0.040103370000047],[109.261505633,0.040081006000031],[109.261505072,0.040078762000066],[109.261505072,0.040076712000024],[109.261501567,0.040059186000052],[109.261497095,0.040058164000073],[109.261423562,0.040041356000069],[109.260471821,0.039880822000041],[109.260470073,0.039875576000038],[109.260466445,0.039875753000038],[109.260162252,0.039749336000054],[109.26015205,0.03974763500002],[109.259206085,0.037639600000034],[109.258838736,0.036820982000047],[109.258831931,0.036823760000054],[109.257756448,0.034414872000062],[109.257506771,0.033842364000061],[109.256619511,0.031807882000067],[109.255670857,0.029700566000029],[109.255676777,0.029683440000039],[109.255667236,0.029664358000039],[109.255623786,0.029526767000052],[109.25555137,0.029367451000045],[109.255498813,0.029241315000027],[109.255478953,0.029193652000062],[109.255449987,0.029128477000027],[109.255406537,0.029012611000049],[109.255355845,0.028882261000034],[109.255327988,0.028826547000052],[109.255284644,0.028752242000041],[109.255020945,0.028300187000062],[109.254964691,0.028203752000024],[109.254964606,0.028199205000021],[109.254759632,0.027756722000052],[109.254756578,0.02775486000007],[109.254750944,0.027724815000051],[109.25451356,0.027246123000046],[109.254515411,0.027234682000033],[109.254130098,0.026427935000061],[109.254132054,0.026420174000062],[109.254000911,0.026071131000035],[109.25391851,0.025900711000016],[109.253820458,0.025697922000064],[109.25375472,0.025419320000018],[109.253734333,0.025332916000025],[109.253687169,0.025271398000029],[109.253685091,0.025267471000059],[109.253605954,0.025117952000059],[109.253565081,0.025040727000038],[109.253485659,0.024890668000054],[109.253315834,0.024569804000065],[109.253091967,0.024240588000054],[109.252732763,0.024420190000058],[109.252571731,0.024063619000056],[109.247826134,0.026104628000033],[109.247817299,0.026209839000032],[109.247150261,0.026471601000032],[109.245814289,0.026995870000055],[109.245273085,0.027208251000054],[109.244929597,0.027571555000057],[109.242151692,0.029035994000023],[109.242098092,0.029175354000073],[109.24171876,0.029384792000025],[109.241620486,0.02943905100005],[109.240072646,0.030293650000038],[109.240036065,0.03038144500004],[109.239906377,0.030519779000026],[109.239664294,0.030528424000053],[109.239500024,0.030588945000018],[109.239353045,0.030709986000025],[109.239128254,0.030796445000024],[109.238894817,0.031047173000036],[109.239050441,0.03130654800002],[109.239108348,0.031333692000022],[109.239026817,0.031388045000026],[109.23902657,0.031388210000042],[109.23777739,0.032220999999996]]],[[[109.243804046,0.024036865000029],[109.243698351,0.02443577800005],[109.243902122,0.024351152000055],[109.249114723,0.022186356000024],[109.249713206,0.021937805000046],[109.250233436,0.021210909000037],[109.252112574,0.018585263000026],[109.252444888,0.017910861000071],[109.252685747,0.017422059000068],[109.253230088,0.016317367000054],[109.250777729,0.016677346000052],[109.24964747,0.016843256000071],[109.248705413,0.017383915000038],[109.247003431,0.018360704000031],[109.245867643,0.019012548000043],[109.244717261,0.020590215000026],[109.244661302,0.020801416000032],[109.243804046,0.024036865000029]]],[[[109.23219453,0.027985528000045],[109.232490343,0.028314209000033],[109.232143459,0.029291789000069],[109.232128794,0.029333118000071],[109.232187854,0.029306666000025],[109.233654127,0.028649958000075],[109.235898794,0.027644624000061],[109.240641621,0.025520424000024],[109.243008122,0.021411916000034],[109.243526504,0.019532780000027],[109.243534011,0.01950556900005],[109.243076154,0.019641952000029],[109.240445757,0.020425474000036],[109.240444413,0.020425874000058],[109.238538066,0.021609125000055],[109.237734703,0.022664707000054],[109.235711413,0.025323215000065],[109.234061749,0.026572026000043],[109.23279934,0.027527681000041],[109.23219453,0.027985528000045]]]]},"properties":{"gid":6483,"luas":76.6493898652337,"kdkab":"04","kdkec":"080","nmkab":"MEMPAWAH","nmkec":"SIANTAN","iddesa":"6104080003","kddesa":"003","kdprov":"61","nmdesa":"WAJOK HILIR","nmprov":"KALIMANTAN BARAT","rw_dki":"","sumber":"BPS","periode":"2023_1"}},{"id":6484,"type":"Feature","geometry":{"type":"MultiPolygon","coordinates":[[[[109.271553576,0.015003664000056],[109.270974245,0.015177464000022],[109.270953049,0.01519689400004],[109.270626647,0.015496096000039],[109.270568714,0.016017493000041],[109.270479048,0.016052364000074],[109.270440038,0.015982703000025],[109.269923288,0.016072930000058],[109.269767442,0.016089335000056],[109.26981664,0.016206690000045],[109.269554885,0.016191293000022],[109.269439019,0.016741657000064],[109.268685888,0.017147189000072],[109.268367256,0.017320988000042],[109.267932758,0.017842386000036],[109.267938957,0.017894044000066],[109.267817631,0.017870561000044],[109.267672059,0.017842386000036],[109.267005829,0.017842386000036],[109.266223732,0.01816101800006],[109.265615434,0.018392750000035],[109.265412281,0.01850561300006],[109.265094036,0.01868241600004],[109.264630572,0.018827249000011],[109.264196074,0.018943115000069],[109.263848475,0.019030014000066],[109.263574091,0.019128009000034],[109.263442943,0.019174847000038],[109.262979479,0.019319680000017],[109.262400148,0.019609345000043],[109.261675984,0.020072810000042],[109.261357352,0.020188676000032],[109.260922854,0.020420409000042],[109.260749054,0.020420409000042],[109.260401456,0.020565241000046],[109.260082824,0.020768007000069],[109.259793158,0.020941806000045],[109.259503493,0.021028706000043],[109.259068995,0.021202505000017],[109.25869243,0.021289405000061],[109.258460448,0.021394851000024],[109.258373798,0.021434238000036],[109.258113099,0.021550104000023],[109.257417902,0.021637004000062],[109.257215136,0.021810803000046],[109.256780637,0.022013569000017],[109.256524249,0.022112179000028],[109.256190949,0.022047858000067],[109.255878664,0.022158401000065],[109.255795775,0.022158401000065],[109.25541921,0.022245301000052],[109.255187477,0.022361167000039],[109.255013678,0.022563933000071],[109.255041671,0.022610588000023],[109.254976591,0.022906161000031],[109.253566184,0.023507884000019],[109.253601169,0.023550769000044],[109.253595293,0.023553217000016],[109.253483038,0.023536889000066],[109.253241288,0.023501725000065],[109.253081972,0.023516208000042],[109.252893689,0.023661041000031],[109.252864722,0.023820357000034],[109.252966105,0.023979673000046],[109.253024038,0.024052089000067],[109.253081972,0.024225889000026],[109.253091967,0.024240588000054],[109.253315834,0.024569804000065],[109.253485659,0.024890668000054],[109.253565081,0.025040727000038],[109.253605954,0.025117952000059],[109.253685091,0.025267471000059],[109.253687169,0.025271398000029],[109.253734333,0.025332916000025],[109.25375472,0.025419320000018],[109.253820458,0.025697922000064],[109.25391851,0.025900711000016],[109.254000911,0.026071131000035],[109.254132054,0.026420174000062],[109.254130098,0.026427935000061],[109.254515411,0.027234682000033],[109.25451356,0.027246123000046],[109.254750944,0.027724815000051],[109.254756578,0.02775486000007],[109.254759632,0.027756722000052],[109.254964606,0.028199205000021],[109.254964691,0.028203752000024],[109.255020945,0.028300187000062],[109.255284644,0.028752242000041],[109.255327988,0.028826547000052],[109.255355845,0.028882261000034],[109.255406537,0.029012611000049],[109.255449987,0.029128477000027],[109.255478953,0.029193652000062],[109.255498813,0.029241315000027],[109.25555137,0.029367451000045],[109.255623786,0.029526767000052],[109.255667236,0.029664358000039],[109.255676777,0.029683440000039],[109.255670857,0.029700566000029],[109.256619511,0.031807882000067],[109.257506771,0.033842364000061],[109.257756448,0.034414872000062],[109.258831931,0.036823760000054],[109.258838736,0.036820982000047],[109.259206085,0.037639600000034],[109.26015205,0.03974763500002],[109.260162252,0.039749336000054],[109.260466445,0.039875753000038],[109.260470073,0.039875576000038],[109.260471821,0.039880822000041],[109.261423562,0.040041356000069],[109.261497095,0.040058164000073],[109.261501567,0.040059186000052],[109.261505072,0.040076712000024],[109.261505072,0.040078762000066],[109.261505633,0.040081006000031],[109.261511224,0.040103370000047],[109.261521477,0.040134128000022],[109.261648453,0.040063473000033],[109.26164861,0.040063645000027],[109.2617911,0.040220385000048],[109.261793372,0.040222514000043],[109.261726257,0.040241999000048],[109.263566968,0.04263492300004],[109.264329811,0.043626620000043],[109.26435681,0.043661719000056],[109.264496818,0.043843729000057],[109.264489676,0.043929440000057],[109.264544552,0.044011755000029],[109.264830154,0.044440158000041],[109.264826496,0.044445163000026],[109.26805583,0.048732383000077],[109.268307513,0.049066513000061],[109.26917448,0.050307853000039],[109.270274208,0.051882463000034],[109.272145005,0.054561104000062],[109.27214558,0.054635332000029],[109.274398745,0.05692996600004],[109.274503842,0.057036997000069],[109.274506354,0.057039555000072],[109.274515149,0.057038999000041],[109.274645821,0.057062132000049],[109.275151534,0.057151660000047],[109.277111015,0.057778052000051],[109.278375514,0.058182277000076],[109.280133002,0.058744097000033],[109.28230449,0.059593810000011],[109.28661632,0.061281050000038],[109.289430753,0.061792759000069],[109.289997705,0.061895840000033],[109.2901313,0.061920130000038],[109.29151647,0.062171980000071],[109.29167061,0.062200010000021],[109.2920102,0.062086810000042],[109.293318776,0.061650618000047],[109.295522135,0.060916164000053],[109.298029673,0.082508850000065],[109.297508508,0.084141833000049],[109.296932191,0.091281763000036],[109.296845846,0.092351480000051],[109.296299954,0.09911446500007],[109.293453191,0.115773302000033],[109.293529592,0.115793622000072],[109.292700061,0.116497466000051],[109.282735569,0.139438971000052],[109.283464484,0.140051505000021],[109.300629374,0.154475782000016],[109.310311721,0.162612209000037],[109.310978054,0.162654441000022],[109.311049456,0.162658967000023],[109.351326956,0.19429002600003],[109.35124245,0.18313174000002],[109.351242532,0.182189963000035],[109.35124394,0.165962490000015],[109.3512442,0.162874200000018],[109.35118563,0.158957790000039],[109.35108397,0.15216016000005],[109.351008442,0.147109652000038],[109.35092737,0.141688400000017],[109.35085629,0.136935450000065],[109.35078218,0.131979960000015],[109.35105904,0.13160548000008],[109.35370594,0.128025180000059],[109.35677611,0.123872370000064],[109.35720629,0.123290490000036],[109.35789453,0.122359540000043],[109.35892213,0.119118720000081],[109.35924224,0.118109140000059],[109.35886642,0.114808910000015],[109.35873701,0.113672530000029],[109.35849762,0.111570390000051],[109.35844061,0.111069720000048],[109.35795721,0.106824860000066],[109.35739458,0.101884230000055],[109.3574506,0.101518260000022],[109.35771027,0.099821950000032],[109.358495928,0.094689507000055],[109.35887633,0.092204460000048],[109.35888939,0.091825710000026],[109.358947,0.09015505000002],[109.35898327,0.089103060000064],[109.36018731,0.086996010000063],[109.36054852,0.084768540000018],[109.36115053,0.083624710000042],[109.36277598,0.082119670000045],[109.36384876,0.080881850000017],[109.36434122,0.08031362000002],[109.36614727,0.078567780000071],[109.3674115,0.076460720000058],[109.36759211,0.075918900000031],[109.3690695,0.072857060000051],[109.369375972,0.072221906000033],[109.369415925,0.072139104000027],[109.36966906,0.071614490000056],[109.370473889,0.070199099000032],[109.37141491,0.068544200000018],[109.37129451,0.065534120000043],[109.37124756,0.065436610000052],[109.37051189,0.063908680000051],[109.36930786,0.061560810000063],[109.369305049,0.061558700000036],[109.369300258,0.061549359000019],[109.368096218,0.06064633900007],[109.367494208,0.059923919000027],[109.365363169,0.057072530000033],[109.36416061,0.054426920000026],[109.364115258,0.053984692000027],[109.364112425,0.053957068000051],[109.36391981,0.052079050000033],[109.36395457,0.051383840000028],[109.36404021,0.049670990000029],[109.3635586,0.047383330000052],[109.36446162,0.045276270000044],[109.36416061,0.044373240000015],[109.36460779,0.043468490000061],[109.36461756,0.043448710000056],[109.364794809,0.043090092000054],[109.36545495,0.041754470000047],[109.36552296,0.041656700000029],[109.36553082,0.041645400000056],[109.3673814,0.038985200000063],[109.36852523,0.035975110000039],[109.36858563,0.035499466000038],[109.36900685,0.032182410000068],[109.36882908,0.031044680000036],[109.368778774,0.030722729000046],[109.368766722,0.030645600000058],[109.368721865,0.030358520000043],[109.36870584,0.030255960000036],[109.368789248,0.029952118000042],[109.369125784,0.028726164000036],[109.36916692,0.028576310000069],[109.36954866,0.027185670000052],[109.36963337,0.024168740000036],[109.36966984,0.023824121000069],[109.369671172,0.023811530000037],[109.369694043,0.023595420000043],[109.369704813,0.023571393000057],[109.37062477,0.021519193000079],[109.37075952,0.021081230000054],[109.37069073,0.021110530000049],[109.370690171,0.021110912000031],[109.370664941,0.021128291000016],[109.37058997,0.021179930000062],[109.37025587,0.021286700000079],[109.36976702,0.021422220000027],[109.36965797,0.021452449000036],[109.36952404,0.021489570000022],[109.36901494,0.021639060000036],[109.368687431,0.021737352000064],[109.36816202,0.021895049000012],[109.36816114,0.021895310000047],[109.36802519,0.021933890000063],[109.36737097,0.022119540000055],[109.366683071,0.022329762000024],[109.366641361,0.022342511000036],[109.36648005,0.022391810000042],[109.366118941,0.022503661000026],[109.36599746,0.02254129000004],[109.365929731,0.02255811100002],[109.365898299,0.022565918000044],[109.365589291,0.022642673000068],[109.36558912,0.022642720000021],[109.365328311,0.022721142000016],[109.36518078,0.022765510000041],[109.36505006,0.022810530000078],[109.36437471,0.02304312000007],[109.36433899,0.023056360000054],[109.363460184,0.023382065000014],[109.36343621,0.023390951000062],[109.36330878,0.023438180000016],[109.36251861,0.02375317000001],[109.3616489,0.024062810000029],[109.361602674,0.024079584000044],[109.36113308,0.024249990000039],[109.35806387,0.02533955000007],[109.35743327,0.02566941000003],[109.35698966,0.025923720000029],[109.35698814,0.025924590000035],[109.355773207,0.026186671000062],[109.355065975,0.026339233000047],[109.35465123,0.026428700000051],[109.354156991,0.02655534300003],[109.353675581,0.026678705000044],[109.35352696,0.026716790000031],[109.35227104,0.027038610000028],[109.350986074,0.027329625000047],[109.350985977,0.02732965100006],[109.350909437,0.027350110000045],[109.350285486,0.027516892000049],[109.349516767,0.027704206000067],[109.34931124,0.02775486000007],[109.349032096,0.027833525000048],[109.349031998,0.02783355300004],[109.348687028,0.027932116000045],[109.348568481,0.027957851000051],[109.34846282,0.027981590000025],[109.34812469,0.028054190000039],[109.348014178,0.028078179000031],[109.34782184,0.028119933000028],[109.347820008,0.028119608000043],[109.347760644,0.028132354000042],[109.347607985,0.02817259000005],[109.34752629,0.028194510000044],[109.34727791,0.02826115000005],[109.34697911,0.028341320000037],[109.345360424,0.02871292000002],[109.343704681,0.029094927000061],[109.343703364,0.029095808000029],[109.343364197,0.029141825000061],[109.34320512,0.029163960000057],[109.343186269,0.029166596000038],[109.342617844,0.029256537000031],[109.342617747,0.029256552000044],[109.34223922,0.029317250000014],[109.34102871,0.029562540000027],[109.34000292,0.029756410000062],[109.339355552,0.029894017000054],[109.33901644,0.029966100000029],[109.338040097,0.030280041000019],[109.338003046,0.030291955000059],[109.33713386,0.030571440000071],[109.33602505,0.031016315000045],[109.33546853,0.031241424000033],[109.333713807,0.031936456000033],[109.333710851,0.031937627000036],[109.332577569,0.032390315000042],[109.332382326,0.03245913800003],[109.331561746,0.032759051000029],[109.331561461,0.032759317000055],[109.331506836,0.032775753000063],[109.33082978,0.032980960000036],[109.330485664,0.033083007000061],[109.330416664,0.033103768000037],[109.330339103,0.033127105000068],[109.329683486,0.033305058000042],[109.328337909,0.033720282000044],[109.327891464,0.03383579600006],[109.327181895,0.033978877000043],[109.3271241,0.033990620000043],[109.326793987,0.034046859000048],[109.32669261,0.034064130000042],[109.326399297,0.034160340000025],[109.32639081,0.034163124000022],[109.326318834,0.034186733000072],[109.32610181,0.034257920000061],[109.325992868,0.03428990700007],[109.324522839,0.034722441000044],[109.324333246,0.034772839000034],[109.323289654,0.035050249000041],[109.322902848,0.035125301000047],[109.32242423,0.035220200000023],[109.322283154,0.035256529000036],[109.321849386,0.035368763000065],[109.321382945,0.035461125000029],[109.321382968,0.035460947000053],[109.321382,0.035461140000057],[109.32082313,0.035572570000056],[109.32059135,0.035618829000034],[109.32051408,0.035634249000052],[109.31987278,0.035762230000052],[109.31961579,0.03582875900003],[109.31921109,0.035933520000067],[109.31888786,0.036004691000072],[109.318870427,0.036008529000072],[109.31860611,0.036066730000073],[109.31746584,0.036312701000045],[109.31728273,0.036352200000063],[109.31631268,0.036562420000047],[109.31573758,0.036687050000066],[109.314766803,0.03689742700004],[109.31466532,0.036919420000063],[109.31456033,0.03694217000003],[109.31285424,0.037259001000046],[109.312741331,0.037279963000057],[109.312741263,0.037279973000067],[109.31165961,0.037560430000044],[109.310503081,0.037818201000042],[109.309807156,0.037973313000058],[109.30925581,0.038096200000045],[109.308226927,0.037989220000045],[109.307774208,0.037754221000056],[109.305109834,0.036371187000039],[109.302111713,0.034015520000018],[109.299779841,0.03211195200004],[109.297471601,0.029819900000066],[109.29737354,0.029537090000014],[109.296915772,0.028216900000077],[109.29685036,0.028028240000015],[109.296728338,0.027669138000019],[109.29671547,0.027631270000025],[109.29646336,0.026889320000066],[109.29599707,0.02559257000008],[109.29585804,0.025205930000016],[109.295727901,0.024812930000038],[109.295630427,0.024518571000049],[109.29529012,0.023490899000019],[109.29525006,0.02336992300007],[109.295165828,0.023127162000038],[109.295163571,0.023120660000079],[109.295120066,0.02299527000002],[109.295063925,0.022833462000045],[109.295016603,0.022697074000057],[109.295002838,0.022657401000053],[109.294941455,0.022480484000025],[109.294902791,0.022369049000016],[109.294826245,0.022148429000031],[109.29471585,0.021830250000055],[109.2947158,0.021830270000067],[109.294679136,0.021724594000035],[109.294648292,0.021635694000052],[109.294506019,0.021225626000052],[109.294389632,0.02089017000003],[109.294269949,0.020545213000046],[109.294083169,0.02000686600007],[109.293982568,0.019716910000055],[109.293960378,0.019652952000059],[109.29393827,0.01958923000007],[109.293897887,0.019464512000068],[109.293686366,0.01881126200004],[109.29342671,0.018009350000053],[109.29342624,0.018007841000036],[109.293379174,0.017862489000034],[109.29337036,0.017835270000034],[109.293023838,0.016717011000034],[109.292657288,0.01553412100002],[109.292644376,0.015492455000066],[109.29253466,0.015138390000055],[109.292448493,0.014860322000061],[109.29239344,0.014682660000052],[109.29237106,0.014610440000067],[109.292284941,0.014338620000042],[109.29227613,0.014310801000014],[109.292261215,0.014263726000022],[109.292254104,0.014241280000013],[109.292158253,0.013987958000027],[109.292155353,0.013980295000062],[109.292162399,0.013951831000042],[109.29214241,0.013888740000023],[109.292107401,0.01378986000003],[109.292038416,0.013595011000056],[109.292035985,0.013588146000069],[109.29180259,0.012928910000026],[109.29180236,0.012928260000018],[109.29180236,0.012757980000056],[109.29180236,0.012757090000032],[109.29163379,0.012311620000042],[109.29157566,0.012157980000044],[109.29155102,0.012103850000071],[109.29136785,0.011701510000013],[109.291344357,0.011647449000061],[109.291290721,0.01152403000002],[109.29116949,0.011245050000071],[109.291133841,0.011159710000069],[109.29000932,0.008467580000053],[109.28991219,0.00848411400005],[109.289918367,0.008457225000019],[109.288238307,0.008080660000066],[109.287635013,0.00811836600007],[109.287311378,0.008138593000071],[109.287120957,0.008144735000031],[109.28701348,0.008101745000027],[109.286792016,0.008052530000043],[109.286674694,0.008032418000029],[109.286598839,0.008077782000042],[109.286393911,0.008200337000058],[109.286261452,0.008213973000066],[109.280904129,0.010415213000041],[109.28090543,0.010418275000064],[109.280873788,0.010415213000041],[109.280835862,0.010475894000026],[109.280851314,0.010514523000034],[109.280649072,0.010774548000016],[109.280359407,0.010948348000057],[109.280156641,0.01109318100003],[109.280127674,0.011151114000035],[109.280122243,0.011238013000024],[109.279866975,0.011238013000024],[109.279171778,0.011411813000043],[109.279084879,0.011440779000059],[109.278829731,0.01141076200003],[109.278592447,0.01138284600005],[109.278389682,0.01138284600005],[109.278100016,0.011469746000051],[109.277868284,0.011614578000033],[109.277694484,0.011904244000053],[109.27714412,0.012280809000059],[109.276912388,0.012483575000027],[109.276767555,0.012802207000053],[109.27621719,0.012976006000023],[109.275811659,0.013207738000062],[109.275630908,0.013365896000031],[109.275377161,0.013323605000035],[109.274768863,0.013526370000008],[109.274392298,0.013758103000047],[109.274169561,0.013917201000031],[109.273986766,0.014047768000074],[109.273639168,0.014250534000043],[109.273059837,0.014569166000048],[109.272509472,0.014742965000037],[109.271901175,0.014858832000066],[109.271553576,0.015003664000056]]]]},"properties":{"gid":6484,"luas":133.22268691300192,"kdkab":"04","kdkec":"080","nmkab":"MEMPAWAH","nmkec":"SIANTAN","iddesa":"6104080004","kddesa":"004","kdprov":"61","nmdesa":"WAJOK HULU","nmprov":"KALIMANTAN BARAT","rw_dki":"","sumber":"BPS","periode":"2023_1"}},{"id":6485,"type":"Feature","geometry":{"type":"MultiPolygon","coordinates":[[[[109.170763571,0.103014444000058],[109.170749088,0.103021685000051],[109.170662188,0.103007202000065],[109.170575289,0.102985477000068],[109.170459422,0.102978236000062],[109.170350798,0.103014444000058],[109.170307348,0.10306513500006],[109.170291751,0.103103015000039],[109.170256657,0.103188243000021],[109.170198724,0.103304109000012],[109.170039407,0.103405492000032],[109.169909058,0.103456184000032],[109.169771467,0.103427217000038],[109.169753692,0.103411417000079],[109.169706292,0.103369284000057],[109.169648359,0.103260659000056],[109.169612151,0.103188243000021],[109.169539735,0.103115827000059],[109.169460077,0.103028927000014],[109.169409385,0.103021685000051],[109.169365935,0.10306513500006],[109.169293519,0.103188243000021],[109.169286277,0.103304109000012],[109.169302706,0.103386253000053],[109.169286277,0.103441700000071],[109.169206619,0.103564808000038],[109.169141445,0.103644466000048],[109.16898937,0.103738607000024],[109.168764879,0.103789299000026],[109.168700485,0.103777935000046],[109.168446247,0.103941373000051],[109.168243482,0.103999306000049],[109.168089689,0.104197040000024],[109.168011749,0.104165864000033],[109.167866916,0.104093448000066],[109.167729325,0.104028273000032],[109.167635184,0.103977581000035],[109.167541043,0.103948615000035],[109.167475868,0.103926890000018],[109.16739621,0.103926890000018],[109.16730931,0.103926890000018],[109.167265861,0.103955857000067],[109.167186203,0.104115173000031],[109.167113786,0.104209314000049],[109.167055853,0.104281730000019],[109.167012403,0.104325180000038],[109.166896537,0.104419321000015],[109.166860329,0.10443380500005],[109.166853087,0.10443380500005],[109.166708255,0.104455529000055],[109.16651273,0.104484496000051],[109.166317206,0.104520704000024],[109.166143407,0.10457863700003],[109.166063749,0.104600362000028],[109.165875466,0.104607604000024],[109.165513385,0.104643812000055],[109.165440968,0.104651054000035],[109.165267169,0.104651054000035],[109.165107853,0.10470174500006],[109.164991987,0.104745195000019],[109.164989686,0.104750392000023],[109.164847154,0.104719849000037],[109.164673355,0.104879165000047],[109.164267823,0.104922615000013],[109.16407954,0.104908132000048],[109.163905741,0.104864682000025],[109.163616076,0.10482123200006],[109.163167094,0.104748816000042],[109.162877429,0.104690883000046],[109.162703629,0.104632950000048],[109.162428447,0.104560533000027],[109.162095332,0.104459150000029],[109.1617767,0.104357767000065],[109.161472551,0.104198451000062],[109.161211852,0.104082585000067],[109.161009086,0.103952236000052],[109.16096171,0.103931180000068],[109.160878737,0.103894303000047],[109.160773404,0.103894303000047],[109.160733904,0.103981202000046],[109.160299406,0.10422741800005],[109.160038707,0.104299834000069],[109.159763525,0.104444667000049],[109.159560759,0.104589500000036],[109.15938696,0.104763299000058],[109.159242127,0.105009515000054],[109.159152546,0.10507110100002],[109.159187096,0.10528531100004],[109.159006183,0.105556680000059],[109.159010547,0.105622128000042],[109.158751374,0.106082878000052],[109.158520999,0.106111675000018],[109.158031452,0.106226863000075],[109.157081154,0.106745207000074],[109.156418825,0.107004379000038],[109.155295745,0.107436333000055],[109.154719807,0.107637911000042],[109.153999884,0.107868287000029],[109.153593228,0.108107496000062],[109.153020789,0.108444225000028],[109.152070491,0.108732194000016],[109.151235381,0.109192945000073],[109.150601849,0.109682492000051],[109.149766739,0.110460009000061],[109.149219597,0.110863165000065],[109.148672456,0.111179931000037],[109.147750955,0.111842260000066],[109.147702737,0.11190160500007],[109.147376595,0.112303011000055],[109.146656672,0.112965340000072],[109.146138328,0.113570075000028],[109.146113497,0.113574731000027],[109.146051937,0.113800450000048],[109.146017961,0.113944849000061],[109.145029647,0.11459236500001],[109.142956269,0.116780930000053],[109.140652517,0.120582122000027],[109.13950064,0.122425125000064],[109.138118389,0.125535191000032],[109.137448634,0.127008651000027],[109.136966512,0.128069319000071],[109.135929824,0.13106419700005],[109.135353885,0.133252763000034],[109.134893135,0.135326140000066],[109.134612052,0.136169389000022],[109.133870845,0.137327525000041],[109.133566845,0.138000667000021],[109.133064531,0.139112934000024],[109.132776562,0.14009202900006],[109.132488593,0.141474280000065],[109.13214303,0.142453375000063],[109.131970249,0.143317282000056],[109.131970249,0.144469159000033],[109.131875095,0.148560743000073],[109.131855061,0.149422227000061],[109.131826264,0.149767790000044],[109.131801382,0.150215669000035],[109.131837007,0.150932132000031],[109.131929798,0.152798271000044],[109.132466761,0.163597176000048],[109.132573017,0.163574245000055],[109.133717797,0.163327196000072],[109.13395178,0.163597176000048],[109.134768541,0.164042682000055],[109.13617931,0.163894180000062],[109.136422585,0.163857689000045],[109.137664329,0.163671427000048],[109.139817607,0.163225922000029],[109.141005623,0.163003169000031],[109.142416392,0.162334910000017],[109.142937685,0.161755696000052],[109.14340479,0.161236690000065],[109.143840457,0.161142671000042],[109.143923571,0.161124734000052],[109.14402791,0.161020395000027],[109.144198415,0.16084989000006],[109.145683435,0.159661875000035],[109.14687145,0.158919365000026],[109.147985215,0.158325357000015],[109.148727725,0.158176855000019],[109.151326509,0.157731349000076],[109.151697764,0.157434345000062],[109.152514525,0.156766086000062],[109.153182784,0.156394832000043],[109.154296548,0.155949326000038],[109.154636102,0.155890273000066],[109.154819297,0.155689204000049],[109.155977959,0.15502297400008],[109.156661984,0.154421861000062],[109.157348478,0.153471329000074],[109.15748934,0.153276290000067],[109.15846361,0.152760500000051],[109.15853654,0.152501718000049],[109.158861256,0.152400244000024],[109.158903581,0.152387018000068],[109.160158034,0.151773136000023],[109.160265008,0.151720787000044],[109.160379244,0.151681780000039],[109.161452637,0.151315256000027],[109.161898342,0.151092403000059],[109.162115154,0.151046273000008],[109.162408582,0.150948463000024],[109.163099708,0.150746885000037],[109.163704443,0.150602901000064],[109.164251584,0.150574104000032],[109.165173085,0.150401322000047],[109.165576242,0.15034372800005],[109.166267368,0.150055759000048],[109.1669009,0.149911775000018],[109.167822401,0.149738993000034],[109.168542324,0.149681399000027],[109.168616581,0.149660183000032],[109.168875006,0.149586347000017],[109.169053484,0.149535353000028],[109.169370657,0.149247015000069],[109.169630536,0.148875760000062],[109.169927539,0.148356003000054],[109.169964665,0.148244626000057],[109.170410171,0.148096124000063],[109.170711581,0.148254761000031],[109.17097766,0.148394803000029],[109.171245494,0.148634444000031],[109.171579624,0.148727258000057],[109.171932316,0.148708695000034],[109.172266445,0.148597319000023],[109.172600575,0.14846737900007],[109.173138894,0.148300315000023],[109.173342713,0.148239924000054],[109.173640088,0.148151813000019],[109.173955655,0.148133250000053],[109.174234096,0.148133250000053],[109.174424832,0.148154443000058],[109.17473529,0.148188938000026],[109.175217922,0.148318877000054],[109.175626302,0.148374566000031],[109.175849561,0.148400326000056],[109.176217486,0.148381800000032],[109.176399375,0.148476534000045],[109.176668416,0.148470555000066],[109.176730785,0.148557873000064],[109.177032515,0.148607525000043],[109.17716701,0.14867157000003],[109.177193966,0.148657299000032],[109.17723899,0.148673508000052],[109.177555756,0.14861591400005],[109.177786132,0.14827035100007],[109.178074101,0.148155163000069],[109.178304476,0.148126366000039],[109.178515112,0.148126366000039],[109.178612431,0.148141849000067],[109.178627989,0.14814432400004],[109.180945312,0.144494539000045],[109.181106703,0.143674675000051],[109.18160927,0.141121634000053],[109.184682788,0.14146697300003],[109.185128844,0.139026784000068],[109.185839785,0.13597236900005],[109.190816373,0.135050779000033],[109.190845826,0.135043982000069],[109.191158678,0.134971786000047],[109.191106016,0.138052531000022],[109.190869036,0.13918477000004],[109.190711049,0.139869380000046],[109.190706908,0.139874930000073],[109.192501567,0.14055399100004],[109.193633807,0.141607237000068],[109.194038127,0.142173285000074],[109.195187345,0.138631816000041],[109.195483405,0.138434443000053],[109.19552965,0.138486995000046],[109.197043692,0.138592319000049],[109.197540671,0.138642017000046],[109.201868876,0.128681931000078],[109.201981862,0.128746128000037],[109.203027447,0.129340210000069],[109.204054362,0.129972157000049],[109.204898847,0.130568264000032],[109.204902734,0.130568950000049],[109.204944168,0.130573825000047],[109.204996623,0.130576011000067],[109.204926803,0.130266076000054],[109.203482074,0.125829425000061],[109.203462405,0.125769022000032],[109.202763107,0.123621533000055],[109.201348836,0.119278417000021],[109.201464544,0.119143423000014],[109.201444351,0.119137113000023],[109.201138186,0.119041436000034],[109.200611563,0.11912043000006],[109.200321921,0.119331079000053],[109.200286744,0.119411777000032],[109.200149917,0.119313542000032],[109.200148963,0.118826550000046],[109.200136366,0.11239616800003],[109.200903263,0.098756361000021],[109.200862347,0.098706353000076],[109.200883117,0.098600235000037],[109.200911516,0.097208718000044],[109.200940671,0.096873060000068],[109.200919393,0.096877493000014],[109.200918449,0.096868994000027],[109.200912535,0.096815769000036],[109.200896022,0.096667149000033],[109.200839379,0.096699942000033],[109.200838751,0.096694283000024],[109.200623833,0.096759164000047],[109.200461631,0.096787549000054],[109.200311595,0.096775384000072],[109.200230494,0.096775384000072],[109.200177778,0.096775384000072],[109.200112898,0.096836209000056],[109.200023687,0.096876760000032],[109.199994323,0.096884101000056],[109.199975026,0.096888925000032],[109.19990609,0.096925420000041],[109.199838296,0.096981916000059],[109.199824259,0.096989402000024],[109.199708393,0.097040093000037],[109.199621494,0.097090785000023],[109.199520111,0.097119751000035],[109.199505627,0.097119751000035],[109.199425969,0.097112510000048],[109.199389761,0.097112510000048],[109.199317345,0.097112510000048],[109.19925217,0.097112510000048],[109.199179754,0.097090785000023],[109.199163366,0.097082591000051],[109.199106327,0.097091292000077],[109.199058586,0.097107897000062],[109.198969375,0.097124118000057],[109.198807173,0.097160613000024],[109.198797467,0.097162554000016],[109.198782002,0.097173470000023],[109.198738238,0.097237659000023],[109.198697687,0.097266044000028],[109.198620641,0.09731470500003],[109.198612919,0.097319338000031],[109.19853954,0.097363365000032],[109.198503045,0.097391751000035],[109.198468049,0.097419747000056],[109.198442219,0.09744041100004],[109.198344898,0.097464741000064],[109.198275963,0.097452576000018],[109.198170531,0.097436356000069],[109.198101596,0.097436356000069],[109.198036715,0.097436356000069],[109.197992722,0.097441855000052],[109.197971834,0.097444466000066],[109.197890733,0.09747690600005],[109.197817743,0.09751340200006],[109.197795704,0.097518041000059],[109.197740697,0.097529622000031],[109.197651486,0.097525567000035],[109.19758255,0.097505292000045],[109.197452789,0.09744041100004],[109.197435574,0.097431142000055],[109.197333136,0.097431142000055],[109.197195545,0.097431142000055],[109.197101404,0.097438383000055],[109.197007263,0.097438383000055],[109.196992779,0.097431142000055],[109.196934846,0.097423900000021],[109.196932036,0.097422963000035],[109.196891397,0.09740941700004],[109.196854392,0.097398844000046],[109.196831653,0.097382793000066],[109.196790014,0.097387692000042],[109.196594489,0.097387692000042],[109.196435173,0.097373209000063],[109.196312066,0.097329759000037],[109.196188958,0.097300792000049],[109.196029642,0.097308034000036],[109.195906534,0.097351484000054],[109.195776184,0.097373209000063],[109.195645835,0.097365967000022],[109.195595144,0.097365967000022],[109.195479277,0.097373209000063],[109.195377894,0.097373209000063],[109.19526927,0.097387692000042],[109.195102712,0.097387692000042],[109.195037538,0.097387692000042],[109.194950638,0.097387692000042],[109.194834772,0.097387692000042],[109.194574073,0.097460108000054],[109.194566872,0.097458646000061],[109.194407515,0.097514421000023],[109.194175783,0.097543387000028],[109.194035001,0.097549787000041],[109.193857151,0.097557871000052],[109.193553002,0.097572354000024],[109.193525052,0.09757997700006],[109.193466102,0.097557871000052],[109.193364719,0.097543387000028],[109.193307179,0.097549780000065],[109.19328524,0.097552218000029],[109.193382622,0.097602225000059],[109.193301705,0.097646361000036],[109.193169295,0.097635327000028],[109.193025851,0.097672108000036],[109.192900798,0.097668430000058],[109.192772066,0.097620615000033],[109.192705858,0.097599334000046],[109.192669081,0.097587513000059],[109.1926323,0.097583835000014],[109.19257713,0.097594869000037],[109.192507247,0.097635327000028],[109.192468102,0.097650294000053],[109.192382193,0.097683142000048],[109.192220359,0.09772360000005],[109.192154155,0.097734634000049],[109.191999677,0.097753025000024],[109.191819453,0.097756703000074],[109.191554633,0.097738312000036],[109.191473716,0.097712566000031],[109.191436212,0.097708399000055],[109.191407512,0.097705210000064],[109.191384785,0.097707276000041],[109.191368892,0.097718083000072],[109.191328434,0.097732795000067],[109.191258551,0.097754864000028],[109.191207058,0.097773254000052],[109.191192133,0.097774346000043],[109.191146738,0.09777766700005],[109.191056258,0.097784288000074],[109.190953273,0.097725439000047],[109.190952831,0.097725056000048],[109.190898102,0.097677625000067],[109.190868678,0.097659234000042],[109.190842932,0.097651878000024],[109.190802473,0.097655556000062],[109.190792424,0.097661139000026],[109.190736268,0.097692337000054],[109.190673742,0.097707049000068],[109.190537654,0.09772911700003],[109.190442025,0.097758542000061],[109.190386854,0.097802678000049],[109.190305937,0.097846815000029],[109.190228698,0.097920376000044],[109.190151459,0.097960834000041],[109.190103814,0.097971192000047],[109.190092611,0.098016005000032],[109.190007687,0.098059836000058],[109.189992317,0.09810851000002],[109.189990117,0.098108235000044],[109.189664106,0.098300006000042],[109.189669635,0.09835806300003],[109.18956665,0.098431624000052],[109.189434241,0.098519897000074],[109.189272407,0.098593458000033],[109.189176778,0.098630238000053],[109.189073792,0.098630238000053],[109.188995618,0.098621041000059],[109.188948739,0.098615526000048],[109.188860466,0.098622882000028],[109.188843107,0.098629633000023],[109.188728056,0.098674375000028],[109.188610359,0.098725867000031],[109.188485305,0.098770004000065],[109.188339791,0.098789847000027],[109.188323471,0.098792072000038],[109.188161637,0.098858277000035],[109.188021872,0.098902414000067],[109.187927546,0.098940144000025],[109.18791153,0.098946550000046],[109.187720272,0.098983331000048],[109.187492233,0.099042179000039],[109.187212702,0.099086316000072],[109.187168565,0.099086316000072],[109.18701533,0.099065420000035],[109.186734663,0.099238138000027],[109.18668793,0.099266897000058],[109.186224466,0.099266897000058],[109.185703068,0.099266897000058],[109.185654978,0.099353768000063],[109.18549306,0.099205343000057],[109.185130978,0.099379142000033],[109.184884763,0.099350176000028],[109.184681997,0.09927775900007],[109.184421298,0.099350176000028],[109.184015766,0.099495008000013],[109.183769551,0.099581908000053],[109.183479885,0.099596391000037],[109.183161253,0.099610875000044],[109.183044182,0.099621850000062],[109.182697789,0.099654324000025],[109.18243709,0.099799157000062],[109.18226329,0.099799157000062],[109.182017075,0.099799157000062],[109.18198678,0.099827122000014],[109.181799826,0.099741224000062],[109.180728063,0.099915023000046],[109.180032866,0.100059856000033],[109.179685268,0.100204689000059],[109.179105937,0.100233655000064],[109.178816271,0.100204689000059],[109.178526606,0.100204689000059],[109.178005208,0.100349521000051],[109.177715542,0.100465388000028],[109.177194145,0.100668153000075],[109.176701713,0.100726087000052],[109.176296182,0.100755053000045],[109.175948583,0.100870919000036],[109.175583615,0.10106133700004],[109.175459411,0.101126139000032],[109.175374915,0.101109240000023],[109.175235149,0.101109240000023],[109.17510274,0.101131309000028],[109.174926194,0.101175445000022],[109.174815852,0.101219582000046],[109.174773325,0.101234466000043],[109.174668731,0.101271074000065],[109.17459517,0.101293143000019],[109.174448048,0.101300499000041],[109.17425679,0.101307855000069],[109.174130128,0.101314521000061],[109.174117024,0.101315211000028],[109.173911053,0.101293143000019],[109.173697727,0.101293143000019],[109.173535893,0.101315211000028],[109.173403483,0.101381416000032],[109.173351991,0.101469689000048],[109.173329508,0.101524646000028],[109.173285786,0.101631523000037],[109.173234293,0.101808069000073],[109.173160732,0.101881630000032],[109.173116596,0.101925766000019],[109.172947406,0.102028751000039],[109.172822352,0.102065532000036],[109.172718048,0.102093346000055],[109.172385698,0.102406146000013],[109.172268929,0.102483992000033],[109.172038099,0.102637879000033],[109.171661534,0.102840644000015],[109.171198069,0.102956511000047],[109.170763571,0.103014444000058]]]]},"properties":{"gid":6485,"luas":36.75371358456483,"kdkab":"04","kdkec":"080","nmkab":"MEMPAWAH","nmkec":"SIANTAN","iddesa":"6104080006","kddesa":"006","kdprov":"61","nmdesa":"PENITI LUAR","nmprov":"KALIMANTAN BARAT","rw_dki":"","sumber":"BPS","periode":"2023_1"}},{"id":6486,"type":"Feature","geometry":{"type":"MultiPolygon","coordinates":[[[[109.203462405,0.125769022000032],[109.203482074,0.125829425000061],[109.204926803,0.130266076000054],[109.204996623,0.130576011000067],[109.204944168,0.130573825000047],[109.204902734,0.130568950000049],[109.204898847,0.130568264000032],[109.204054362,0.129972157000049],[109.203027447,0.129340210000069],[109.201981862,0.128746128000037],[109.201868876,0.128681931000078],[109.197540671,0.138642017000046],[109.197043692,0.138592319000049],[109.19552965,0.138486995000046],[109.195483405,0.138434443000053],[109.195187345,0.138631816000041],[109.194038127,0.142173285000074],[109.193633807,0.141607237000068],[109.192501567,0.14055399100004],[109.190706908,0.139874930000073],[109.190711049,0.139869380000046],[109.190869036,0.13918477000004],[109.191106016,0.138052531000022],[109.191158678,0.134971786000047],[109.190845826,0.135043982000069],[109.190816373,0.135050779000033],[109.185839785,0.13597236900005],[109.185128844,0.139026784000068],[109.184682788,0.14146697300003],[109.18160927,0.141121634000053],[109.181106703,0.143674675000051],[109.180945312,0.144494539000045],[109.178627989,0.14814432400004],[109.178612431,0.148141849000067],[109.178607687,0.148265204000039],[109.178720972,0.148263562000075],[109.179616242,0.148671844000031],[109.180192328,0.148728200000041],[109.181489444,0.149357398000058],[109.181752717,0.149639477000049],[109.183636126,0.150138026000031],[109.183995742,0.150014409000047],[109.184020145,0.150018846000023],[109.184007381,0.150100901000026],[109.184100195,0.150323654000035],[109.184142633,0.150353360000051],[109.184312506,0.150310892000056],[109.184305283,0.150457763000023],[109.184316115,0.150460084000027],[109.184545701,0.15050928100004],[109.18487983,0.150564970000067],[109.18521396,0.150564970000067],[109.185312961,0.150564970000067],[109.185473838,0.150564970000067],[109.185752279,0.150564970000067],[109.186026771,0.150667904000037],[109.186122374,0.150890978000062],[109.186345127,0.151243670000049],[109.186447222,0.151401453000056],[109.186510484,0.151423268000035],[109.186577161,0.151549955000061],[109.186631026,0.151558242000017],[109.186661854,0.151604483000018],[109.186791793,0.151715860000016],[109.187033109,0.151752985000033],[109.187330113,0.151660171000057],[109.187692385,0.15159430400007],[109.187970513,0.151622116000044],[109.187979809,0.15162304600005],[109.188128645,0.151672658000039],[109.188186558,0.151659421000031],[109.188320566,0.151628790000081],[109.188340622,0.151624206000058],[109.1886005,0.151661332000057],[109.188749002,0.151717020000031],[109.188916067,0.151809834000058],[109.189046006,0.151902647000032],[109.189231634,0.152032587000061],[109.18934301,0.152125400000052],[109.189454387,0.152199651000045],[109.189527985,0.152241707000027],[109.18961333,0.152272742000038],[109.189761832,0.152346993000034],[109.189836083,0.152365556000059],[109.18994746,0.152402681000067],[109.190108719,0.152525238000066],[109.190150387,0.152538537000058],[109.190853938,0.152763075000047],[109.191316059,0.152910560000064],[109.191330384,0.152941001000038],[109.191423198,0.153098784000061],[109.191497449,0.153182317000072],[109.1915717,0.15325656800007],[109.191720202,0.153358663000056],[109.19184086,0.153423632000056],[109.191924392,0.153507165000062],[109.191989361,0.153544290000074],[109.192119301,0.153637104000039],[109.192304928,0.153692792000062],[109.1925184,0.153767043000072],[109.192811868,0.153822068000071],[109.192954624,0.154036203000032],[109.193066001,0.154073328000025],[109.194068389,0.154518834000039],[109.194230318,0.154606027000058],[109.19455102,0.154778713000047],[109.194839244,0.155034911000022],[109.19488515,0.155075716000054],[109.195106061,0.155256462000063],[109.19529353,0.155409846000053],[109.195627659,0.155595473000054],[109.195998914,0.155781101000046],[109.19644442,0.155966728000069],[109.196852801,0.156152356000056],[109.197261181,0.156300858000051],[109.197632436,0.156449360000068],[109.198148582,0.156670565000067],[109.198152193,0.156672113000064],[109.198170157,0.156688280000018],[109.198359413,0.156858611000071],[109.198523448,0.157006242000019],[109.198583685,0.157040663000037],[109.198731783,0.157072606000036],[109.198902824,0.157109497000025],[109.199199828,0.157193030000029],[109.199515394,0.157313687000046],[109.199542046,0.157328224000022],[109.199564826,0.157340650000039],[109.199617489,0.157369376000009],[109.199765991,0.157508596000069],[109.199849524,0.157712786000049],[109.199878345,0.157924138000052],[109.199905212,0.158121167000054],[109.199928571,0.158319722000047],[109.199928415,0.158320716000045],[109.199928813,0.158321777000019],[109.19993911,0.158349235000049],[109.199956259,0.15839496700004],[109.20002587,0.158529547000046],[109.200114043,0.158650205000072],[109.20022243,0.158712528000028],[109.20023908,0.158681594000025],[109.200283428,0.158717495000073],[109.20036464,0.15873837800007],[109.20050154,0.15873141700006],[109.200645401,0.15869661200003],[109.200784622,0.158657166000067],[109.201142996,0.158517266000043],[109.201204604,0.158538829000054],[109.201399513,0.158594517000044],[109.201568107,0.158594517000044],[109.201594422,0.158594517000044],[109.201715079,0.158631642000049],[109.202068813,0.158699020000019],[109.202086563,0.158764103000056],[109.202168879,0.158805261000048],[109.202191036,0.158816339000052],[109.202255885,0.158848763000033],[109.202285961,0.158870486000064],[109.202303414,0.158883090000072],[109.20233609,0.158906689000051],[109.202492044,0.158977983000057],[109.20263536,0.159051165000057],[109.202639087,0.159076011000025],[109.202644674,0.15908365700005],[109.202723748,0.159191863000054],[109.202806725,0.159241254000051],[109.202815253,0.159246330000021],[109.202818692,0.159255786000079],[109.202820832,0.159261672000066],[109.202844056,0.159325538000079],[109.202982187,0.159432479000029],[109.20323617,0.159552786000055],[109.203365389,0.15968646200003],[109.203539167,0.159806769000053],[109.203562034,0.159823619000056],[109.203708489,0.159931533000019],[109.203859987,0.160038473000047],[109.203938429,0.160089762000029],[109.203940192,0.160136501000064],[109.203993662,0.160175769000034],[109.204000686,0.160180926000062],[109.204225366,0.160345926000053],[109.204430335,0.160582086000028],[109.204532819,0.160943009000038],[109.204635032,0.161104571000057],[109.204664104,0.161150524000048],[109.20467095,0.161161345000025],[109.204672186,0.161162563000059],[109.204868869,0.161356395000038],[109.204907437,0.161383393000041],[109.205074892,0.161414791000019],[109.205132454,0.161414791000019],[109.205320841,0.161446188000069],[109.205425501,0.161456654000058],[109.205524927,0.16150898400002],[109.205603421,0.161550848000045],[109.205781342,0.161655507000032],[109.205886002,0.161728769000028],[109.2059017,0.16175493300006],[109.205974962,0.161817729000056],[109.206032525,0.161890990000059],[109.206074388,0.161922388000048],[109.206097354,0.161943058000018],[109.205986466,0.161812008000027],[109.206815512,0.161011882000031],[109.20684938,0.160979195000041],[109.20700324,0.160830702000062],[109.20710243,0.160734973000053],[109.20714146,0.160697304000041],[109.207166638,0.160673005000035],[109.207169348,0.160697394000058],[109.207743746,0.160181876000024],[109.208779715,0.159252102000037],[109.20966075,0.158446049000014],[109.209657466,0.158419777000058],[109.209675231,0.158417803000027],[109.209833044,0.158218821000039],[109.209866735,0.158134594000044],[109.209963412,0.158088453000063],[109.210076272,0.158088453000063],[109.210222344,0.157957355000061],[109.210270113,0.157914482000021],[109.215763969,0.152983792000031],[109.21645023,0.15235557900007],[109.216719653,0.152108946000051],[109.220891958,0.14828956100006],[109.222933165,0.146421013000066],[109.224690814,0.144781857000048],[109.224705328,0.14479879000003],[109.22566347,0.143932024000037],[109.226424605,0.143243477000049],[109.229209491,0.140724179000061],[109.231970783,0.138226226000018],[109.232778838,0.137495233000036],[109.233099417,0.137205227000034],[109.234735995,0.135724726000023],[109.234781911,0.135773512000072],[109.234803019,0.135795939000043],[109.235529011,0.135130182000058],[109.236134948,0.134574519000058],[109.236516782,0.134224365000023],[109.240145928,0.130896327000074],[109.240145016,0.130905986000076],[109.242215212,0.131818507000046],[109.242256158,0.131882307000059],[109.24343633,0.132458670000069],[109.243448214,0.132523040000025],[109.243450053,0.132458670000069],[109.244897383,0.131320405000051],[109.245969823,0.130442954000041],[109.246030414,0.13041265900005],[109.246029963,0.13040709300003],[109.247301607,0.12977299400005],[109.248454707,0.129198006000022],[109.251257594,0.128566180000065],[109.251256738,0.128571313000066],[109.253495606,0.129504175000024],[109.256319458,0.126276915000057],[109.254703193,0.125433646000031],[109.243522106,0.119987935000042],[109.243240393,0.119541890000041],[109.243118339,0.119348638000018],[109.242691139,0.119417980000038],[109.242201956,0.11949738200002],[109.241599536,0.119486389000026],[109.241291731,0.119405040000057],[109.241091657,0.119306103000047],[109.240915768,0.119178583000054],[109.240728886,0.119108227000023],[109.240434087,0.119089972000037],[109.240393812,0.119087478000032],[109.240177509,0.119103999999997],[109.239954931,0.119159645000018],[109.239709159,0.119172328000046],[109.239613125,0.119174823000026],[109.239396551,0.119180448000061],[109.239258575,0.119184032000009],[109.239018654,0.119163551000039],[109.23871729,0.119028961000019],[109.238551289,0.119017556000075],[109.238481927,0.119017556000075],[109.238451877,0.119010726000054],[109.238334001,0.11900262800003],[109.238032637,0.118949963000029],[109.237699088,0.118809521000057],[109.237467945,0.118815373000069],[109.23726606,0.11890314900006],[109.237011509,0.11887681600006],[109.236967621,0.118838780000031],[109.236815546,0.118779036000032],[109.236526685,0.118829273000073],[109.236367369,0.118814790000046],[109.236286996,0.118804743000042],[109.236162779,0.11878921600004],[109.236022558,0.118732460000049],[109.235610855,0.118779634000014],[109.235535567,0.118788261000014],[109.2353428,0.118717241000056],[109.235175396,0.118712169000041],[109.2350563,0.118685703000049],[109.234992775,0.118671586000066],[109.234718842,0.118712169000041],[109.232662894,0.118765411000022],[109.232316508,0.118774381000039],[109.232305829,0.118734805000032],[109.232225153,0.118727890000059],[109.231645822,0.118771340000032],[109.231124424,0.118829273000073],[109.231103444,0.118830439000021],[109.230863725,0.118843756000049],[109.230639396,0.118907028000018],[109.2306006,0.118917971000036],[109.230573013,0.118912278000038],[109.22969224,0.118981941000073],[109.229334149,0.119010264000054],[109.229147614,0.11899062900005],[109.228937114,0.119032039000044],[109.228848176,0.119049535000043],[109.228679271,0.119005197000028],[109.228662267,0.119003072000058],[109.228146038,0.118962318000052],[109.227881139,0.118975902000041],[109.227188995,0.118897361000044],[109.226671525,0.118829273000073],[109.226353958,0.118829273000073],[109.226123781,0.118907179000068],[109.226040331,0.11892190500003],[109.225770346,0.118931723000055],[109.225608355,0.118848273000026],[109.225508306,0.118813121000066],[109.225200765,0.118800307000071],[109.225077163,0.118765698000053],[109.224985963,0.118740162000049],[109.224476601,0.118597541000038],[109.224074235,0.118624366000055],[109.224022807,0.118617559000025],[109.223492654,0.118543926000029],[109.223237396,0.118485021000017],[109.223016499,0.11835248200003],[109.222780876,0.118327938000046],[109.222466711,0.118377027000062],[109.222142729,0.118362300000061],[109.222031276,0.118617050000063],[109.221936559,0.118833547000054],[109.220042488,0.118534184000055],[109.218443977,0.118281535000045],[109.217764542,0.118174149000029],[109.215139072,0.118215393000071],[109.214557863,0.118224359000063],[109.208343165,0.118320225000041],[109.207480781,0.118394752000028],[109.205707562,0.118473393000042],[109.205160387,0.118488790000073],[109.20515949,0.118497700000035],[109.20515186,0.118498242000044],[109.205113246,0.118500986000071],[109.205093958,0.118500986000071],[109.204091394,0.118568574000047],[109.203886145,0.118570375000033],[109.203813362,0.118593359000049],[109.203750489,0.118597827000031],[109.203474762,0.11863721700007],[109.202929874,0.118788210000053],[109.202670559,0.118835806000052],[109.20199109,0.119017982000058],[109.20182935,0.119044939000038],[109.201664809,0.118909780000019],[109.201477529,0.119128275000032],[109.20147321,0.119133313000008],[109.201464544,0.119143423000014],[109.201348836,0.119278417000021],[109.202763107,0.123621533000055],[109.203462405,0.125769022000032]]]]},"properties":{"gid":6486,"luas":19.386826040526003,"kdkab":"04","kdkec":"081","nmkab":"MEMPAWAH","nmkec":"SEGEDONG","iddesa":"6104081001","kddesa":"001","kdprov":"61","nmdesa":"PENITI DALAM I","nmprov":"KALIMANTAN BARAT","rw_dki":"","sumber":"BPS","periode":"2023_1"}},{"id":6487,"type":"Feature","geometry":{"type":"MultiPolygon","coordinates":[[[[108.921074206,0.546840111000042],[108.921084016,0.546870065000061],[108.921020038,0.546881993000053],[108.92112557,0.547302820000024],[108.92130637,0.547782030000061],[108.92150526,0.548301320000058],[108.9216969,0.54886069000002],[108.92184512,0.549359920000037],[108.92198072,0.549720690000063],[108.92212717,0.550132470000045],[108.92220308,0.55042581000003],[108.922236804,0.550561813000061],[108.922294882,0.55051203300008],[108.922328327,0.550445142000055],[108.922417514,0.550355955000043],[108.922540146,0.550355955000043],[108.922662779,0.55037825200002],[108.922707372,0.550523181000068],[108.922707372,0.55059007100004],[108.922740818,0.550723852000031],[108.922807708,0.550879930000051],[108.922952637,0.551169788000039],[108.922997231,0.551426202000072],[108.922978524,0.55145780900005],[108.92317445,0.551820460000046],[108.923279157,0.551964237000042],[108.923506635,0.552276597000052],[108.92352747,0.55230520700007],[108.92357558,0.552314600000036],[108.92365575,0.552361710000071],[108.9237359,0.552460400000027],[108.92378932,0.552559080000034],[108.92382269,0.552657750000031],[108.92385607,0.552756420000039],[108.923860871,0.552787109000052],[108.9238694,0.552841630000051],[108.9238716,0.552929080000066],[108.923871071,0.552931811000063],[108.923905826,0.552953533000044],[108.923794342,0.553087314000032],[108.923749748,0.553198798000035],[108.923660561,0.553444063000025],[108.923615967,0.553600140000064],[108.92352678,0.553823108000074],[108.923415296,0.55404607700007],[108.923080026,0.554445207000077],[108.923371012,0.555272951000059],[108.923630567,0.55586155700006],[108.92371821,0.55611818900006],[108.923832467,0.556452750000063],[108.924090281,0.557229290000062],[108.924159933,0.557439081000041],[108.924260322,0.557741454000051],[108.925095698,0.55981605300002],[108.925320639,0.560374678000069],[108.925539952,0.56089751600006],[108.92554865,0.560916254000064],[108.925556981,0.560934203000042],[108.925563166,0.560947530000017],[108.925649842,0.561134267000048],[108.925655188,0.561145786000043],[108.925943848,0.56176740100005],[108.925952776,0.561786623000037],[108.925958868,0.561799747000063],[108.925969511,0.561822677000062],[108.925962706,0.561866682000062],[108.926001726,0.561944720000046],[108.926090913,0.562033908000037],[108.926207971,0.562111946000066],[108.926336178,0.562173263000029],[108.926419791,0.562212282000072],[108.926514552,0.56222343100006],[108.926603739,0.56218998500003],[108.926649352,0.562154509000035],[108.926764458,0.56212318800004],[108.927209528,0.562002084000024],[108.927329862,0.561925808000064],[108.92799276,0.561505619000054],[108.928030427,0.561239716000042],[108.928022569,0.561238261000033],[108.927585836,0.561157526000043],[108.92757261,0.561155081000043],[108.927572754,0.561154857000024],[108.92787275,0.560688191000055],[108.92787275,0.560687940000024],[108.92787275,0.560485601000036],[108.92787275,0.560485350000017],[108.92787275,0.56042879100004],[108.92787275,0.560428543000056],[108.92787275,0.560226721000041],[108.92764035,0.560103691000051],[108.92763048,0.560098461000051],[108.92751362,0.56003660100003],[108.92750378,0.560031391000042],[108.927394321,0.55997344600007],[108.927388929,0.559970591000023],[108.926855339,0.559903891000021],[108.92665075,0.559774681000017],[108.926233583,0.559511203000042],[108.926231759,0.559510051000074],[108.926221699,0.559503701000038],[108.926021609,0.559036811000046],[108.925990389,0.558724691000068],[108.925957999,0.558400731000053],[108.925954909,0.558369821000046],[108.925954929,0.55836979500003],[108.925979159,0.558337482000057],[108.92597909,0.558337321000069],[108.925955049,0.558281221000062],[108.925955116,0.558281122000033],[108.92595505,0.558280969000055],[108.926278979,0.557801074000051],[108.926731689,0.557594120000034],[108.92687054,0.557534162000018],[108.926914483,0.557515187000039],[108.926916922,0.557513941000018],[108.926919514,0.55751261700004],[108.927244571,0.557346506000046],[108.92727634,0.557330271000062],[108.927294352,0.557351152000019],[108.927300811,0.557348363000071],[108.927405077,0.557361674000041],[108.927908736,0.557425971000038],[108.92799739,0.557479163000042],[108.92800615,0.557484419000039],[108.928049177,0.557510236000038],[108.928202997,0.557602528000071],[108.928228867,0.557616756000072],[108.928229021,0.557618142000013],[108.928229377,0.557621351000013],[108.928245035,0.557762270000067],[108.928249476,0.557868979000028],[108.928249486,0.557869231000025],[108.92825074,0.557899293000047],[108.928251496,0.557917486000059],[108.9282515,0.557917731000028],[108.92827411,0.558001698000045],[108.92827414,0.558001811000054],[108.92825084,0.558114961000049],[108.92822887,0.558221701000033],[108.928208378,0.558262664000036],[108.9282083,0.558262821000024],[108.928208437,0.558262993000018],[108.9282085,0.558263071000062],[108.92819006,0.558312241000057],[108.92804131,0.558596801000024],[108.92802284,0.558679091000041],[108.927970204,0.55891354800002],[108.92797017,0.558913701000043],[108.92805425,0.559204721000067],[108.92813186,0.55939228100004],[108.92831941,0.55965744100007],[108.92854576,0.559909661000055],[108.92879152,0.560019601000015],[108.9289532,0.560097211000021],[108.92911488,0.560136011000052],[108.929145019,0.560145286000022],[108.929267049,0.56018284100003],[108.92936711,0.560213621000062],[108.929638739,0.560245961000015],[108.929646183,0.560243883000054],[108.929689849,0.560231691000067],[108.929916829,0.560168351000073],[108.929928629,0.560160612000067],[108.92992976,0.560161881000047],[108.929949289,0.560152121000049],[108.9299522,0.560150671000024],[108.929986936,0.56013330100006],[108.93002031,0.560116611000058],[108.93018199,0.559922601000038],[108.93026671,0.559736871000037],[108.93034481,0.559565651000069],[108.93035014,0.559553961000056],[108.93039541,0.55932760100007],[108.93042141,0.559110951000022],[108.93043421,0.559004241000022],[108.93047302,0.558764951000053],[108.93052108,0.558519301000046],[108.93053122,0.558467451000065],[108.930531179,0.558467421000046],[108.93052997,0.558466541000025],[108.93052401,0.558462171000035],[108.930524069,0.558461965000047],[108.93054032,0.558405101000051],[108.930599,0.558056741000035],[108.930599007,0.558056496000061],[108.930606664,0.557913097000041],[108.930627558,0.557522030000026],[108.930627574,0.55752168000003],[108.930627587,0.557521429000064],[108.930658146,0.55694929100003],[108.930658147,0.556949195000076],[108.930653924,0.55683173100004],[108.930653915,0.556831477000047],[108.930645343,0.556593630000056],[108.930640915,0.556470711000039],[108.930640906,0.55647046300004],[108.930622294,0.555953881000045],[108.930622285,0.555953627000066],[108.930618724,0.555854841000036],[108.93057279,0.555797131000015],[108.93000223,0.555080251000048],[108.92993033,0.554939871000046],[108.92979947,0.554684391000019],[108.92979947,0.554684137000038],[108.929794873,0.55447076100006],[108.929794868,0.554470511000032],[108.929794419,0.554449719000048],[108.929792303,0.554351410000023],[108.92989916,0.554272881000037],[108.93006124,0.554153771000078],[108.93017261,0.55407193100006],[108.93063087,0.554399201000013],[108.93063404,0.554401461000051],[108.93066931,0.554426651000022],[108.93116106,0.554548971000026],[108.93191301,0.554223031000043],[108.93226768,0.553907781000009],[108.9323693,0.553760901000028],[108.93261335,0.553408161000055],[108.932613347,0.553407910000023],[108.932604941,0.552785841000052],[108.93249796,0.552688561000015],[108.9322556,0.552468171000047],[108.93216994,0.552390271000041],[108.93182659,0.55242654100004],[108.93176444,0.552523541000026],[108.93141277,0.553072351000019],[108.93092093,0.55346731100001],[108.93042567,0.553495781000043],[108.92992859,0.553368731000039],[108.92946487,0.553190651000022],[108.929443007,0.55316843100007],[108.929296721,0.553019755000042],[108.9290934,0.552813111000021],[108.9289775,0.552395181000071],[108.92893704,0.552249251000042],[108.92889099,0.552083191000066],[108.92889104,0.552083142000066],[108.928890985,0.552082943000068],[108.928977586,0.551998302000064],[108.929300336,0.551682856000066],[108.929337561,0.551646474000043],[108.929404255,0.551668011000057],[108.929827195,0.551804585000072],[108.929887096,0.551823928000023],[108.93023521,0.551810038000041],[108.93038125,0.551804211000037],[108.930414914,0.551759352000026],[108.930787526,0.551262836000041],[108.930830414,0.550911817000031],[108.930850712,0.550745683000055],[108.930857999,0.550686037000051],[108.930948737,0.550179590000021],[108.930954276,0.550148673000011],[108.931124089,0.549800951000056],[108.931867857,0.54971809700004],[108.932271254,0.549818566000052],[108.932852417,0.549961734000016],[108.933362435,0.549751447000055],[108.933575618,0.549361452000027],[108.933605141,0.549307441000053],[108.933605224,0.549307290000057],[108.933545692,0.549231772000037],[108.933466552,0.549131381000043],[108.933131343,0.548706161000027],[108.93260095,0.54843532600006],[108.932206063,0.548321043000046],[108.931839643,0.548153873000044],[108.931515911,0.547867537000062],[108.931450086,0.547376001000022],[108.93155583,0.547129221000028],[108.931555763,0.547129134000052],[108.931555832,0.547128973000039],[108.931543972,0.547113649000027],[108.931659451,0.547016404000025],[108.931699231,0.546909302000069],[108.931798024,0.546907004000041],[108.931924185,0.546830406000013],[108.931926662,0.546828902000065],[108.93196952,0.54683965100002],[108.9323147,0.54692623100004],[108.93267094,0.547015581000037],[108.93345714,0.547103881000061],[108.93361915,0.547068081000012],[108.9341994,0.546939861000054],[108.9343211,0.546751351000066],[108.93454017,0.54641202100003],[108.934540101,0.54641188400005],[108.93412064,0.545580351000063],[108.934113797,0.545536788000051],[108.933066918,0.545227483000066],[108.932923135,0.545225294000035],[108.932004107,0.545079344000032],[108.927996452,0.544442893000045],[108.927960591,0.54445723700006],[108.927958919,0.544455404000066],[108.927264086,0.544362760000062],[108.926751588,0.542519296000021],[108.926551886,0.542576830000027],[108.925148022,0.54298128400006],[108.921884234,0.54392158200005],[108.920758725,0.54424584100002],[108.920738053,0.544411223000052],[108.920315014,0.544575428000031],[108.92048501,0.545070063000016],[108.92049599,0.545074708000067],[108.921074206,0.546840111000042]]]]},"properties":{"gid":6487,"luas":1.722866508104078,"kdkab":"04","kdkec":"110","nmkab":"MEMPAWAH","nmkec":"SUNGAI KUNYIT","iddesa":"6104110011","kddesa":"011","kdprov":"61","nmdesa":"SUNGAI DURI I","nmprov":"KALIMANTAN BARAT","rw_dki":"","sumber":"BPS","periode":"2023_1"}},{"id":6488,"type":"Feature","geometry":{"type":"MultiPolygon","coordinates":[[[[108.97068877,0.313038260000027],[108.97056097,0.313057160000025],[108.97041563,0.313091180000067],[108.97022267,0.313146640000061],[108.9699796,0.313226060000035],[108.96982298,0.31328657000006],[108.96969392,0.31333069000004],[108.96956863,0.313367250000056],[108.96941452,0.313413880000036],[108.969398838,0.313420031000013],[108.96926667,0.313471870000062],[108.96902484,0.313558860000053],[108.96882688,0.313623140000061],[108.96865523,0.313676080000046],[108.96850237,0.313726500000028],[108.96835451,0.313789540000069],[108.96822295,0.313847530000018],[108.96807886,0.313910570000077],[108.96786459,0.314034140000044],[108.967732179,0.314105318000023],[108.96768165,0.314132480000075],[108.9675363,0.314224530000048],[108.96743355,0.31431028000002],[108.96732203,0.314403600000048],[108.96724809,0.314479260000044],[108.96717666,0.314547350000047],[108.96709019,0.314636890000025],[108.96703882,0.314687330000023],[108.96695236,0.314745330000051],[108.966114506,0.314933678000047],[108.96660304,0.316399280000036],[108.966891853,0.317430764000048],[108.966968652,0.317525287000023],[108.967030437,0.317616620000019],[108.96714519,0.317993394000027],[108.967331588,0.318605400000023],[108.967930221,0.319898743000055],[108.967954446,0.320097391000043],[108.968020049,0.320300032000034],[108.968185326,0.320810554000049],[108.968279132,0.32110031100006],[108.96833294,0.321880524000059],[108.968377271,0.322066715000052],[108.968425492,0.323261507000044],[108.968411702,0.323323562000038],[108.968429088,0.323688671000057],[108.968429088,0.323932077000052],[108.96846386,0.32421025500003],[108.968513475,0.324323660000048],[108.968621281,0.324841131000015],[108.968620335,0.324870928000053],[108.96862528,0.324952522000044],[108.968632323,0.324981867000011],[108.968651803,0.325108488000064],[108.96865272,0.325114446000048],[108.968667783,0.32521235900004],[108.968756434,0.325602422000028],[108.968827355,0.325832914000043],[108.968896025,0.326016034000012],[108.968926795,0.326160837000027],[108.96895708,0.326303355000042],[108.968982737,0.32642409200002],[108.96902225,0.326610034000046],[108.969022386,0.326613040000041],[108.96905171,0.326803644000043],[108.969093307,0.327074024000071],[108.969208872,0.327258928000039],[108.969270608,0.327357706000033],[108.969464778,0.327514891000019],[108.969521577,0.327560871000064],[108.969642941,0.327659119000025],[108.969661291,0.327675175000017],[108.969784782,0.327783230000014],[108.969956014,0.32784744200006],[108.970089728,0.327897584000028],[108.970159008,0.327956967000034],[108.970358949,0.328078670000021],[108.970458528,0.328085164000069],[108.970495512,0.328087576000025],[108.97056106,0.327988041000017],[108.970561763,0.327986972000075],[108.970595835,0.327935235000032],[108.970630142,0.327929319000027],[108.970856995,0.327738051000047],[108.97097833,0.327691829000054],[108.971009738,0.327665131000058],[108.971021795,0.327654883000025],[108.971093548,0.327604791000054],[108.971136978,0.327574472000026],[108.9712978,0.327467982000016],[108.971406463,0.327383225000055],[108.971578151,0.327257175000057],[108.971625963,0.327205017000038],[108.971678121,0.327174591000071],[108.971698439,0.327181247000056],[108.971769399,0.327141992000063],[108.971928047,0.327083314000049],[108.972014978,0.327052888000026],[108.972091042,0.327018116000025],[108.972214918,0.326957264000044],[108.972356855,0.32689440700004],[108.972367047,0.326889893000036],[108.972469191,0.326852948000063],[108.972536562,0.326818175000027],[108.972562641,0.326802963000027],[108.972712596,0.326748631000049],[108.972756714,0.326751673000042],[108.972831558,0.326734063000057],[108.972834299,0.326733418000055],[108.972949549,0.326696636000062],[108.973038586,0.326668220000037],[108.973151596,0.326629101000036],[108.973273299,0.326581289000033],[108.973368923,0.326559557000059],[108.973486279,0.326529131000035],[108.973634062,0.326507398000039],[108.973773151,0.326485666000049],[108.973981784,0.326472626000046],[108.974229537,0.326468279000027],[108.974399051,0.326437854000056],[108.974572913,0.326385695000055],[108.974698962,0.32635961600004],[108.974846744,0.326324844000053],[108.974985834,0.326285725000036],[108.974989843,0.326315674000055],[108.976360172,0.326202227000065],[108.976523172,0.326173462000042],[108.976739179,0.326171556000019],[108.976968894,0.326169529000027],[108.978947699,0.326152069000037],[108.979930015,0.326039059000047],[108.980288276,0.32590878300004],[108.980342362,0.325889115000052],[108.982347279,0.325531595000034],[108.982453594,0.325683771000061],[108.982561841,0.32559462600005],[108.983396376,0.325525082000071],[108.984265683,0.325281676000021],[108.985343623,0.325038270000044],[108.986178157,0.324829636000057],[108.987360414,0.324586230000021],[108.988037489,0.324450816000019],[108.988403583,0.324377597000022],[108.988890394,0.324308052000045],[108.988950304,0.32429681900004],[108.989735795,0.324030961000064],[108.990443902,0.323914240000025],[108.990524691,0.323890785000055],[108.991150592,0.323682151000068],[108.991880809,0.323473518000061],[108.992715344,0.323230112000028],[108.993236928,0.323125795000063],[108.993463007,0.323057971000024],[108.993528068,0.323067336000057],[108.994379561,0.322807257000027],[108.994401045,0.322780402000026],[108.994384413,0.322709718000056],[108.99434964,0.322205520000056],[108.994088848,0.321683936000062],[108.994001918,0.321539052000033],[108.994001918,0.321537862000069],[108.994001918,0.32135359900002],[108.993862829,0.320519065000035],[108.993793284,0.319997481000033],[108.99358465,0.319267263000016],[108.993480334,0.318745679000073],[108.993342272,0.318296978000029],[108.993342585,0.318296804000043],[108.993342272,0.31829578800006],[108.993338516,0.318297875000048],[108.99304309,0.317859499000061],[108.993011135,0.317812083000038],[108.993018238,0.317807939000028],[108.992993522,0.31777086600004],[108.992750116,0.317284054000024],[108.992407217,0.31646637100005],[108.992087492,0.315878971000079],[108.992049823,0.315809764000042],[108.991767103,0.315290348000081],[108.991492265,0.314946801000067],[108.991438325,0.314879376000014],[108.991434498,0.31488185300002],[108.9913934,0.314808010000033],[108.991308447,0.314655371000066],[108.99129645,0.314633815000031],[108.991294569,0.31463367600003],[108.991265369,0.314577971000062],[108.990992528,0.314057457000045],[108.990983029,0.314010596000052],[108.990946007,0.313855106000055],[108.990940126,0.313837664000058],[108.990918158,0.313772520000034],[108.990808109,0.313446165000069],[108.990700146,0.313190254000059],[108.989879183,0.311244268000048],[108.989051002,0.308993775000031],[108.989050423,0.308994269000036],[108.988987017,0.308819904000081],[108.988951232,0.308721495000033],[108.988805646,0.308321133000056],[108.988803349,0.308320805000045],[108.988502145,0.308277776000061],[108.988490706,0.308276142000067],[108.988483431,0.308281844000012],[108.988221028,0.308338888000039],[108.988047167,0.308356274000063],[108.987751602,0.308356274000063],[108.987212632,0.308408433000057],[108.986917068,0.308460591000031],[108.986586732,0.308669225000069],[108.986343326,0.308860472000049],[108.986204237,0.308947403000043],[108.986021419,0.308997262000048],[108.986012989,0.308999561000068],[108.985809653,0.309124691000015],[108.985264783,0.309195343000048],[108.985056752,0.309260353000073],[108.984778574,0.309416828000058],[108.984622098,0.309399442000025],[108.984274376,0.309451601000034],[108.984065742,0.309503759000051],[108.983913171,0.309485451000052],[108.98390445,0.309491820000056],[108.98381215,0.309559000000005],[108.98361049,0.309697610000059],[108.9835338,0.309730480000047],[108.98345854,0.309747620000041],[108.98341311,0.309747610000039],[108.98337335,0.309747600000037],[108.98329099,0.309746160000037],[108.98327395,0.309746150000022],[108.98325975,0.309766160000034],[108.98325833,0.309783310000048],[108.9832569,0.309809050000064],[108.98324128,0.309846210000046],[108.98320719,0.309863360000062],[108.98317595,0.309869070000042],[108.98315181,0.309864780000061],[108.98303796,0.309821220000057],[108.98291635,0.30977999000003],[108.98286256,0.309768210000066],[108.98280877,0.30976466000004],[108.98275264,0.309765830000062],[108.98270236,0.309775240000019],[108.98267313,0.309783470000068],[108.98264739,0.309799950000065],[108.98261348,0.309838800000019],[108.98259593,0.30988],[108.9825854,0.30992355000006],[108.98257018,0.309975340000042],[108.982564242,0.309986345000013],[108.98254795,0.310016540000042],[108.98252105,0.310070690000032],[108.98248129,0.310108360000073],[108.98243334,0.310113050000047],[108.98239358,0.310108340000056],[108.98229536,0.310078890000058],[108.9822252,0.310080050000062],[108.9821375,0.310078860000037],[108.98205448,0.310074130000025],[108.98200654,0.310067060000048],[108.98197146,0.310047040000024],[108.98193638,0.310016420000065],[108.98190832,0.309982280000039],[108.98188377,0.309959900000024],[108.98186507,0.309951660000017],[108.98184753,0.309951660000017],[108.98182063,0.309955190000028],[108.9817949,0.309974020000028],[108.98178437,0.309995200000056],[108.98177033,0.310031700000024],[108.98172705,0.310083480000054],[108.98169548,0.310121150000042],[108.9816791,0.310149410000058],[108.98164634,0.310195300000034],[108.98162179,0.310209430000041],[108.98156215,0.310229430000046],[108.98150017,0.310225890000023],[108.9814686,0.310207040000019],[108.981454752,0.310194215000025],[108.98143937,0.310179970000025],[108.9814078,0.310136400000031],[108.98139378,0.310122270000023],[108.9813856,0.310118730000062],[108.98136806,0.310117560000022],[108.98133531,0.310122260000062],[108.98130958,0.310144620000071],[108.98128034,0.310185820000068],[108.9812663,0.310198770000043],[108.98122772,0.31020229000006],[108.981209,0.310190520000045],[108.98120199,0.310186980000022],[108.98118562,0.310181090000077],[108.98117042,0.310183440000056],[108.98114586,0.310198740000022],[108.98112948,0.310229350000036],[108.98111662,0.310256420000032],[108.98108855,0.310288200000053],[108.98106749,0.310303500000033],[108.98104177,0.310304670000051],[108.98099733,0.310304660000046],[108.98096576,0.310304660000046],[108.98092483,0.310291700000047],[108.98087807,0.310248130000043],[108.98085234,0.310230470000016],[108.98082311,0.310211630000018],[108.98079271,0.310209270000028],[108.98077517,0.310221040000042],[108.98076931,0.310246930000057],[108.98077398,0.310345820000072],[108.9807611,0.310397620000055],[108.98073771,0.310437640000025],[108.98070028,0.310478840000017],[108.98066637,0.310495310000009],[108.98061725,0.310502370000054],[108.98058802,0.31049883000003],[108.98052254,0.310470560000044],[108.98041614,0.310428160000073],[108.98036118,0.310386950000056],[108.98033898,0.310352800000023],[108.9803343,0.310326910000074],[108.98032963,0.310296300000054],[108.98031326,0.310263330000051],[108.98029807,0.310248020000064],[108.98027468,0.310242130000064],[108.98024662,0.31024212000006],[108.98020569,0.310251540000024],[108.98015774,0.31026095000005],[108.98010745,0.310271530000017],[108.98006301,0.310297420000035],[108.98004313,0.310324490000013],[108.98003143,0.310359800000072],[108.98002909,0.310399830000044],[108.98003141,0.310450460000028],[108.98002322,0.310478710000039],[108.97999281,0.310501060000034],[108.97995656,0.310506940000038],[108.97989809,0.310501050000025],[108.97987705,0.310505750000057],[108.97982676,0.310524580000053],[108.97979167,0.310546940000051],[108.97975775,0.310581070000061],[108.97970512,0.310636390000071],[108.97967706,0.310642270000068],[108.97963146,0.310637560000024],[108.979630706,0.310637045000023],[108.97959521,0.31061282000007],[108.97956248,0.310581040000039],[108.97951336,0.310557480000058],[108.97944438,0.310543350000043],[108.97930757,0.31050329000004],[108.97919023,0.310444160000032],[108.97913552,0.310423960000033],[108.97908833,0.310407140000053],[108.97905159,0.31038652000006],[108.97901943,0.310363400000035],[108.97898394,0.310352460000047],[108.97895011,0.310350770000061],[108.97890709,0.310357490000062],[108.97886908,0.310370510000031],[108.97884569,0.310388590000053],[108.97879055,0.310474100000014],[108.97878344,0.310519840000033],[108.97877491,0.310585590000065],[108.97877347,0.310662780000026],[108.97878482,0.310742840000053],[108.9787919,0.310804310000025],[108.97880467,0.310888650000036],[108.97879472,0.310910090000041],[108.97874786,0.310955830000074],[108.97871236,0.310964390000028],[108.97864988,0.310965810000011],[108.97858457,0.310957220000028],[108.9785292,0.310937200000066],[108.9784653,0.310917170000044],[108.97838863,0.310901440000061],[108.97829065,0.310892840000051],[108.97818416,0.310881380000068],[108.97812026,0.310877080000066],[108.97805921,0.310877070000059],[108.97803365,0.310879920000033],[108.97799956,0.310898500000053],[108.97797542,0.31091851000001],[108.97797115,0.310957110000051],[108.97799103,0.31100857000007],[108.97800948,0.311040030000069],[108.97801089,0.311042880000054],[108.97800238,0.311067180000068],[108.97798107,0.311104340000039],[108.97795408,0.31113007000004],[108.97789302,0.311155790000043],[108.977844287,0.311170679000041],[108.97770131,0.311214360000054],[108.9776289,0.311224350000021],[108.97751388,0.311238620000043],[108.97738041,0.311261470000035],[108.97726255,0.311278600000025],[108.97718729,0.311274300000033],[108.97713049,0.311257130000056],[108.97704814,0.311237100000025],[108.97696579,0.311232800000027],[108.97686213,0.311235640000057],[108.97674143,0.311287080000052],[108.97668747,0.31130708000007],[108.97660226,0.311347090000026],[108.97652273,0.311402820000063],[108.97647445,0.311428550000062],[108.97638784,0.311448540000072],[108.97629696,0.311458530000045],[108.97614928,0.311475650000037],[108.97607828,0.31148993000004],[108.97599308,0.311502780000069],[108.97586387,0.311518480000071],[108.97576589,0.311527040000043],[108.97566791,0.311539890000055],[108.97549751,0.31159560000003],[108.97538248,0.311645610000024],[108.9753342,0.311682770000066],[108.97530438,0.31171422000005],[108.97526319,0.311752800000014],[108.97522343,0.311771380000038],[108.97517373,0.311771370000024],[108.97514391,0.311761350000035],[108.97512404,0.311718470000071],[108.97511269,0.311681290000019],[108.97509708,0.31164270000004],[108.97507152,0.311615540000045],[108.97502183,0.311594080000019],[108.97497497,0.311589780000019],[108.97488977,0.311598350000055],[108.97479747,0.311645500000047],[108.97477049,0.311665500000067],[108.97475061,0.311689800000067],[108.97471226,0.311725540000045],[108.97465546,0.311764120000012],[108.97461711,0.311775550000045],[108.9745447,0.311782690000029],[108.97449358,0.31178839000006],[108.97444814,0.311801250000033],[108.9744169,0.311815540000049],[108.97437713,0.311826970000029],[108.97433738,0.31185268000007],[108.97432175,0.311882710000024],[108.97432032,0.311911300000018],[108.97431889,0.311962750000019],[108.97431179,0.312009920000029],[108.9742919,0.312049940000057],[108.97425498,0.312064230000025],[108.97424788,0.312064230000025],[108.974228,0.312061370000027],[108.9741925,0.312035630000012],[108.97417973,0.312014190000069],[108.97415986,0.311989880000051],[108.9741343,0.311966999999991],[108.97409597,0.311968430000035],[108.974044318,0.31201356600007],[108.974038439,0.311995305000038],[108.973936599,0.312107695000059],[108.97392128,0.31212564000003],[108.97387442,0.312177090000022],[108.97383181,0.312218530000048],[108.97377359,0.312242830000057],[108.97371963,0.312252820000029],[108.97365574,0.312248520000024],[108.97359751,0.312244220000024],[108.97356627,0.312251360000058],[108.97352225,0.312267070000076],[108.97350096,0.312285660000034],[108.97347113,0.31230852000004],[108.97343705,0.312329960000045],[108.97337315,0.312347100000075],[108.97330783,0.312354240000048],[108.97326098,0.312335640000064],[108.97323684,0.312299900000032],[108.97320136,0.312258440000045],[108.97317722,0.312238420000023],[108.97314314,0.312228410000051],[108.973119,0.31222698000004],[108.9730835,0.31223697000007],[108.97302528,0.312276990000043],[108.97299544,0.312349880000061],[108.97298124,0.31238705000004],[108.97293437,0.312437070000034],[108.97286053,0.312504240000065],[108.97281649,0.312528540000072],[108.97269597,0.312545480000042],[108.9725995,0.31255177000002],[108.97247923,0.312559310000028],[108.97237774,0.312574430000037],[108.97226247,0.312595850000024],[108.9721046,0.312637440000051],[108.97193545,0.312700470000038],[108.97175377,0.31274332000003],[108.97159089,0.31278239000004],[108.97145557,0.312818940000048],[108.971334233,0.312849730000043],[108.9713165,0.312854230000022],[108.97101203,0.312946250000037],[108.97082408,0.313004230000035],[108.97068877,0.313038260000027]]]]},"properties":{"gid":6488,"luas":4.518238970165969,"kdkab":"04","kdkec":"101","nmkab":"MEMPAWAH","nmkec":"MEMPAWAH TIMUR","iddesa":"6104101001","kddesa":"001","kdprov":"61","nmdesa":"PASIR WAN SALIM","nmprov":"KALIMANTAN BARAT","rw_dki":"","sumber":"BPS","periode":"2023_1"}},{"id":6489,"type":"Feature","geometry":{"type":"MultiPolygon","coordinates":[[[[108.960259975,0.369520422000049],[108.960254104,0.369529629000052],[108.960031225,0.36987914300004],[108.959995629,0.369930186000032],[108.959772645,0.370249936000042],[108.958821266,0.370670739000038],[108.958649964,0.370746507000033],[108.958720438,0.370763001000062],[108.959251229,0.371168900000039],[108.959325109,0.371267406000061],[108.959625905,0.37148113000006],[108.959750797,0.371543576000028],[108.959922524,0.371637245000041],[108.960063027,0.371730914000065],[108.960172308,0.371871417000026],[108.960453315,0.372168036000054],[108.960531372,0.372246093000049],[108.960591163,0.372311864000032],[108.960687487,0.372417820000062],[108.960812379,0.372558323000025],[108.96103094,0.372808107000023],[108.96103094,0.372823719000047],[108.961062163,0.372854942000059],[108.961124609,0.373042280000041],[108.961130652,0.373056381000028],[108.961218278,0.373260841000044],[108.961311947,0.373448179000029],[108.961436839,0.373619905000052],[108.961624177,0.373822855000068],[108.961827127,0.37410386200002],[108.961936407,0.374228754000058],[108.962154968,0.374431703000028],[108.962264249,0.374540984000022],[108.96248281,0.374681487000031],[108.962763817,0.374853214000041],[108.96282447,0.37488513600004],[108.963060435,0.375009329000015],[108.963185327,0.375071775000037],[108.963341442,0.375165444000059],[108.963684895,0.375337170000015],[108.963809787,0.375399616000032],[108.964012737,0.375602566000054],[108.964168852,0.375836738000024],[108.964246909,0.37605529900002],[108.964324967,0.376336306000032],[108.964324967,0.376632925000025],[108.964324967,0.376858316000031],[108.96446547,0.377007601000055],[108.964512887,0.377010834000027],[108.96466842,0.377179327000021],[108.964871369,0.377257385000056],[108.965214822,0.377335442000052],[108.965792448,0.377257385000056],[108.966073455,0.377085658000051],[108.966192959,0.376948228000054],[108.966385685,0.376726594000044],[108.966588634,0.376414364000026],[108.966713526,0.376195803000025],[108.966885253,0.375805515000025],[108.966947699,0.375555731000014],[108.967025756,0.375071775000037],[108.967025756,0.375024940000051],[108.967088202,0.374540984000022],[108.967061128,0.374229634000072],[108.967056979,0.374181919000024],[108.96703118,0.374091622000033],[108.966932087,0.373744797000021],[108.966760361,0.373229618000039],[108.966741331,0.37316301400005],[108.966780427,0.373128805000019],[108.966682303,0.373011057000038],[108.966619857,0.372745661000064],[108.966588634,0.372308539000073],[108.966697915,0.371980698000073],[108.966716303,0.371956180000046],[108.966885253,0.371730914000065],[108.967150648,0.371668468000056],[108.967369209,0.37165285600002],[108.967728273,0.371637245000041],[108.968165395,0.37165285600002],[108.96852446,0.371746525000041],[108.968826192,0.371829762000055],[108.969086073,0.371730010000016],[108.969423329,0.371524723000046],[108.969731259,0.371224125000022],[108.969914551,0.370982180000051],[108.969930191,0.370939951000014],[108.969987867,0.370784225000021],[108.969996006,0.370758451000031],[108.970031857,0.370644924000028],[108.970134043,0.370474614000035],[108.970148056,0.370341490000048],[108.970272948,0.369982426000035],[108.970335394,0.369685807000059],[108.970335394,0.369638973000064],[108.970351005,0.369482858000017],[108.970366617,0.36929552000004],[108.970366617,0.369279908000071],[108.970383461,0.369263064000049],[108.970366175,0.369207366000068],[108.970344088,0.369200003000051],[108.970360432,0.369187896000028],[108.970360432,0.368379090000063],[108.970360432,0.368292566000041],[108.970346497,0.368279502000058],[108.970314349,0.367732985000021],[108.970051017,0.367021988000027],[108.969682352,0.366758656000056],[108.968971355,0.366574323000057],[108.968797392,0.366509087000058],[108.968550023,0.366416324000054],[108.967889838,0.366456744000047],[108.967259695,0.366495324000027],[108.966601364,0.36670598900001],[108.965311036,0.36749598600005],[108.964942371,0.367969984000065],[108.964679039,0.368285983000008],[108.963786045,0.368841998000044],[108.963717876,0.369036480000033],[108.963059546,0.369444645000036],[108.962796214,0.369457811000079],[108.962264814,0.369288730000053],[108.962216883,0.369273479000066],[108.961808718,0.369010147000039],[108.961584885,0.368852147000039],[108.961519052,0.368740231000057],[108.961519052,0.368654648000068],[108.961472969,0.368522982000052],[108.961433469,0.368411066000021],[108.96135447,0.368318899000027],[108.961282053,0.368266233000047],[108.961237924,0.368289995000043],[108.96122665,0.368296065000027],[108.96119647,0.368312316000069],[108.961124054,0.368364983000049],[108.961005554,0.368522982000052],[108.960880471,0.368674398000037],[108.960656639,0.368871897000014],[108.96051839,0.369049646000065],[108.960400434,0.369273761000052],[108.960332626,0.369402597000023],[108.96032089,0.36942489500006],[108.960295253,0.369465099000033],[108.960268408,0.369507197000064],[108.960259975,0.369520422000049]]]]},"properties":{"gid":6489,"luas":0.79370517386554,"kdkab":"04","kdkec":"101","nmkab":"MEMPAWAH","nmkec":"MEMPAWAH TIMUR","iddesa":"6104101005","kddesa":"005","kdprov":"61","nmdesa":"PULAU PEDALAMAN","nmprov":"KALIMANTAN BARAT","rw_dki":"","sumber":"BPS","periode":"2023_1"}},{"id":6490,"type":"Feature","geometry":{"type":"MultiPolygon","coordinates":[[[[109.006144554,0.301905721000023],[109.0045338,0.302515862000061],[109.003913239,0.302876912000034],[109.002661606,0.303605133000067],[109.002260037,0.303753406000051],[109.000449011,0.304422094000068],[109.00014265,0.304456134000019],[108.99964258,0.304596153000037],[108.999291648,0.304694414000031],[108.998751877,0.30501827400001],[108.998140925,0.305158230000072],[108.994804944,0.306450903000048],[108.995430702,0.309044772000053],[108.995430473,0.309045014000039],[108.994804944,0.306452093000073],[108.994690921,0.306496277000058],[108.993957795,0.306625650000051],[108.9934022,0.306863758000011],[108.99339528,0.306822236000061],[108.992822075,0.306961363000016],[108.992820589,0.306957246000024],[108.99230391,0.307120111000081],[108.992303115,0.307115656000059],[108.99131041,0.307179020000038],[108.991311147,0.307183932000051],[108.991038594,0.307320208000029],[108.991004943,0.307337033000075],[108.99100415,0.307336240000036],[108.991038594,0.307319018000048],[108.991024019,0.30730137500006],[108.99018417,0.307536532000029],[108.989466043,0.30783223200006],[108.98925483,0.307958960000053],[108.989001373,0.308085688000062],[108.988846649,0.308201732000047],[108.988754723,0.308181095000058],[108.988777085,0.308242590000012],[108.988805646,0.308321133000056],[108.988951232,0.308721495000033],[108.988987017,0.308819904000081],[108.989050423,0.308994269000036],[108.989051002,0.308993775000031],[108.989879183,0.311244268000048],[108.990700146,0.313190254000059],[108.990808109,0.313446165000069],[108.990918158,0.313772520000034],[108.990940126,0.313837664000058],[108.990946007,0.313855106000055],[108.990983029,0.314010596000052],[108.990992528,0.314057457000045],[108.991265369,0.314577971000062],[108.991294569,0.31463367600003],[108.99129645,0.314633815000031],[108.991308447,0.314655371000066],[108.9913934,0.314808010000033],[108.991434498,0.31488185300002],[108.991438325,0.314879376000014],[108.991492265,0.314946801000067],[108.991767103,0.315290348000081],[108.992049823,0.315809764000042],[108.992087492,0.315878971000079],[108.992407217,0.31646637100005],[108.992750116,0.317284054000024],[108.992993522,0.31777086600004],[108.993018238,0.317807939000028],[108.993011135,0.317812083000038],[108.99304309,0.317859499000061],[108.993338516,0.318297875000048],[108.993342272,0.31829578800006],[108.993342585,0.318296804000043],[108.993342272,0.318296978000029],[108.993480334,0.318745679000073],[108.99358465,0.319267263000016],[108.993793284,0.319997481000033],[108.993862829,0.320519065000035],[108.994001918,0.32135359900002],[108.994001918,0.321537862000069],[108.994001918,0.321539052000033],[108.994088848,0.321683936000062],[108.99434964,0.322205520000056],[108.994384413,0.322709718000056],[108.994401045,0.322780402000026],[108.994401261,0.322780132000049],[108.994431743,0.32274202900003],[108.994486977,0.322908919000044],[108.994505049,0.322963523000062],[108.99457925,0.323187719000029],[108.995444565,0.325802276000039],[108.995947456,0.325763592000049],[108.996150221,0.326558298000064],[108.996150515,0.326559451000032],[108.997439719,0.331612299000025],[108.999387241,0.33924533000003],[109.000157165,0.342262933000036],[109.000007583,0.342171951000072],[109.000105894,0.342391043000017],[109.002456054,0.343739495000014],[109.003737796,0.344296211000021],[109.003739018,0.344296742000039],[109.003734524,0.344292350000049],[109.003739151,0.344294672000045],[109.003738563,0.344283312000068],[109.003738485,0.344283110000044],[109.003738555,0.344283143000049],[109.003888187,0.344353677000073],[109.003973111,0.344393708000039],[109.004113389,0.344453401000059],[109.0041118,0.34445865800005],[109.006109442,0.345326321000069],[109.006911384,0.345674639000031],[109.008638208,0.346424673000066],[109.010252028,0.347045373000063],[109.010261804,0.347049133000034],[109.012276742,0.348118920000053],[109.01434781,0.349218507000041],[109.015878473,0.350031179000031],[109.020065176,0.352254017000055],[109.020067011,0.352253737000072],[109.020112558,0.352279173000053],[109.020399931,0.352439654000013],[109.020404524,0.352434186000043],[109.020809989,0.352649458000025],[109.020815235,0.352656637000043],[109.020826017,0.352657968000067],[109.020842002,0.352659942000051],[109.022831931,0.352905612000033],[109.022867245,0.352909972000017],[109.023659515,0.352999421000051],[109.023675811,0.353001261000027],[109.024000442,0.35370913800005],[109.024374586,0.354524980000071],[109.024467718,0.354527368000044],[109.024480732,0.354554843000065],[109.026842838,0.354779805000028],[109.026641931,0.354227312000028],[109.02674592,0.353750694000044],[109.02649298,0.352905079000036],[109.026161705,0.351797580000028],[109.026085575,0.351543068000068],[109.026086862,0.351541995000044],[109.026036078,0.351377592000062],[109.026026423,0.351346337000054],[109.026026715,0.351346292000063],[109.025091557,0.348219930000017],[109.024943293,0.347724264000021],[109.024623686,0.34665577300007],[109.024353404,0.345752184000053],[109.024183751,0.345185009000031],[109.024201779,0.345168619000054],[109.02375823,0.343711244000077],[109.023744129,0.343715294000057],[109.023743825,0.343714278000052],[109.023721173,0.343638551000025],[109.022918959,0.340956635000042],[109.02291475,0.340958081000047],[109.022918729,0.340983946000044],[109.02291319,0.34098538700004],[109.022909279,0.340959961000067],[109.022897974,0.34088648000004],[109.022892254,0.340849298000022],[109.022886165,0.340846999999997],[109.022654014,0.340070887000021],[109.022180804,0.33848888400006],[109.023334791,0.337234153000051],[109.028137688,0.332011955000045],[109.028263974,0.33187464400003],[109.028381938,0.331746382000055],[109.028402252,0.331738072000061],[109.028396371,0.331730689000033],[109.02842794,0.331696363000036],[109.02777955,0.330420843000077],[109.027777066,0.330415956000015],[109.027647573,0.330161215000023],[109.02757687,0.330022128000046],[109.025337258,0.325616332000026],[109.025278924,0.325600377000061],[109.024310828,0.325335599000025],[109.02168158,0.32461648900005],[109.021409332,0.324542028000045],[109.021409265,0.324542010000062],[109.021409407,0.324541928000028],[109.021409487,0.324541882000062],[109.021408964,0.324541927000034],[109.021397446,0.324538777000041],[109.017364905,0.323435860000079],[109.017364878,0.323435853000029],[109.017332619,0.323332839000047],[109.017332599,0.323332795000061],[109.017065252,0.322479597000028],[109.017023491,0.322346317000039],[109.016980231,0.322208254000034],[109.016090474,0.319368552000075],[109.016090454,0.319368508000025],[109.015766812,0.318335654000065],[109.015640585,0.317932804000064],[109.015578895,0.317735924000026],[109.015482098,0.317426999999995],[109.015447024,0.317315063000013],[109.015401423,0.317154877000063],[109.015401413,0.317154838000027],[109.015359656,0.317008160000056],[109.015359639,0.31700810100006],[109.015358017,0.317002357000031],[109.015357993,0.317002317000055],[109.015241268,0.316592288000037],[109.014949208,0.315566345000036],[109.014848637,0.315213061000072],[109.014596058,0.314325810000068],[109.014628411,0.314253492000031],[109.014627696,0.314251160000028],[109.014311591,0.313220891000071],[109.014311591,0.313070694000026],[109.01399477,0.312014626000054],[109.013953423,0.312081075000036],[109.013985795,0.311941475000024],[109.014018989,0.311798328000061],[109.01397046,0.311654949000055],[109.013915619,0.311492921000022],[109.013832323,0.311246823000033],[109.013600271,0.310561224000024],[109.013516238,0.310312949000032],[109.013444819,0.310101940000029],[109.013424016,0.310040478000072],[109.013088537,0.309049304000033],[109.013031637,0.308881194000042],[109.012547641,0.307451226000059],[109.012500496,0.307391416000032],[109.012500461,0.307391371000042],[109.012211199,0.307024402000023],[109.012187435,0.30699425500005],[109.012175407,0.306978996000054],[109.012173317,0.30697634400002],[109.012157639,0.306936002000028],[109.012084555,0.306747947000014],[109.011995091,0.306517743000023],[109.012001427,0.30648606100004],[109.011968512,0.306387315000051],[109.011883781,0.306133126000025],[109.011867539,0.306084402000068],[109.011822707,0.305991291000057],[109.011721509,0.305781113000012],[109.011655682,0.305644397000038],[109.011483498,0.305286790000033],[109.011432403,0.305180669000031],[109.011373267,0.304870210000044],[109.011346911,0.304731844000052],[109.011334004,0.304664086000058],[109.011310348,0.304539894000072],[109.011298514,0.304477766000044],[109.011285436,0.304464688000052],[109.01126048,0.304439732000041],[109.010886026,0.304065283000046],[109.010858581,0.304037839000048],[109.010890103,0.304026867000055],[109.010786391,0.303612020000056],[109.010422923,0.302158153000044],[109.010332209,0.301922296000035],[109.009920933,0.300852970000046],[109.009605742,0.300984060000068],[109.006952706,0.301623351000045],[109.006780426,0.301664861000061],[109.006421359,0.30180087100006],[109.006144554,0.301905721000023]]]]},"properties":{"gid":6490,"luas":13.697523317187889,"kdkab":"04","kdkec":"101","nmkab":"MEMPAWAH","nmkec":"MEMPAWAH TIMUR","iddesa":"6104101002","kddesa":"002","kdprov":"61","nmdesa":"SUNGAI BAKAU KECIL","nmprov":"KALIMANTAN BARAT","rw_dki":"","sumber":"BPS","periode":"2023_1"}},{"id":6491,"type":"Feature","geometry":{"type":"MultiPolygon","coordinates":[[[[109.289224387,0.36807279300006],[109.288473538,0.367107415000022],[109.287079103,0.365712980000067],[109.286006461,0.365015763000021],[109.285932616,0.36499595100003],[109.283807545,0.364425810000052],[109.282252214,0.363567696000075],[109.280589619,0.363514064000063],[109.279624242,0.363353168000052],[109.279624214,0.363353161000028],[109.279054949,0.363210845000021],[109.278122543,0.36297774300004],[109.277659544,0.363158917000012],[109.276889004,0.36346043200007],[109.27576273,0.363889489000025],[109.274690088,0.364318546000046],[109.273027493,0.365552084000062],[109.271901219,0.366571094000054],[109.271735003,0.366726921000051],[109.271043106,0.367375576000033],[109.270936956,0.367517110000051],[109.270852188,0.367630134000023],[109.270738354,0.367726455000017],[109.270400234,0.368181617000064],[109.270161274,0.368303535000053],[109.269824534,0.368794615000069],[109.269666634,0.368932140000033],[109.269565074,0.369088386000037],[109.269532669,0.369138241000036],[109.269525294,0.369202158000055],[109.269354566,0.369397275000036],[109.269388432,0.369916552000059],[109.269237705,0.370268248000056],[109.268716388,0.370731641000029],[109.268257978,0.370946521000061],[109.268373832,0.371113866000021],[109.268232857,0.371298218000047],[109.267579705,0.371423824000032],[109.267152645,0.371951369000048],[109.267202887,0.372504036000069],[109.266549736,0.372805490000066],[109.266388694,0.372717248000066],[109.266118201,0.372710859000054],[109.265993303,0.372603803000058],[109.26562752,0.37263194000002],[109.26529232,0.372564900000043],[109.265131424,0.37249786000006],[109.264997343,0.372444228000059],[109.264849855,0.372377188000028],[109.264635005,0.37231352900006],[109.264487838,0.372269924000017],[109.264179454,0.372122435000048],[109.263804029,0.372001763000071],[109.263667019,0.371973658000051],[109.263636988,0.371838518000064],[109.263217404,0.37152867200006],[109.262820615,0.371587894000065],[109.262741729,0.371520277000063],[109.26228592,0.370663158000069],[109.261588298,0.369351324000032],[109.26159742,0.369194945000062],[109.261533076,0.369149368000022],[109.261462653,0.368785513000029],[109.261355388,0.367712871000038],[109.26132808,0.367398827000045],[109.261317399,0.36727599300002],[109.261296706,0.367255300000061],[109.260857616,0.366816209000028],[109.259999502,0.365958096000034],[109.258649505,0.365148097000028],[109.257854218,0.36467092500004],[109.25485082,0.363383755000019],[109.251632894,0.361667528000059],[109.251058194,0.361412106000046],[109.249239431,0.364342335000058],[109.244424849,0.363931335000069],[109.243510566,0.363853286000053],[109.242262361,0.364602209000048],[109.241128044,0.365649271000047],[109.240513091,0.366840741000023],[109.240498441,0.366821657000058],[109.240042539,0.368452383000021],[109.240006178,0.368445966000018],[109.239880097,0.368396120000055],[109.239488835,0.37019932900006],[109.241311706,0.372501902000064],[109.240117077,0.373397874000031],[109.238508114,0.375114101000063],[109.238508114,0.375968717000034],[109.240712058,0.377118601000055],[109.241462907,0.378191243000062],[109.242106493,0.379692941000033],[109.24231143,0.380444379000036],[109.242428285,0.380872848000026],[109.24315994,0.383525096000025],[109.243393663,0.38344718800004],[109.244359041,0.384412566000034],[109.244663589,0.386645918000052],[109.244788098,0.386557850000028],[109.246526562,0.386806202000061],[109.24141179,0.38971460200002],[109.246181981,0.392943207000017],[109.248693757,0.394643250000054],[109.248705336,0.395210635000065],[109.249775394,0.395567321000037],[109.250314299,0.395746956000046],[109.253854018,0.394996107000047],[109.255144677,0.394234949000057],[109.257601142,0.395708827000019],[109.258488799,0.396031612000059],[109.259469171,0.395570260000055],[109.261688203,0.39602937000006],[109.261958577,0.396356665000044],[109.264036993,0.39613788400004],[109.265538692,0.395708827000019],[109.266377686,0.393681260000049],[109.268113033,0.389487504000039],[109.267909287,0.388876265000013],[109.267643206,0.388078021000068],[109.271251799,0.387755825000049],[109.274006458,0.387449752000051],[109.275689862,0.386914124000046],[109.276205276,0.386762531000045],[109.276220497,0.386758054000034],[109.276319176,0.386729031000071],[109.282201228,0.386505379000016],[109.28438281,0.386342439000029],[109.291339247,0.385822871000066],[109.305169181,0.384789930000073],[109.30538602,0.384794544000032],[109.3076915,0.384843600000058],[109.31320438,0.386103690000029],[109.317005022,0.387140232000032],[109.31707046,0.386996268000061],[109.317070476,0.386996232000057],[109.317287138,0.386519576000065],[109.318817505,0.380704183000031],[109.319329186,0.378657456000036],[109.320460825,0.377235654000059],[109.320902157,0.37448581100006],[109.324936789,0.364382747000034],[109.32441732,0.363061813000057],[109.322147803,0.363092073000072],[109.32228053,0.362245950000036],[109.322248336,0.362244299000047],[109.319796143,0.362118544000058],[109.319696376,0.362113428000045],[109.31308095,0.361774170000038],[109.311816639,0.361709334000063],[109.311334369,0.361684603000071],[109.309959561,0.361614101000033],[109.30927411,0.361578950000025],[109.30455166,0.360229680000022],[109.304116533,0.359992338000031],[109.30346888,0.359639073000031],[109.302463088,0.359090459000073],[109.302048096,0.359538309000066],[109.301852823,0.359751335000043],[109.3008025,0.360897142000044],[109.300670055,0.360698474000065],[109.300638749,0.360743693000068],[109.299876669,0.361844477000024],[109.299374465,0.362569882000051],[109.29810446,0.364404334000026],[109.297615696,0.365110327000019],[109.297765537,0.365255436000047],[109.296354126,0.369855589000044],[109.294783959,0.374973168000042],[109.294104908,0.374294116000035],[109.293354059,0.373489635000049],[109.292495945,0.372363361000045],[109.291316039,0.370915294000036],[109.290618822,0.370110813000042],[109.290136133,0.369413595000016],[109.289576494,0.368590596000037],[109.289224387,0.36807279300006]]]]},"properties":{"gid":6491,"luas":23.481152553403444,"kdkab":"04","kdkec":"120","nmkab":"MEMPAWAH","nmkec":"TOHO","iddesa":"6104120003","kddesa":"003","kdprov":"61","nmdesa":"BENUANG","nmprov":"KALIMANTAN BARAT","rw_dki":"","sumber":"BPS","periode":"2023_1"}},{"id":6492,"type":"Feature","geometry":{"type":"MultiPolygon","coordinates":[[[[109.166567683,0.173137267000068],[109.165639545,0.172766012000056],[109.164637157,0.172320506000054],[109.164105471,0.17215691000007],[109.163120734,0.171722669000068],[109.16110989,0.170835943000039],[109.159498155,0.169586848000048],[109.158949129,0.16970950300004],[109.156939709,0.170158415000058],[109.156368502,0.170286025000047],[109.148465574,0.171148527000073],[109.14536804,0.171486583000042],[109.145191944,0.171505802000066],[109.135688536,0.172542976000052],[109.131277284,0.173024407000071],[109.13115624,0.174622310000075],[109.1307849,0.176822730000028],[109.130517505,0.178374391000038],[109.13034863,0.179354350000029],[109.130262455,0.179808966000055],[109.1299487,0.181464180000027],[109.1286482,0.185211070000036],[109.128558742,0.185942924000068],[109.128505764,0.185946040000022],[109.128395099,0.186324146000061],[109.127780577,0.188423763000055],[109.127660909,0.188480605000048],[109.127755306,0.188510105000025],[109.129012677,0.188903033000026],[109.130762407,0.18991900500003],[109.132676932,0.190700444000064],[109.135523813,0.191862436000064],[109.135688591,0.191762233000017],[109.135867223,0.191871717000028],[109.136609733,0.192131595000027],[109.137036676,0.19233578600005],[109.137352243,0.192484288000048],[109.137450553,0.192527141000022],[109.13807619,0.192799854000036],[109.138558821,0.193041170000077],[109.139097141,0.193226797000028],[109.139412708,0.193375299000021],[109.139821088,0.193598052000024],[109.140248031,0.193876493000066],[109.140328265,0.193934162000057],[109.140842039,0.194303437000028],[109.141101917,0.194489064000036],[109.14145461,0.194804631000062],[109.141751613,0.195101635000075],[109.14186299,0.195175886000071],[109.141926565,0.195099845000062],[109.142104306,0.19526869900004],[109.142624062,0.195565703000048],[109.142865378,0.195639954000054],[109.143273759,0.195844144000038],[109.143570762,0.195992646000033],[109.144071957,0.196289650000037],[109.144350398,0.196475278000036],[109.144758778,0.196939346000021],[109.145000094,0.197217788000044],[109.145103105,0.197243541000037],[109.1454456,0.19732916400005],[109.145612664,0.197384852000025],[109.14564979,0.197403415000058],[109.145689842,0.197360115000033],[109.145779729,0.197440540000053],[109.146150984,0.19771898200002],[109.146373737,0.197941735000032],[109.146540802,0.198294427000055],[109.146782117,0.198517180000064],[109.147171935,0.198535742000044],[109.147561753,0.198628556000073],[109.147728817,0.198832746000052],[109.147749712,0.19885203300003],[109.147970133,0.199055499000044],[109.148267137,0.19922256400002],[109.148431557,0.199311098000054],[109.148508452,0.199352503000062],[109.148563527,0.199380040000045],[109.148768331,0.19948244200003],[109.14910246,0.199705195000033],[109.149296521,0.199828688000019],[109.149306651,0.199835134000066],[109.149438008,0.199954550000021],[109.149510841,0.200020762000058],[109.149572674,0.200041373000021],[109.149677905,0.200076450000028],[109.149724883,0.200039192000017],[109.150104849,0.200392017000074],[109.15025335,0.200466268000067],[109.15043316,0.20055327300002],[109.150828796,0.200744709000036],[109.150994346,0.200873471000024],[109.15099586,0.200874648000018],[109.151175027,0.200984904000038],[109.151237176,0.201023150000015],[109.151626994,0.20113452700001],[109.151722654,0.201150470000075],[109.152072499,0.20120877800003],[109.152219534,0.201355812000024],[109.15227669,0.201412968000055],[109.152592256,0.201635721000055],[109.152907823,0.201839911000033],[109.153227846,0.202075717000072],[109.153260515,0.202099789000035],[109.153464705,0.202248291000044],[109.153564852,0.202318983000052],[109.153780272,0.202471044000042],[109.154225778,0.202730923000042],[109.154326359,0.202764450000071],[109.15446491,0.202810633000062],[109.15457847,0.202972238000018],[109.154716306,0.203098588000048],[109.154801223,0.20317642900004],[109.154912599,0.203371337000018],[109.155070383,0.203473432000069],[109.155348824,0.203538402000047],[109.155599421,0.203714748000043],[109.15572936,0.203872531000057],[109.155989239,0.204095284000055],[109.156109896,0.204280912000064],[109.156379056,0.204457258000043],[109.156638935,0.204624323000073],[109.156833843,0.20473569900002],[109.157112285,0.204893482000038],[109.157242224,0.205060547000069],[109.15741857,0.205209049000064],[109.157823846,0.20530880900003],[109.157839418,0.205330708000012],[109.15802377,0.205589951000031],[109.157938327,0.205988684000019],[109.158105391,0.206285688000032],[109.158346707,0.206452753000063],[109.158439521,0.20661981800004],[109.158458665,0.206662891000054],[109.158513772,0.20678688200008],[109.158736525,0.206879696000045],[109.158792213,0.207009635000017],[109.158885027,0.207399453000048],[109.159274844,0.207715020000023],[109.159423346,0.207770708000052],[109.159638186,0.207860224000047],[109.159646099,0.207863522000024],[109.159887415,0.208030586000052],[109.160073042,0.208216214000062],[109.160067536,0.208463998000076],[109.16005448,0.209051537000043],[109.160332921,0.209459918000045],[109.160722738,0.209868298000056],[109.161075431,0.210109614000035],[109.161446686,0.210592245000047],[109.161855066,0.211186253000047],[109.161937517,0.211247006000059],[109.161932296,0.211280421000013],[109.161865452,0.211708220000037],[109.162467636,0.212912588000046],[109.16246343,0.212942659000017],[109.162555428,0.21299350000004],[109.163058786,0.21374853700006],[109.163020067,0.214329336000041],[109.163929984,0.215432852000044],[109.164355902,0.215626451000049],[109.164491421,0.216091090000013],[109.1651303,0.21686548700006],[109.165653017,0.216962286000059],[109.166950133,0.219053160000052],[109.167163092,0.219149959000054],[109.167715243,0.220269183000026],[109.169855358,0.220672028000018],[109.170160696,0.220729503000033],[109.17019672,0.220791258000011],[109.171155558,0.222434982000036],[109.172863331,0.223251742000055],[109.174496852,0.22429125600006],[109.175239362,0.225033766000014],[109.176056123,0.225702025000018],[109.176088947,0.225744696000039],[109.176798633,0.226667287000041],[109.178432154,0.227484048000065],[109.18097318,0.228798372000033],[109.181258321,0.228945859000016],[109.178795331,0.234066285000029],[109.185989318,0.23762657400004],[109.189211462,0.228308485000074],[109.190458173,0.226951770000027],[109.191097779,0.226255727000015],[109.191666274,0.22476510600006],[109.192624829,0.222251733000062],[109.192908594,0.221507689000012],[109.1932386,0.220642396000068],[109.193517062,0.219912256000038],[109.194775383,0.216612878000027],[109.195223231,0.215438600000024],[109.195440928,0.21510258900002],[109.195833958,0.214120015000051],[109.197246375,0.210588973000028],[109.197277225,0.210581853000062],[109.197136684,0.210537079000066],[109.19636437,0.210224476000057],[109.189232874,0.207337918000064],[109.188027318,0.20684995500005],[109.183446681,0.204995888000041],[109.182955474,0.204797066000014],[109.18301315,0.204539324000044],[109.183008515,0.204536013000058],[109.182484017,0.204161372000038],[109.182346016,0.204062800000027],[109.179134661,0.202410715000042],[109.179046882,0.202427322000052],[109.176679316,0.202085024000042],[109.176582283,0.201890958000025],[109.176276117,0.200666294000022],[109.175839774,0.198920919000042],[109.175245766,0.196099382000055],[109.174651758,0.193574849000077],[109.174354754,0.191941327000055],[109.174354754,0.19134531100002],[109.174354754,0.190604810000025],[109.174225254,0.188921316000065],[109.174206252,0.188674284000058],[109.174206252,0.187189265000024],[109.174205235,0.187168927000068],[109.17410418,0.185147822000026],[109.17405775,0.184219226000043],[109.17405775,0.181991696000059],[109.17405775,0.181169581000051],[109.174029906,0.181119247000032],[109.174622777,0.178633750000066],[109.174995169,0.177072569000068],[109.175073195,0.177053062000023],[109.175056578,0.177034935000053],[109.174920918,0.176886941000013],[109.174512537,0.176701314000066],[109.174215533,0.176552812000061],[109.173992781,0.176367185000064],[109.172804765,0.175698926000049],[109.171913753,0.175179169000036],[109.171579624,0.175067792000039],[109.171257427,0.17497113300004],[109.170837114,0.174845040000044],[109.170020353,0.174585161000036],[109.169314969,0.17432528300003],[109.169128639,0.174234941000058],[109.168089828,0.173731275000027],[109.167013189,0.173322894000021],[109.166883302,0.173268774000062],[109.166567683,0.173137267000068]]]]},"properties":{"gid":6492,"luas":23.992153047876158,"kdkab":"04","kdkec":"081","nmkab":"MEMPAWAH","nmkec":"SEGEDONG","iddesa":"6104081003","kddesa":"003","kdprov":"61","nmdesa":"SUNGAI PURUN BESAR","nmprov":"KALIMANTAN BARAT","rw_dki":"","sumber":"BPS","periode":"2023_1"}},{"id":6493,"type":"Feature","geometry":{"type":"MultiPolygon","coordinates":[[[[108.927081571,0.526795850000032],[108.922864381,0.527899921000029],[108.918817348,0.528959445000054],[108.918823183,0.528981084000061],[108.919027548,0.529738940000067],[108.919049383,0.529748493000054],[108.91922454,0.530311497000059],[108.916972525,0.530949568000038],[108.916961387,0.530941612000048],[108.915996651,0.531146619000024],[108.915900536,0.531172250000051],[108.915621315,0.531246708000021],[108.91567136,0.53135930900003],[108.915920232,0.531675185000044],[108.915996651,0.531772179000029],[108.916169161,0.531813484000047],[108.916371987,0.53229764900005],[108.916343265,0.532309280000055],[108.916909969,0.533761459000057],[108.916813306,0.533802085000038],[108.91698033,0.534297230000047],[108.91716297,0.534745460000056],[108.917335705,0.53526204700005],[108.917504574,0.535767073000046],[108.91823736,0.537958560000049],[108.91837237,0.53854437000007],[108.91902495,0.54067795000002],[108.919193137,0.541238832000026],[108.91948771,0.54222119000002],[108.919602124,0.542575013000022],[108.919807759,0.543210930000032],[108.919951882,0.543660280000037],[108.920001798,0.543664071000018],[108.920315014,0.544575428000031],[108.920738053,0.544411223000052],[108.920758725,0.54424584100002],[108.921884234,0.54392158200005],[108.925148022,0.54298128400006],[108.926551886,0.542576830000027],[108.926751588,0.542519296000021],[108.927264086,0.544362760000062],[108.927958919,0.544455404000066],[108.927960591,0.54445723700006],[108.927996452,0.544442893000045],[108.932004107,0.545079344000032],[108.932923135,0.545225294000035],[108.933066918,0.545227483000066],[108.934113797,0.545536788000051],[108.934113834,0.545536799000043],[108.936333961,0.546192746000019],[108.938858494,0.544893354000065],[108.938725461,0.544689891000068],[108.93887181,0.544528907000036],[108.939046966,0.544228638000052],[108.93905405,0.544213584000037],[108.939247146,0.543803258000015],[108.939647504,0.543327832000037],[108.939897728,0.543152676000022],[108.940248041,0.543152676000022],[108.940623377,0.543177698000017],[108.941123825,0.543352855000018],[108.941499161,0.54342792200003],[108.942124721,0.543477967000055],[108.942374945,0.543327832000037],[108.942675213,0.542902452000006],[108.943175661,0.542226847000038],[108.94347593,0.541951601000046],[108.943601042,0.541826489000068],[108.944294074,0.541677982000068],[108.944793863,0.54170178100002],[108.944771728,0.541631587000037],[108.944482876,0.540715587000018],[108.944472338,0.540682171000067],[108.944366427,0.540731596000048],[108.943588027,0.538214768000041],[108.940482828,0.528174625000016],[108.940519058,0.528145641000033],[108.940503526,0.528096387000069],[108.936711196,0.529312406000024],[108.93355581,0.53032418700007],[108.933501658,0.530341551000049],[108.932951726,0.528330862000072],[108.932983426,0.528321516000053],[108.932371837,0.526023425000052],[108.932317355,0.525818707000039],[108.932304284,0.52576959100002],[108.932321648,0.525765962000034],[108.93233471,0.525674534000078],[108.940754745,0.52270938100002],[108.942646467,0.522446406000028],[108.943382158,0.522344135000024],[108.94341727,0.52230719800002],[108.943438396,0.522321534000057],[108.94347912,0.522319498000056],[108.94368862,0.522309023000042],[108.94377826,0.522237677000007],[108.943938844,0.522202678000046],[108.944795861,0.522033776000056],[108.9456216,0.521620907000043],[108.946265927,0.521258082000036],[108.946231768,0.521206102000058],[108.946401731,0.520951158000054],[108.946860208,0.520263442000046],[108.946915549,0.519963023000053],[108.947879066,0.518544511000074],[108.947936171,0.518536897000045],[108.947924358,0.518477831000029],[108.947911149,0.518411785000074],[108.947906482,0.518358121000054],[108.947861104,0.517836270000028],[108.947660925,0.517410889000074],[108.94708541,0.51686039700007],[108.94640686,0.516563531000028],[108.946284693,0.516510083000066],[108.945508999,0.516359949000046],[108.944608193,0.516259859000052],[108.943932588,0.516159770000057],[108.943432141,0.516059680000067],[108.942806581,0.516384971000024],[108.942744428,0.51662228000003],[108.941576193,0.51779051600004],[108.939728827,0.519637882000032],[108.937166571,0.521206293000019],[108.932126746,0.524291277000028],[108.932126289,0.524291141000039],[108.931952141,0.524364283000064],[108.93190633,0.524326556000063],[108.931904561,0.524325099000066],[108.931381203,0.524756570000019],[108.931381794,0.524765147000035],[108.931324006,0.52473986500006],[108.927929922,0.526831729000028],[108.927844754,0.526508093000068],[108.9276685,0.526622658000058],[108.927663342,0.52660818200007],[108.927570802,0.526648859000021],[108.927133054,0.526841276000026],[108.927081571,0.526795850000032]]]]},"properties":{"gid":6493,"luas":5.709982451257336,"kdkab":"04","kdkec":"110","nmkab":"MEMPAWAH","nmkec":"SUNGAI KUNYIT","iddesa":"6104110012","kddesa":"012","kdprov":"61","nmdesa":"SUNGAI DURI II","nmprov":"KALIMANTAN BARAT","rw_dki":"","sumber":"BPS","periode":"2023_1"}},{"id":6494,"type":"Feature","geometry":{"type":"MultiPolygon","coordinates":[[[[108.976739179,0.326171556000019],[108.976523172,0.326173462000042],[108.976360172,0.326202227000065],[108.974989843,0.326315674000055],[108.974985834,0.326285725000036],[108.974846744,0.326324844000053],[108.974698962,0.32635961600004],[108.974572913,0.326385695000055],[108.974399051,0.326437854000056],[108.974229537,0.326468279000027],[108.973981784,0.326472626000046],[108.973773151,0.326485666000049],[108.973634062,0.326507398000039],[108.973486279,0.326529131000035],[108.973368923,0.326559557000059],[108.973273299,0.326581289000033],[108.973151596,0.326629101000036],[108.973038586,0.326668220000037],[108.972949549,0.326696636000062],[108.972834299,0.326733418000055],[108.972831558,0.326734063000057],[108.972756714,0.326751673000042],[108.972712596,0.326748631000049],[108.972562641,0.326802963000027],[108.972536562,0.326818175000027],[108.972469191,0.326852948000063],[108.972367047,0.326889893000036],[108.972356855,0.32689440700004],[108.972214918,0.326957264000044],[108.972091042,0.327018116000025],[108.972014978,0.327052888000026],[108.971928047,0.327083314000049],[108.971769399,0.327141992000063],[108.971698439,0.327181247000056],[108.971678121,0.327174591000071],[108.971625963,0.327205017000038],[108.971578151,0.327257175000057],[108.971406463,0.327383225000055],[108.9712978,0.327467982000016],[108.971136978,0.327574472000026],[108.971093548,0.327604791000054],[108.971021795,0.327654883000025],[108.971009738,0.327665131000058],[108.97097833,0.327691829000054],[108.970856995,0.327738051000047],[108.970630142,0.327929319000027],[108.970595835,0.327935235000032],[108.970561763,0.327986972000075],[108.97056106,0.327988041000017],[108.970495512,0.328087576000025],[108.970458528,0.328085164000069],[108.970458528,0.328198270000017],[108.970458528,0.328279674000039],[108.970458528,0.328510165000069],[108.970564909,0.328652007000071],[108.970807021,0.328855891000038],[108.970808786,0.328857377000012],[108.970870298,0.328909176000026],[108.970937241,0.329059800000027],[108.971025892,0.329538514000032],[108.971025892,0.329680355000051],[108.971025892,0.32994630700006],[108.971025892,0.330105878000037],[108.970937241,0.330336370000056],[108.97077767,0.330690973000058],[108.970689019,0.330832814000074],[108.970529448,0.331098766000027],[108.970427112,0.331173813000009],[108.970263496,0.331293798000046],[108.970258418,0.331297860000051],[108.970086195,0.331435639000062],[108.969921528,0.331635591000059],[108.969871187,0.331696720000016],[108.969837973,0.33173705100005],[108.969678401,0.331949813000057],[108.96955429,0.332162574000045],[108.969359259,0.332428527000045],[108.968916005,0.332995891000049],[108.968826484,0.333118985000057],[108.968813087,0.333137404000064],[108.968632323,0.33338595400005],[108.968531686,0.333600646000037],[108.968636756,0.333686258000055],[108.968672421,0.333737209000049],[108.968788581,0.333903151000066],[108.968743136,0.33400540100007],[108.968633077,0.334313566000039],[108.968565835,0.334501845000039],[108.968664978,0.335427177000046],[108.968670029,0.335474319000066],[108.968672216,0.335494733000071],[108.968683672,0.335567290000028],[108.968666407,0.335574844000058],[108.968450589,0.335669264000052],[108.968450589,0.33584047100004],[108.968415129,0.336141883000035],[108.968237827,0.336567406000021],[108.968042796,0.337010660000029],[108.968007336,0.337276612000034],[108.967921571,0.337442016000057],[108.967759114,0.337755326000024],[108.967639503,0.337946703000059],[108.967644009,0.33796623000006],[108.967617273,0.33798227100004],[108.967588173,0.338028830000031],[108.967559421,0.338052004000071],[108.967574705,0.338053223000023],[108.967626545,0.338057359000057],[108.973916472,0.338072663000045],[108.975008243,0.338075319000035],[108.975857837,0.338077386000055],[108.977922207,0.338082409000032],[108.981367236,0.338090791000062],[108.982140728,0.338092673000057],[108.986147409,0.338102422000014],[108.987210943,0.338105010000041],[108.987575031,0.338111629000021],[108.98757667,0.338106427000073],[108.988158883,0.338116917000023],[108.98815915,0.338114961000033],[108.988158828,0.338115007000043],[108.988160148,0.338080355000049],[108.988160148,0.338056586000048],[108.988160148,0.337998234000048],[108.993398164,0.338040138000055],[108.993467775,0.337933889000056],[108.993484787,0.338088358000046],[108.993667917,0.338088358000046],[108.993768151,0.338088358000046],[108.99508733,0.338088358000046],[108.995715497,0.339561300000063],[108.999936033,0.342128431000047],[109.000007583,0.342171951000072],[109.000157165,0.342262933000036],[108.999387241,0.33924533000003],[108.997439719,0.331612299000025],[108.996150515,0.326559451000032],[108.996150221,0.326558298000064],[108.995947456,0.325763592000049],[108.995444565,0.325802276000039],[108.99457925,0.323187719000029],[108.994505049,0.322963523000062],[108.994486977,0.322908919000044],[108.994431743,0.32274202900003],[108.994401261,0.322780132000049],[108.994401045,0.322780402000026],[108.994379561,0.322807257000027],[108.993528068,0.323067336000057],[108.993463007,0.323057971000024],[108.993236928,0.323125795000063],[108.992715344,0.323230112000028],[108.991880809,0.323473518000061],[108.991150592,0.323682151000068],[108.990524691,0.323890785000055],[108.990443902,0.323914240000025],[108.989735795,0.324030961000064],[108.988950304,0.32429681900004],[108.988890394,0.324308052000045],[108.988403583,0.324377597000022],[108.988037489,0.324450816000019],[108.987360414,0.324586230000021],[108.986178157,0.324829636000057],[108.985343623,0.325038270000044],[108.984265683,0.325281676000021],[108.983396376,0.325525082000071],[108.982561841,0.32559462600005],[108.982453594,0.325683771000061],[108.982347279,0.325531595000034],[108.980342362,0.325889115000052],[108.980288276,0.32590878300004],[108.979930015,0.326039059000047],[108.978947699,0.326152069000037],[108.976968894,0.326169529000027],[108.976739179,0.326171556000019]]]]},"properties":{"gid":6494,"luas":4.542261982610345,"kdkab":"04","kdkec":"101","nmkab":"MEMPAWAH","nmkec":"MEMPAWAH TIMUR","iddesa":"6104101003","kddesa":"003","kdprov":"61","nmdesa":"PASIR PANJANG","nmprov":"KALIMANTAN BARAT","rw_dki":"","sumber":"BPS","periode":"2023_1"}},{"id":6495,"type":"Feature","geometry":{"type":"MultiPolygon","coordinates":[[[[109.18427541,0.150608999999987],[109.184269921,0.150639934000029],[109.184349632,0.150621818000033],[109.184061909,0.152181088000013],[109.183967917,0.153258390000073],[109.183422185,0.155127109000034],[109.183031589,0.156464604000054],[109.180961613,0.160259559000046],[109.180504383,0.161097815000065],[109.179217882,0.163456399000033],[109.178356287,0.165035991000021],[109.178131112,0.165755096000049],[109.177920172,0.166016661000072],[109.177945485,0.166126350000066],[109.177491998,0.167214720000062],[109.177295997,0.167685122000015],[109.177157747,0.168016924000026],[109.17663978,0.167935675000023],[109.176252582,0.169194070000053],[109.176252576,0.169194104000028],[109.175980513,0.17091175900002],[109.175604024,0.173288696000045],[109.175904164,0.17340003900006],[109.175798539,0.173928169000021],[109.175737679,0.174232469000058],[109.175552051,0.175197732000065],[109.175329298,0.17612586900003],[109.175056578,0.177034935000053],[109.175073195,0.177053062000023],[109.174995169,0.177072569000068],[109.174622777,0.178633750000066],[109.174029906,0.181119247000032],[109.17405775,0.181169581000051],[109.17405775,0.181991696000059],[109.17405775,0.184219226000043],[109.17410418,0.185147822000026],[109.174205235,0.187168927000068],[109.174206252,0.187189265000024],[109.174206252,0.188674284000058],[109.174225254,0.188921316000065],[109.174354754,0.190604810000025],[109.174354754,0.19134531100002],[109.174354754,0.191941327000055],[109.174651758,0.193574849000077],[109.175245766,0.196099382000055],[109.175839774,0.198920919000042],[109.176276117,0.200666294000022],[109.176582283,0.201890958000025],[109.176679316,0.202085024000042],[109.179046882,0.202427322000052],[109.179134661,0.202410715000042],[109.182346016,0.204062800000027],[109.182484017,0.204161372000038],[109.182371699,0.202982040000051],[109.183337962,0.199116988000064],[109.183497767,0.198618120000047],[109.185194316,0.193321937000056],[109.185829152,0.191340143000051],[109.187016422,0.187633795000067],[109.187305545,0.186731230000013],[109.187607394,0.18578893800002],[109.187816973,0.184863294000019],[109.18792109,0.184701913000031],[109.188559183,0.183712870000011],[109.189770261,0.181177679000029],[109.190182235,0.180315280000054],[109.190792727,0.17903731700005],[109.191189241,0.178207281000025],[109.192551633,0.175355340000065],[109.192694441,0.175056396000055],[109.194470978,0.171337511000051],[109.195026066,0.170175527000032],[109.195367781,0.169443281000048],[109.195506034,0.16900725300008],[109.195533612,0.168920275000061],[109.195886113,0.16780854100006],[109.197309673,0.164821277000043],[109.197338497,0.164829204000047],[109.198959318,0.161390139000045],[109.198969933,0.161368024000055],[109.198973942,0.161359672000048],[109.198966567,0.161344376000042],[109.198967793,0.161341803000016],[109.198990997,0.161239708000038],[109.199023482,0.161211864000055],[109.199074529,0.161123691000055],[109.199111655,0.161063362000053],[109.199134858,0.161021596000056],[109.199165405,0.160966056000055],[109.199185906,0.160928782000034],[109.199223031,0.160863812000046],[109.199269438,0.160770999000016],[109.19928336,0.160729232000053],[109.199325126,0.160627137000068],[109.199371533,0.160534324000027],[109.199388619,0.160475471000043],[109.199390096,0.160473995000063],[109.199422581,0.160441510000052],[109.199459706,0.160390462000065],[109.19948755,0.160325493000077],[109.199515394,0.160251242000066],[109.199566442,0.160176991000069],[109.199594286,0.16013058400006],[109.199640693,0.160047052000042],[109.199668537,0.159977441000021],[109.199701022,0.159931034000056],[109.199742788,0.159893909000055],[109.199770138,0.159849466000025],[109.199779913,0.159833580000046],[109.19982168,0.159782532000059],[109.199863446,0.15968971900003],[109.199895931,0.159620108000066],[109.199956259,0.159531935000063],[109.199988744,0.159480888000066],[109.20002587,0.159392715000019],[109.200076917,0.159337027000048],[109.200077014,0.159336544000026],[109.200100121,0.15922100900001],[109.200127965,0.159132836000027],[109.200192934,0.158988975000042],[109.200202029,0.158960174000068],[109.200248623,0.15881262900007],[109.200181712,0.158788181000027],[109.20022243,0.158712528000028],[109.200114043,0.158650205000072],[109.20002587,0.158529547000046],[109.199956259,0.15839496700004],[109.19993911,0.158349235000049],[109.199928813,0.158321777000019],[109.199928415,0.158320716000045],[109.199928571,0.158319722000047],[109.199905212,0.158121167000054],[109.199878345,0.157924138000052],[109.199849524,0.157712786000049],[109.199765991,0.157508596000069],[109.199617489,0.157369376000009],[109.199564826,0.157340650000039],[109.199542046,0.157328224000022],[109.199515394,0.157313687000046],[109.199199828,0.157193030000029],[109.198902824,0.157109497000025],[109.198731783,0.157072606000036],[109.198583685,0.157040663000037],[109.198523448,0.157006242000019],[109.198359413,0.156858611000071],[109.198170157,0.156688280000018],[109.198152193,0.156672113000064],[109.198148582,0.156670565000067],[109.197632436,0.156449360000068],[109.197261181,0.156300858000051],[109.196852801,0.156152356000056],[109.19644442,0.155966728000069],[109.195998914,0.155781101000046],[109.195627659,0.155595473000054],[109.19529353,0.155409846000053],[109.195106061,0.155256462000063],[109.19488515,0.155075716000054],[109.194839244,0.155034911000022],[109.19455102,0.154778713000047],[109.194230318,0.154606027000058],[109.194068389,0.154518834000039],[109.193066001,0.154073328000025],[109.192954624,0.154036203000032],[109.192811868,0.153822068000071],[109.1925184,0.153767043000072],[109.192304928,0.153692792000062],[109.192119301,0.153637104000039],[109.191989361,0.153544290000074],[109.191924392,0.153507165000062],[109.19184086,0.153423632000056],[109.191720202,0.153358663000056],[109.1915717,0.15325656800007],[109.191497449,0.153182317000072],[109.191423198,0.153098784000061],[109.191330384,0.152941001000038],[109.191316059,0.152910560000064],[109.190853938,0.152763075000047],[109.190150387,0.152538537000058],[109.190108719,0.152525238000066],[109.18994746,0.152402681000067],[109.189836083,0.152365556000059],[109.189761832,0.152346993000034],[109.18961333,0.152272742000038],[109.189527985,0.152241707000027],[109.189454387,0.152199651000045],[109.18934301,0.152125400000052],[109.189231634,0.152032587000061],[109.189046006,0.151902647000032],[109.188916067,0.151809834000058],[109.188749002,0.151717020000031],[109.1886005,0.151661332000057],[109.188340622,0.151624206000058],[109.188320566,0.151628790000081],[109.188186558,0.151659421000031],[109.188128645,0.151672658000039],[109.187979809,0.15162304600005],[109.187970513,0.151622116000044],[109.187692385,0.15159430400007],[109.187330113,0.151660171000057],[109.187033109,0.151752985000033],[109.186791793,0.151715860000016],[109.186661854,0.151604483000018],[109.186631026,0.151558242000017],[109.186577161,0.151549955000061],[109.186510484,0.151423268000035],[109.186447222,0.151401453000056],[109.186345127,0.151243670000049],[109.186122374,0.150890978000062],[109.186026771,0.150667904000037],[109.185752279,0.150564970000067],[109.185473838,0.150564970000067],[109.185312961,0.150564970000067],[109.18521396,0.150564970000067],[109.18487983,0.150564970000067],[109.184545701,0.15050928100004],[109.184316115,0.150460084000027],[109.184305283,0.150457763000023],[109.18430491,0.150465357000028],[109.184128349,0.150548445000016],[109.18427541,0.150608999999987]]]]},"properties":{"gid":6495,"luas":8.974174234120522,"kdkab":"04","kdkec":"081","nmkab":"MEMPAWAH","nmkec":"SEGEDONG","iddesa":"6104081004","kddesa":"004","kdprov":"61","nmdesa":"PARIT BUGIS","nmprov":"KALIMANTAN BARAT","rw_dki":"","sumber":"BPS","periode":"2023_1"}},{"id":6496,"type":"Feature","geometry":{"type":"MultiPolygon","coordinates":[[[[108.938473353,0.320017428000022],[108.93817194,0.320265650000069],[108.937821509,0.320324055000072],[108.937604576,0.320513872000046],[108.937205845,0.32096461100002],[108.936928928,0.320935462000022],[108.936545754,0.321143015000077],[108.936120231,0.321213935000058],[108.935588326,0.320965713000017],[108.935304644,0.32078841200007],[108.935296178,0.320782485000052],[108.934950041,0.320540190000021],[108.934701819,0.320150127000025],[108.933957153,0.320114666000053],[108.93353163,0.320291968000044],[108.932786964,0.320717491000031],[108.9322196,0.321107554000035],[108.930694807,0.321603998000047],[108.929985602,0.321923141000066],[108.929382777,0.322135903000048],[108.928921793,0.322242283000026],[108.928425349,0.322206823000044],[108.928212588,0.322667807000069],[108.927538842,0.323199711000028],[108.926404113,0.323625234000077],[108.925730368,0.323837996000062],[108.925092083,0.324618122000055],[108.924666559,0.325185487000057],[108.924347417,0.325433709000033],[108.923673672,0.325469169000034],[108.923319069,0.325611010000049],[108.923070847,0.325823772000037],[108.922716244,0.326071994000062],[108.92225526,0.326355676000043],[108.921829737,0.32653297800005],[108.921687896,0.326958501000022],[108.921581515,0.327135802000039],[108.921120531,0.327313104000044],[108.920624087,0.327384024000025],[108.920695008,0.327845008000053],[108.920198564,0.328057770000038],[108.91977304,0.328128690000021],[108.919489358,0.328837896000037],[108.919312057,0.329015197000047],[108.918851073,0.328908817000069],[108.918567391,0.329263419000029],[108.918390089,0.329724403000043],[108.918638311,0.32990170400006],[108.918638311,0.330220847000017],[108.91842555,0.330362688000021],[108.918392399,0.330478716000061],[108.918354629,0.330610910000075],[108.918319169,0.331071894000045],[108.91842555,0.331071894000045],[108.918567391,0.331249195000047],[108.919028375,0.331781099000068],[108.919170216,0.332525765000059],[108.919134755,0.333164050000044],[108.918886533,0.33376687500004],[108.91849647,0.334405160000072],[108.918301838,0.334794426000019],[108.918070947,0.335256207000033],[108.917822725,0.335717191000066],[108.917727795,0.335875408000039],[108.917751804,0.336027468000046],[108.917672019,0.336231365000062],[108.917530178,0.336382071000051],[108.917406067,0.336532777000053],[108.917326281,0.336683483000053],[108.917211035,0.336772134000051],[108.916989408,0.336958301000037],[108.916980429,0.336972995000049],[108.916891892,0.337117872000016],[108.916847567,0.337295173000033],[108.916767781,0.337428149000046],[108.916617075,0.337454745000064],[108.91651956,0.337516800000064],[108.916342258,0.337596586000073],[108.916306798,0.33771183200002],[108.916280203,0.337933458000064],[108.916218147,0.338110760000064],[108.916191552,0.338358982000045],[108.916200417,0.338545148000032],[108.916207696,0.338582868000052],[108.915988187,0.338735570000039],[108.915983223,0.338757910000021],[108.915938897,0.338899751000042],[108.915885707,0.339085918000014],[108.915885707,0.339289814000035],[108.915859112,0.339440520000026],[108.915912302,0.33973306800004],[108.915938897,0.339857179000029],[108.915974358,0.340034480000034],[108.915850247,0.340131996000024],[108.915832517,0.340185186000038],[108.915602025,0.340185186000038],[108.915504509,0.340282702000021],[108.915477914,0.340397948000031],[108.915380398,0.340495464000065],[108.915361996,0.34058134100008],[108.915353803,0.340619575000052],[108.915336073,0.340717091000044],[108.915335821,0.340717970000066],[108.915300612,0.34084120200004],[108.915229692,0.341009638000049],[108.915211962,0.341169209000041],[108.915300612,0.341275590000056],[108.915361939,0.341300121000064],[108.915344938,0.34135537600003],[108.915114446,0.341435161000054],[108.914954875,0.341479487000062],[108.914892819,0.341559272000038],[108.914857359,0.341754304000053],[108.914804168,0.341816359000059],[108.914626867,0.341913875000038],[108.914555946,0.342082311000067],[108.914511621,0.342188692000036],[108.91442297,0.342410319000069],[108.91435205,0.34257875500004],[108.914272264,0.342764922000074],[108.914201344,0.342968819000014],[108.914174748,0.343119525000021],[108.914112693,0.343314556000053],[108.914059502,0.343536183000016],[108.913979717,0.343740080000026],[108.913944257,0.34396170600006],[108.913899931,0.344236524000053],[108.913882201,0.344511341000046],[108.913911203,0.344563858000068],[108.913899931,0.34457339600004],[108.91381128,0.344821618000029],[108.91379355,0.345140761000043],[108.9137049,0.345371253000055],[108.913616249,0.345832236000023],[108.913438947,0.346080458000079],[108.913492138,0.346399601000026],[108.913492138,0.346701013000033],[108.913563058,0.346860585000058],[108.91374036,0.347144267000025],[108.913846741,0.34723291800003],[108.913917661,0.347516600000065],[108.913917661,0.347640711000049],[108.913917661,0.347853472000044],[108.913953122,0.348101694000034],[108.914006312,0.34833218600004],[108.914148153,0.348775440000053],[108.914467296,0.348793170000019],[108.914555946,0.348775440000053],[108.91503466,0.348722249000037],[108.915371533,0.348669059000035],[108.915460184,0.348509488000047],[108.915406993,0.348296726000059],[108.915300612,0.348190345000022],[108.915353803,0.347995314000051],[108.915460184,0.347995314000051],[108.915726136,0.348101694000034],[108.915814786,0.348367647000025],[108.915832517,0.34861586900006],[108.916027548,0.34854494800004],[108.91622258,0.348420837000048],[108.916399881,0.34827899600004],[108.916914055,0.348083964000054],[108.916961594,0.348068118000072],[108.917174575,0.347997124000081],[108.917180007,0.347995314000051],[108.917250928,0.347995314000051],[108.917375039,0.348172615000063],[108.917587801,0.348420837000048],[108.917906943,0.348598138000048],[108.918155165,0.348651329000059],[108.918492038,0.348775440000053],[108.918655881,0.348869065000021],[108.91874026,0.348917281000066],[108.918988482,0.348952741000057],[108.919130323,0.348988201000046],[108.919309862,0.349043444000074],[108.919342924,0.349053617000034],[108.919284482,0.349201672000046],[108.919275901,0.34926602900003],[108.919449465,0.349218693000067],[108.919449465,0.349289614000045],[108.919662227,0.349449185000022],[108.919857259,0.349679677000041],[108.919928179,0.349998820000048],[108.920176401,0.350140661000069],[108.920442353,0.350317962000009],[108.920814686,0.350619374000066],[108.921045178,0.350832136000068],[108.92134659,0.351151279000026],[108.921422254,0.35126768300006],[108.929350938,0.343411739000027],[108.929495995,0.343424926000061],[108.929466804,0.343295873000032],[108.936727752,0.34128752600003],[108.936788954,0.341274091000061],[108.936909935,0.341158609000036],[108.936956467,0.341177393000057],[108.937405448,0.341177393000057],[108.937695114,0.341148426000074],[108.938057196,0.341090493000018],[108.938346861,0.341090493000018],[108.938679976,0.341104976000044],[108.938969642,0.341162909000051],[108.938972709,0.341164114000029],[108.939020848,0.34112108100003],[108.939535237,0.341134270000052],[108.940273846,0.34123978600007],[108.940959697,0.341173839000017],[108.941513654,0.340962808000022],[108.941711496,0.340764966000042],[108.942384158,0.340356093000022],[108.942727083,0.340145062000024],[108.943155016,0.33979595900006],[108.943201904,0.339815326000053],[108.943476807,0.339732336000059],[108.943465693,0.339749378000024],[108.943467606,0.339764300000067],[108.943512591,0.339731129000027],[108.94353715,0.339721305000072],[108.943610392,0.339692008000035],[108.943900944,0.339604294000017],[108.944070446,0.339507987000047],[108.944271209,0.339393917000046],[108.94448128,0.339274558000055],[108.94496929,0.338667844000036],[108.944963631,0.33864379300007],[108.945002767,0.338601396000057],[108.944465587,0.337555308000047],[108.943933682,0.336562420000058],[108.943777659,0.336230870000066],[108.943747633,0.336167064000046],[108.943517325,0.335677660000038],[108.943366318,0.335356770000029],[108.943259937,0.334931247000044],[108.942798953,0.333725597000057],[108.942668308,0.333391725000065],[108.942479811,0.33291001100002],[108.942413484,0.332856950000059],[108.941435735,0.332074750000062],[108.941312392,0.332067275000034],[108.94115282,0.332045112000056],[108.941015412,0.331885541000016],[108.940873571,0.331752565000038],[108.940682972,0.331566398000058],[108.940583259,0.331499923000017],[108.940576591,0.331495478000007],[108.940421452,0.331375799000045],[108.940341666,0.331304879000069],[108.940217555,0.331216228000072],[108.940159933,0.33115417300007],[108.940149466,0.331116493000024],[108.94013777,0.331074387000055],[108.940155377,0.331003959000046],[108.940079039,0.330965790000048],[108.939786491,0.330726433000054],[108.939680111,0.330309775000047],[108.93964465,0.329928577000036],[108.93964465,0.329875386000019],[108.939671246,0.329582839000067],[108.939697841,0.329423268000017],[108.939795357,0.329219371000022],[108.939821952,0.329157316000015],[108.939821952,0.329121855000044],[108.939821952,0.329108171000023],[108.939821952,0.328660872000051],[108.939875142,0.328448110000063],[108.939919467,0.328253078000045],[108.939928333,0.328066912000042],[108.939919467,0.327863015000043],[108.939875142,0.327650254000051],[108.939830817,0.327446357000038],[108.939813087,0.327207000000005],[108.939795357,0.327011968000013],[108.939804222,0.32673715100002],[108.939878146,0.326510450000056],[108.939937198,0.326329358000061],[108.940034713,0.32613432600004],[108.940079039,0.326001350000068],[108.940229745,0.325726533000018],[108.940307284,0.325543260000062],[108.940311747,0.325445067000035],[108.940311747,0.325329821000021],[108.940311747,0.325294361000028],[108.940285152,0.325081599000039],[108.940259388,0.324939897000033],[108.940494589,0.324822296000038],[108.941061953,0.324467693000024],[108.941381096,0.324308122000049],[108.941487477,0.323918059000057],[108.941487477,0.323457075000013],[108.941469747,0.323137933000054],[108.941310175,0.322747869000065],[108.941168334,0.322481917000062],[108.941097414,0.322304616000056],[108.940849192,0.321808172000036],[108.94067189,0.321329458000032],[108.940476859,0.320673443000023],[108.940352748,0.320265650000069],[108.940175446,0.319875587000075],[108.940015875,0.319591904000055],[108.939820844,0.319396873000068],[108.939696733,0.319343682000064],[108.939573698,0.319293021000013],[108.938957688,0.319387792000039],[108.938473353,0.320017428000022]]]]},"properties":{"gid":6496,"luas":6.815956897864452,"kdkab":"04","kdkec":"100","nmkab":"MEMPAWAH","nmkec":"MEMPAWAH HILIR","iddesa":"6104100001","kddesa":"001","kdprov":"61","nmdesa":"TANJUNG","nmprov":"KALIMANTAN BARAT","rw_dki":"","sumber":"BPS","periode":"2023_1"}},{"id":6497,"type":"Feature","geometry":{"type":"MultiPolygon","coordinates":[[[[108.954455585,0.487489793000067],[108.953472493,0.486785988000065],[108.952996509,0.487069553000017],[108.952310995,0.486894900000027],[108.949725272,0.486236116000041],[108.947496496,0.486267],[108.945552548,0.486293937000027],[108.940887298,0.486358582000038],[108.941703935,0.493022340000033],[108.941704212,0.49302460000006],[108.941736905,0.49301093700006],[108.943324715,0.49234737500007],[108.943907021,0.495163619000033],[108.94416779,0.496391407000026],[108.944776252,0.499249003000033],[108.944940855,0.499948567000047],[108.944931125,0.499949844000059],[108.945166797,0.501211384000041],[108.945174979,0.501211429000022],[108.945235597,0.50120890300002],[108.946498129,0.501156298000067],[108.947397451,0.501124926000043],[108.947668378,0.50111547500006],[108.947668648,0.501117637000052],[108.947728571,0.501156657000026],[108.947760622,0.501185921000063],[108.947808003,0.501209612000011],[108.947881861,0.501256992000045],[108.947884496,0.501253340000062],[108.947927309,0.501259456000062],[108.948055028,0.501277702000033],[108.948367808,0.50136528000008],[108.948593009,0.501452859000039],[108.948793188,0.501515415000028],[108.949093457,0.501602993000066],[108.94933117,0.501628015000044],[108.949531349,0.501628015000044],[108.949744039,0.501628015000044],[108.949956729,0.501640527000062],[108.950219465,0.501640527000062],[108.950397842,0.501659303000061],[108.95069489,0.501690571000035],[108.950970136,0.501728105000039],[108.951433051,0.501728105000039],[108.951770853,0.501703083000056],[108.952108655,0.501653038000021],[108.952709193,0.50161550400002],[108.953034484,0.501602993000066],[108.953259685,0.501527926000042],[108.953509909,0.501302724000023],[108.953932609,0.500880025000077],[108.954060402,0.500889855000024],[108.954911163,0.501190124000058],[108.955386589,0.501415325000037],[108.955857887,0.501565284000033],[108.956487574,0.501765639000031],[108.95676282,0.501765639000031],[108.957088111,0.501765639000031],[108.957438425,0.501765639000031],[108.957888828,0.502090930000058],[108.958214119,0.50316689300007],[108.958464343,0.504993527000065],[108.958464343,0.505104284000021],[108.958535003,0.50513195500001],[108.971799955,0.516875696000055],[108.971856532,0.516800261000061],[108.975073511,0.512510956000021],[108.97508826,0.512491290000069],[108.97531562,0.512534190000047],[108.98024978,0.513465160000069],[108.980704351,0.51355092800003],[108.99019513,0.515341640000027],[108.99335865,0.515938540000033],[108.99944075,0.51708610000003],[108.99978251,0.517513300000073],[109.0031166,0.521680910000048],[109.02215381,0.534283010000028],[109.02587859,0.536748700000031],[109.02633926,0.53705366000002],[109.03573974,0.543276510000051],[109.050082553,0.552523851000036],[109.052184864,0.553879289000066],[109.053663771,0.554249489000017],[109.055545296,0.555061966000041],[109.057851622,0.556057879000036],[109.061507701,0.557455464000041],[109.064230704,0.555862818000043],[109.065376417,0.554931926000047],[109.067495287,0.55281305600004],[109.068610482,0.550025068000032],[109.06905656,0.549355951000042],[109.070952392,0.548463795000027],[109.072428257,0.547611351000057],[109.072848224,0.546456444000055],[109.073071263,0.545341249000045],[109.073443701,0.542883156000065],[109.07362886,0.541661105000063],[109.074409497,0.540991988000023],[109.07450785,0.539401652000035],[109.073365708,0.538354689000067],[109.072413924,0.537307726000045],[109.071842853,0.536451120000034],[109.069470078,0.535873857000075],[109.06698444,0.532248970000063],[109.04460652,0.522303230000028],[109.04217248,0.521221430000023],[109.02841911,0.516898940000026],[109.02587859,0.516100490000036],[109.01000881,0.511112850000073],[109.00986621,0.510937340000049],[109.00738477,0.507883250000007],[109.00403556,0.503761160000061],[108.99978251,0.497381580000016],[108.99852179,0.49549050000007],[108.99130976,0.49549050000007],[108.988127,0.49549050000007],[108.98811526,0.49549050000007],[108.98681528,0.49549050000007],[108.98570053,0.49549050000007],[108.98371478,0.49549050000007],[108.98243996,0.49549050000007],[108.9816356,0.495433050000029],[108.980846656,0.495376697000037],[108.96873937,0.488216102000014],[108.964875721,0.485931029000028],[108.963771734,0.486619841000044],[108.963508582,0.486388695000069],[108.963477138,0.486421216000052],[108.963475116,0.486401280000054],[108.961298868,0.488346013000058],[108.961297364,0.488341716000033],[108.960506302,0.48904450600002],[108.958924935,0.490449411000038],[108.958876584,0.490492366000068],[108.958853274,0.490513075000027],[108.958807277,0.490553939000048],[108.958798802,0.490599141000074],[108.95469774,0.487663154000072],[108.954455585,0.487489793000067]]]]},"properties":{"gid":6497,"luas":33.43649866478516,"kdkab":"04","kdkec":"110","nmkab":"MEMPAWAH","nmkec":"SUNGAI KUNYIT","iddesa":"6104110008","kddesa":"008","kdprov":"61","nmdesa":"SUNGAI KUNYIT HULU","nmprov":"KALIMANTAN BARAT","rw_dki":"","sumber":"BPS","periode":"2023_1"}},{"id":6498,"type":"Feature","geometry":{"type":"MultiPolygon","coordinates":[[[[108.967179339,0.338684356000046],[108.967179339,0.338768842000035],[108.966891219,0.339088975000043],[108.966848945,0.339135946000053],[108.966877466,0.339188913000039],[108.967075363,0.339556435000006],[108.967470361,0.340056766000029],[108.967760026,0.340267432000079],[108.968743934,0.340595401000023],[108.968945021,0.34066243000006],[108.969550686,0.340899429000037],[108.970314349,0.341189095000056],[108.970809711,0.341472159000029],[108.970867347,0.34150509400007],[108.971446678,0.342400423000067],[108.971815343,0.343427419000015],[108.97178901,0.344270082000031],[108.971620865,0.344732480000062],[108.971646953,0.344772798000067],[108.971657071,0.344788435000053],[108.97164754,0.344845622000029],[108.97163595,0.344915163000049],[108.971551464,0.345020770000085],[108.971505747,0.345041089000062],[108.971361372,0.345105255000013],[108.971150158,0.345168619000054],[108.970854459,0.345231984000056],[108.970643245,0.345231984000056],[108.970072968,0.345020770000085],[108.969354841,0.344640585000034],[108.969122506,0.344450493000067],[108.968754783,0.344063416000037],[108.968570963,0.343982995000024],[108.967180695,0.343374753000033],[108.966627698,0.343058754000015],[108.965284703,0.342953421000063],[108.964664396,0.342994775000012],[108.964398361,0.343140341000027],[108.964249931,0.343301867000029],[108.964257708,0.343322086000056],[108.963821595,0.344115018000022],[108.963799997,0.344204734000069],[108.96375583,0.344337234000028],[108.963723708,0.344449659000012],[108.963703633,0.344586175000068],[108.963683557,0.34472670600008],[108.963675526,0.344931480000073],[108.963739769,0.345256709000056],[108.963896361,0.345533756000054],[108.963948827,0.345597117000069],[108.963950566,0.345656218000042],[108.963998748,0.345784704000034],[108.964151324,0.346073796000032],[108.964231628,0.34621834200004],[108.964368143,0.346395010000029],[108.964456854,0.346496393000048],[108.964480568,0.346523495000038],[108.964518512,0.346610223000032],[108.964536781,0.34665198100004],[108.96465625,0.346861051000068],[108.96471742,0.346984547000039],[108.964671703,0.347068068000047],[108.965311036,0.347798734000032],[108.9661537,0.348852063000036],[108.966463713,0.349213745000049],[108.966469698,0.34922072800003],[108.966785697,0.349905392000042],[108.966793984,0.350129141000023],[108.967358445,0.350333307000021],[108.967534886,0.350450935000025],[108.967742271,0.350415383000037],[108.967821914,0.35040379900004],[108.967897466,0.350343357000038],[108.968509986,0.350237750000015],[108.968531107,0.350237750000015],[108.968805685,0.35019550700001],[108.969043949,0.350255074000073],[108.969059142,0.350258872000038],[108.969085094,0.350284824000021],[108.96913434,0.350298567000036],[108.969157021,0.350253205000047],[108.969164748,0.35030111400004],[108.96940535,0.350235951000064],[108.972206227,0.349477381000043],[108.972254968,0.349410361000028],[108.973114446,0.34962523000008],[108.973146684,0.34965746800003],[108.973431267,0.349688594000033],[108.973543914,0.349700915000025],[108.973750957,0.34975267600003],[108.974001544,0.349815323000026],[108.97501537,0.349899808000022],[108.975359867,0.349915467000069],[108.977862877,0.350376548000039],[108.978071335,0.350414948000029],[108.978113007,0.350422625000015],[108.978124352,0.350435591000069],[108.978155813,0.350471547000049],[108.97822582,0.350448964000063],[108.9812332,0.352288773000051],[108.981555735,0.352486089000014],[108.981816454,0.352645587000029],[108.981777754,0.352664937000035],[108.982439844,0.353198288000038],[108.983263712,0.353861959000026],[108.983272188,0.353870435000039],[108.983822741,0.354420988000074],[108.983920057,0.354518304000066],[108.983952152,0.354528121000044],[108.98428794,0.354630833000039],[108.98752707,0.355621626000067],[108.987610567,0.355647166000035],[108.987612616,0.35564779300005],[108.987623003,0.35565097000006],[108.987630085,0.355653136000056],[108.987666749,0.355664351000029],[108.98779612,0.355703923000018],[108.988629881,0.355958956000056],[108.991381126,0.356800514000033],[108.993900952,0.357571284000074],[108.994060813,0.357571284000074],[108.994816827,0.357571284000074],[108.998397064,0.357571284000074],[108.998581568,0.357597934000058],[108.998589637,0.357599100000073],[108.998614388,0.357602675000059],[108.998652842,0.357608229000052],[108.998790285,0.357628082000079],[109.003026479,0.358239977000035],[109.003684183,0.358334979000069],[109.003934524,0.358371140000029],[109.003985578,0.358378514000039],[109.004440259,0.358444190000052],[109.008161519,0.359169835000031],[109.009563143,0.359443152000043],[109.00969979,0.359350995000053],[109.01213224,0.359293761000057],[109.0150077,0.359226103000014],[109.016674074,0.359164002000051],[109.022191849,0.358958371000021],[109.022269842,0.358955464000067],[109.022092991,0.362536687000038],[109.027565019,0.362182019000038],[109.027570199,0.362125906000082],[109.027523116,0.362150207000063],[109.027625685,0.36012446200004],[109.027649844,0.360122555000018],[109.027711164,0.358436251000054],[109.027714549,0.358369403000032],[109.027734857,0.357968309000052],[109.027734329,0.357968174000063],[109.02781739,0.35551789400005],[109.027817286,0.355517898000068],[109.027818815,0.355475852000034],[109.027816209,0.355476178000063],[109.027860955,0.354780136000048],[109.027779218,0.354780136000048],[109.027035962,0.354780136000048],[109.026842958,0.354780136000048],[109.026842838,0.354779805000028],[109.024480732,0.354554843000065],[109.024467718,0.354527368000044],[109.024374586,0.354524980000071],[109.024000442,0.35370913800005],[109.023675811,0.353001261000027],[109.023659515,0.352999421000051],[109.022867245,0.352909972000017],[109.022831931,0.352905612000033],[109.020842002,0.352659942000051],[109.020826017,0.352657968000067],[109.020815235,0.352656637000043],[109.020809989,0.352649458000025],[109.020404524,0.352434186000043],[109.020399931,0.352439654000013],[109.020112558,0.352279173000053],[109.020067011,0.352253737000072],[109.020065176,0.352254017000055],[109.015878473,0.350031179000031],[109.01434781,0.349218507000041],[109.012276742,0.348118920000053],[109.010261804,0.347049133000034],[109.010252028,0.347045373000063],[109.008638208,0.346424673000066],[109.006911384,0.345674639000031],[109.006109442,0.345326321000069],[109.0041118,0.34445865800005],[109.004113389,0.344453401000059],[109.003973111,0.344393708000039],[109.003888187,0.344353677000073],[109.003738555,0.344283143000049],[109.003738485,0.344283110000044],[109.003738563,0.344283312000068],[109.003739151,0.344294672000045],[109.003734524,0.344292350000049],[109.003739018,0.344296742000039],[109.003737796,0.344296211000021],[109.002456054,0.343739495000014],[109.000105894,0.342391043000017],[109.000007583,0.342171951000072],[108.999936033,0.342128431000047],[108.995715497,0.339561300000063],[108.99508733,0.338088358000046],[108.993768151,0.338088358000046],[108.993667917,0.338088358000046],[108.993484787,0.338088358000046],[108.993467775,0.337933889000056],[108.993398164,0.338040138000055],[108.988160148,0.337998234000048],[108.988160148,0.338056586000048],[108.988160148,0.338080355000049],[108.988158828,0.338115007000043],[108.98815915,0.338114961000033],[108.988158883,0.338116917000023],[108.98757667,0.338106427000073],[108.987575031,0.338111629000021],[108.987210943,0.338105010000041],[108.986147409,0.338102422000014],[108.982140728,0.338092673000057],[108.981367236,0.338090791000062],[108.977922207,0.338082409000032],[108.975857837,0.338077386000055],[108.975008243,0.338075319000035],[108.973916472,0.338072663000045],[108.967626545,0.338057359000057],[108.96749267,0.338057033000036],[108.967432795,0.33809295800006],[108.967390553,0.338261929000056],[108.967179339,0.338684356000046]]]]},"properties":{"gid":6498,"luas":9.83023199070041,"kdkab":"04","kdkec":"101","nmkab":"MEMPAWAH","nmkec":"MEMPAWAH TIMUR","iddesa":"6104101004","kddesa":"004","kdprov":"61","nmdesa":"PASIR PALEMBANG","nmprov":"KALIMANTAN BARAT","rw_dki":"","sumber":"BPS","periode":"2023_1"}},{"id":6499,"type":"Feature","geometry":{"type":"MultiPolygon","coordinates":[[[[109.201568107,0.158594517000044],[109.201399513,0.158594517000044],[109.201204604,0.158538829000054],[109.201142996,0.158517266000043],[109.200784622,0.158657166000067],[109.200645401,0.15869661200003],[109.20050154,0.15873141700006],[109.20036464,0.15873837800007],[109.200283428,0.158717495000073],[109.20023908,0.158681594000025],[109.20022243,0.158712528000028],[109.200181712,0.158788181000027],[109.200248623,0.15881262900007],[109.200202029,0.158960174000068],[109.200192934,0.158988975000042],[109.200127965,0.159132836000027],[109.200100121,0.15922100900001],[109.200077014,0.159336544000026],[109.200076917,0.159337027000048],[109.20002587,0.159392715000019],[109.199988744,0.159480888000066],[109.199956259,0.159531935000063],[109.199895931,0.159620108000066],[109.199863446,0.15968971900003],[109.19982168,0.159782532000059],[109.199779913,0.159833580000046],[109.199770138,0.159849466000025],[109.199742788,0.159893909000055],[109.199701022,0.159931034000056],[109.199668537,0.159977441000021],[109.199640693,0.160047052000042],[109.199594286,0.16013058400006],[109.199566442,0.160176991000069],[109.199515394,0.160251242000066],[109.19948755,0.160325493000077],[109.199459706,0.160390462000065],[109.199422581,0.160441510000052],[109.199390096,0.160473995000063],[109.199388619,0.160475471000043],[109.199371533,0.160534324000027],[109.199325126,0.160627137000068],[109.19928336,0.160729232000053],[109.199269438,0.160770999000016],[109.199223031,0.160863812000046],[109.199185906,0.160928782000034],[109.199165405,0.160966056000055],[109.199134858,0.161021596000056],[109.199111655,0.161063362000053],[109.199074529,0.161123691000055],[109.199023482,0.161211864000055],[109.198990997,0.161239708000038],[109.198967793,0.161341803000016],[109.198966567,0.161344376000042],[109.198973942,0.161359672000048],[109.198969933,0.161368024000055],[109.198959318,0.161390139000045],[109.197338497,0.164829204000047],[109.197309673,0.164821277000043],[109.195886113,0.16780854100006],[109.195533612,0.168920275000061],[109.195506034,0.16900725300008],[109.195367781,0.169443281000048],[109.195026066,0.170175527000032],[109.194470978,0.171337511000051],[109.192694441,0.175056396000055],[109.192551633,0.175355340000065],[109.191189241,0.178207281000025],[109.190792727,0.17903731700005],[109.190182235,0.180315280000054],[109.189770261,0.181177679000029],[109.188559183,0.183712870000011],[109.18792109,0.184701913000031],[109.187816973,0.184863294000019],[109.187607394,0.18578893800002],[109.187305545,0.186731230000013],[109.187016422,0.187633795000067],[109.185829152,0.191340143000051],[109.185194316,0.193321937000056],[109.183497767,0.198618120000047],[109.183337962,0.199116988000064],[109.182371699,0.202982040000051],[109.182484017,0.204161372000038],[109.183008515,0.204536013000058],[109.18301315,0.204539324000044],[109.182955474,0.204797066000014],[109.183446681,0.204995888000041],[109.188027318,0.20684995500005],[109.189232874,0.207337918000064],[109.19636437,0.210224476000057],[109.197136684,0.210537079000066],[109.197277225,0.210581853000062],[109.197246375,0.210588973000028],[109.195833958,0.214120015000051],[109.195440928,0.21510258900002],[109.195223231,0.215438600000024],[109.194775383,0.216612878000027],[109.193517062,0.219912256000038],[109.1932386,0.220642396000068],[109.192908594,0.221507689000012],[109.192624829,0.222251733000062],[109.191666274,0.22476510600006],[109.191097779,0.226255727000015],[109.190458173,0.226951770000027],[109.189211462,0.228308485000074],[109.185989318,0.23762657400004],[109.185820827,0.238113833000058],[109.185898924,0.238155833000053],[109.188186319,0.238008259000025],[109.190191096,0.239270525000042],[109.190322807,0.24053495600003],[109.190474458,0.241990811000042],[109.19056235,0.242834572000044],[109.190719206,0.24605010500005],[109.190741107,0.24649907600002],[109.191824502,0.247971219000014],[109.197944483,0.256287193000047],[109.198437828,0.256957562000028],[109.200140987,0.259271854000074],[109.200140727,0.25924403900006],[109.205783801,0.259169788000057],[109.207189826,0.259145335000024],[109.212641496,0.27513690300003],[109.214408935,0.275033611000014],[109.214993416,0.274999453000015],[109.218146973,0.274736656000068],[109.21834407,0.276839028000044],[109.218543077,0.278414501000031],[109.221787448,0.278522647000032],[109.222277804,0.278538992000042],[109.228078775,0.278960430000039],[109.230288754,0.278960430000039],[109.23372791,0.278960430000039],[109.234718672,0.278836585000013],[109.237540821,0.278483816000052],[109.2378899,0.278440182000045],[109.238279975,0.278184925000053],[109.249312087,0.264758348000041],[109.255481582,0.261390635000047],[109.248342975,0.256981496000041],[109.248429387,0.256117376000018],[109.248429387,0.255820372000072],[109.248206634,0.25381559600003],[109.247686877,0.253147337000033],[109.246795865,0.252776082000025],[109.245756351,0.252404827000009],[109.244048579,0.251736569000048],[109.243751575,0.251513816000053],[109.243009065,0.250177298000043],[109.242934814,0.248246773000051],[109.243009065,0.247058757000048],[109.243603073,0.246316247000037],[109.244939591,0.24535098400003],[109.245904853,0.245202482000019],[109.246795865,0.244162969000055],[109.247538375,0.242900702000042],[109.248652139,0.242529447000034],[109.249131214,0.242248610000046],[109.249017392,0.241988927000015],[109.249134771,0.241378557000071],[109.249171896,0.240747424000061],[109.249283273,0.239967788000057],[109.249246147,0.239670784000047],[109.248912018,0.238742647000029],[109.24872639,0.238334267000017],[109.248058132,0.237517506000068],[109.247872504,0.236923498000057],[109.247872504,0.235624106000041],[109.247872504,0.23525285100003],[109.247724002,0.234250463000012],[109.247686877,0.233953459000025],[109.2475755,0.233582204000063],[109.247055743,0.233025322000049],[109.246832991,0.232505565000045],[109.246535987,0.231874432000032],[109.246164732,0.231317549000035],[109.245756351,0.230909169000018],[109.245088093,0.230537914000024],[109.24412283,0.230315161000019],[109.243798511,0.230222499000035],[109.243521995,0.229603629000043],[109.243417446,0.229572651000061],[109.243027628,0.229182834000031],[109.242990502,0.228588826000026],[109.243032727,0.228508599000057],[109.24317613,0.228236134000044],[109.243120442,0.22779062800003],[109.24297194,0.227400810000057],[109.24243362,0.226992430000051],[109.242364158,0.227012276000031],[109.242303681,0.227029555000056],[109.241969551,0.227215183000041],[109.24169111,0.22701099300001],[109.241319855,0.22658405000003],[109.24128273,0.226305608000079],[109.241468357,0.22584154000003],[109.241643323,0.225398979000031],[109.241502791,0.225084456000038],[109.241524046,0.224723134000041],[109.241524046,0.224205698000044],[109.241426591,0.223962062000059],[109.241370903,0.22355368100005],[109.24135234,0.223238115000063],[109.241482279,0.222848297000042],[109.241519405,0.222606981000063],[109.241482279,0.222309978000043],[109.241333777,0.222068662000014],[109.241259526,0.22180878300003],[109.241259526,0.221722157000039],[109.241259526,0.221581390000031],[109.241259526,0.221511780000077],[109.241296652,0.221251901000066],[109.241426591,0.221084836000033],[109.24155653,0.221103399000066],[109.241710063,0.221173187000022],[109.241760721,0.22119621300003],[109.24209485,0.221418966000046],[109.24229904,0.221678844000044],[109.242405657,0.221672181000027],[109.242470114,0.221668152000051],[109.242596044,0.221660282000078],[109.242670295,0.221548905000019],[109.242744546,0.22119621300003],[109.24280819,0.220766618000024],[109.242818797,0.220695019000062],[109.242893048,0.220268076000024],[109.243004424,0.220119574000019],[109.243280776,0.220102302000041],[109.243301428,0.220101011000049],[109.243468493,0.220082448000024],[109.243691246,0.219952509000054],[109.243768353,0.219807934000073],[109.24381886,0.21971323200006],[109.243774778,0.219627661000054],[109.243737653,0.219483800000036],[109.243742294,0.219344579000048],[109.243830467,0.219298172000034],[109.243937202,0.219209999000037],[109.243943644,0.219204181000062],[109.244081064,0.219080060000072],[109.244187799,0.218945480000065],[109.244289895,0.218801619000035],[109.244382708,0.218667039000011],[109.244414666,0.218539209000023],[109.244433756,0.218462849000045],[109.244521929,0.218193689000029],[109.24460082,0.218049828000062],[109.24463071,0.218036378000024],[109.244638986,0.218008237000039],[109.244805011,0.21797557700005],[109.245083452,0.21783635600002],[109.245296923,0.217641447000065],[109.245635693,0.217409413000039],[109.245784195,0.217200582000024],[109.245849165,0.217001033000031],[109.245854554,0.216968698000069],[109.246127606,0.216741154000019],[109.246313234,0.216444150000027],[109.246435923,0.21620899600003],[109.246433892,0.216072895000021],[109.24642461,0.215938315000064],[109.246610238,0.215752688000068],[109.246708001,0.215687512000043],[109.246791224,0.21563203000005],[109.24703254,0.215488169000019],[109.247041024,0.215474029000051],[109.247074306,0.215418559000054],[109.247087384,0.215420684000031],[109.247227449,0.215460325000044],[109.247422358,0.215511372000029],[109.24771008,0.215492810000048],[109.24790963,0.215446403000034],[109.248053491,0.215339667000027],[109.248063431,0.215237781000038],[109.248079395,0.215216906000025],[109.24797924,0.21505194400003],[109.247951396,0.21481526900003],[109.248034588,0.214765354000057],[109.248206634,0.214662127000052],[109.248563966,0.21453218800002],[109.24885633,0.214383686000073],[109.249032676,0.214258387000021],[109.249120849,0.21412380700001],[109.24926471,0.214040275000059],[109.249529229,0.213998509000026],[109.24969517,0.213975692000014],[109.249798389,0.214012431000061],[109.250016501,0.214003149000071],[109.250127878,0.213905695000039],[109.250095393,0.213724708000024],[109.249988657,0.213525159000027],[109.249907674,0.213463723000072],[109.249912562,0.213390403000064],[109.249816952,0.213381297000056],[109.249774453,0.213292758000023],[109.249677122,0.213244092000025],[109.24966845,0.213153904000014],[109.249589558,0.213023965000043],[109.249496744,0.21294507300006],[109.249357524,0.212940432000043],[109.249154013,0.212982538000048],[109.249088364,0.212996120000066],[109.248930581,0.212986839000048],[109.248833126,0.212894025000031],[109.24874871,0.212767401000058],[109.248731031,0.212740883000034],[109.248698546,0.212583099000024],[109.248675343,0.212427305000057],[109.248666062,0.212364987000054],[109.248661421,0.212160797000018],[109.248684624,0.212035498000036],[109.248781712,0.211956243000027],[109.248795316,0.211895996000061],[109.248879533,0.211840590000068],[109.249041957,0.211654962000066],[109.249144052,0.211446131000048],[109.249185818,0.211306911000069],[109.248981628,0.211251222000034],[109.24883843,0.211215423000045],[109.248833612,0.211172059000031],[109.24865678,0.211176971000043],[109.248471153,0.211135205000061],[109.248146305,0.21100062500006],[109.247826097,0.210782513000018],[109.247654392,0.210601526000069],[109.247580141,0.210364851000063],[109.247584782,0.210030722000042],[109.247584782,0.209991740000016],[109.247584782,0.209817250000074],[109.247464124,0.209678030000019],[109.247336023,0.209674262000013],[109.247306341,0.20967338900004],[109.247143916,0.209761562000035],[109.246874757,0.209817250000074],[109.24669377,0.209705874000063],[109.24669377,0.209445996000046],[109.246695738,0.20932595400006],[109.246671727,0.209273130000042],[109.246670567,0.209251087000038],[109.246647363,0.209172195000064],[109.246625382,0.209171173000066],[109.246447814,0.209162914000045],[109.24622042,0.209111866000064],[109.246081199,0.209028334000023],[109.246030152,0.208838066000059],[109.246076559,0.208661720000062],[109.246137595,0.208448091000041],[109.246141528,0.208434326000019],[109.246132247,0.208285824000021],[109.246113845,0.208243500000036],[109.246039433,0.208072352000048],[109.245928057,0.207854240000075],[109.245854837,0.207737089000031],[109.24582707,0.207717652000034],[109.245770273,0.207677894000029],[109.2456821,0.207654691000064],[109.245589658,0.207808761000027],[109.245485893,0.207873614000049],[109.245436144,0.207947054000039],[109.245296923,0.207993461000053],[109.245134499,0.208012024000022],[109.245018482,0.207960976000028],[109.245009708,0.207932703000033],[109.24499221,0.207876321000069],[109.244976716,0.207826396000025],[109.244972763,0.207786864000071],[109.244968516,0.20776732900003],[109.244939591,0.207733582000057],[109.244883902,0.207543314000022],[109.244842136,0.207418016000007],[109.244814292,0.207283436000069],[109.24480037,0.207102449000049],[109.24480037,0.206898259000072],[109.24480037,0.206717272000047],[109.244809651,0.206578051000058],[109.244847392,0.206334835000061],[109.244846777,0.206327454000079],[109.244846777,0.206030451000057],[109.244898487,0.205918411000026],[109.244906535,0.205907914000009],[109.244944231,0.205858745000057],[109.24504599,0.205770260000064],[109.245050967,0.205752009000038],[109.245050967,0.205539582000022],[109.244990638,0.205519975000068],[109.244897824,0.205422521000062],[109.244814292,0.205352910000037],[109.24466579,0.205264737000052],[109.244614743,0.205153361000039],[109.244610102,0.204981655000034],[109.244647227,0.204884201000024],[109.244763494,0.204783646000055],[109.244818933,0.204610401000015],[109.244958153,0.204424773000023],[109.245034725,0.20436947200005],[109.245125218,0.204304115000073],[109.24500456,0.204155613000066],[109.244874621,0.204118488000057],[109.244614743,0.204081362000065],[109.244336301,0.203997830000048],[109.244113548,0.20394214200007],[109.243825826,0.203895735000055],[109.243820721,0.203893415000034],[109.243723731,0.203849328000044],[109.243538103,0.203682263000074],[109.243426727,0.203496636000069],[109.243454571,0.203292446000028],[109.243556666,0.20306041100003],[109.243612354,0.20292119100002],[109.243659969,0.202840246000047],[109.243593792,0.202698438000023],[109.243403065,0.202603074000016],[109.243074035,0.202438559000025],[109.242802921,0.202019565000061],[109.242600685,0.201881677000076],[109.242554278,0.201631080000031],[109.242600685,0.201408327000015],[109.242758468,0.201222700000072],[109.24290697,0.201194856000017],[109.242990502,0.201129886000043],[109.243046191,0.200953540000058],[109.242999784,0.200767912000062],[109.242944096,0.200573004000023],[109.242920401,0.200481609000055],[109.242879126,0.200322407000043],[109.242795594,0.200238874000038],[109.242656373,0.200118216000024],[109.242480027,0.20007180900006],[109.242359369,0.200043965000012],[109.242053084,0.200025403000043],[109.241802487,0.200053247000028],[109.241570452,0.200053247000028],[109.241310574,0.200016121000026],[109.241199198,0.199978996000024],[109.241115665,0.199904745000026],[109.241083288,0.199857798000036],[109.240930038,0.199635585000067],[109.240827943,0.199403551000048],[109.24080938,0.199171516000029],[109.24080938,0.198985889000026],[109.24080938,0.198800261000028],[109.240837224,0.198651760000074],[109.240920756,0.198549664000031],[109.241097102,0.19841044400005],[109.24110389,0.198397838000056],[109.241069258,0.198351662000042],[109.241069258,0.198224816000036],[109.241032133,0.198002063000049],[109.240939319,0.197779311000019],[109.24080938,0.197593683000031],[109.240623752,0.197426618000072],[109.24047525,0.197333805000027],[109.240363874,0.197129614000055],[109.240326749,0.196981113000045],[109.240252498,0.196739797000023],[109.240085433,0.196591295000073],[109.240122558,0.196368542000071],[109.240178247,0.196034413000066],[109.240141121,0.195737409000056],[109.240085433,0.195626032000065],[109.239858684,0.195512658000032],[109.239825554,0.195496093000028],[109.23965849,0.195403279000066],[109.239398611,0.195273340000017],[109.23912017,0.195217652000052],[109.238841729,0.195236215000021],[109.238674664,0.195254777000046],[109.238321972,0.195458967000038],[109.238229158,0.195523937000082],[109.238136345,0.195588907000056],[109.237950717,0.195570344000026],[109.237672276,0.195329028000051],[109.237614151,0.195038405000052],[109.237520692,0.194964622000045],[109.237523774,0.194957773000054],[109.237579462,0.194623644000041],[109.237672276,0.194363766000031],[109.237709402,0.194066762000028],[109.237746527,0.19382544600005],[109.237820778,0.193584130000024],[109.237802215,0.19336137700003],[109.237727964,0.193175750000013],[109.237653713,0.193101499000023],[109.237375272,0.192934434000058],[109.237245333,0.192804495000073],[109.23722073,0.192772863000077],[109.237148879,0.192680483000065],[109.237216233,0.192634682000066],[109.236409386,0.191551807000053],[109.23625529,0.191551807000053],[109.236085001,0.191551807000053],[109.235975218,0.191442024000016],[109.23589288,0.191167565000052],[109.235975218,0.190728431000018],[109.236139893,0.190344190000075],[109.235728205,0.190152069000018],[109.235316517,0.190261852000041],[109.235206734,0.190316744000021],[109.235069504,0.190206960000058],[109.235069504,0.190014839000074],[109.234959721,0.189767827000021],[109.234977929,0.189458291000046],[109.234912502,0.189538816000035],[109.234877384,0.189438476000027],[109.234760689,0.189475985000055],[109.2347676,0.189465922000056],[109.234685263,0.189273801000067],[109.234613519,0.189233446000058],[109.234572298,0.189054821000057],[109.234572298,0.188832068000064],[109.234572298,0.188442250000029],[109.234479484,0.188275185000057],[109.234275294,0.188145246000032],[109.234145355,0.188070995000034],[109.233959727,0.187978181000059],[109.233718411,0.187922493000017],[109.233532784,0.18788536800002],[109.233254343,0.187866805000045],[109.232975902,0.187829679000051],[109.232734586,0.187514113000022],[109.232623209,0.187254234000015],[109.232548959,0.186808728000074],[109.232523468,0.186719510000047],[109.232437582,0.186418911000027],[109.232344768,0.186288972000058],[109.232122015,0.185917717000043],[109.231973513,0.185602150000016],[109.231862137,0.18552789900002],[109.231602259,0.18554646200004],[109.231435194,0.185565025000063],[109.231101064,0.185713527000064],[109.23059987,0.185769215000049],[109.230488494,0.185758607000022],[109.230488494,0.18550933600004],[109.230451368,0.185193770000064],[109.230284304,0.184636887000053],[109.230210053,0.184377009000053],[109.230135802,0.184042879000056],[109.230042988,0.183857252000055],[109.229950174,0.183634499000051],[109.229745984,0.183448872000043],[109.229578919,0.18333749500004],[109.229374729,0.183263244000045],[109.229151976,0.183207556000066],[109.228947786,0.183170430000061],[109.228780721,0.183059054000064],[109.228446592,0.183001446000041],[109.228446592,0.182910552000064],[109.228442415,0.182793599000035],[109.228428029,0.182390795000051],[109.228372341,0.18224229300006],[109.228223839,0.181945289000055],[109.228056774,0.181444095000068],[109.227741208,0.181147091000069],[109.227726332,0.181139653000057],[109.227518455,0.18103571500006],[109.227202888,0.180961464000063],[109.226924447,0.180905776000032],[109.226885258,0.18087965000006],[109.226646006,0.180720148000029],[109.226367565,0.180441707000059],[109.226293314,0.180051889000034],[109.2262005,0.179662072000037],[109.226107686,0.179235129000054],[109.226070561,0.179086627000053],[109.226010572,0.178917568000017],[109.225959584,0.178773875000041],[109.22586637,0.178511182000013],[109.225680743,0.178251303000023],[109.225550804,0.178121364000046],[109.225420865,0.177935737000046],[109.225291393,0.177871001000019],[109.225198112,0.177824360000045],[109.22491967,0.177768672000056],[109.224381351,0.177638733000025],[109.224065784,0.177583044000066],[109.223638841,0.177490231000031],[109.223416088,0.177397417000067],[109.223249023,0.177230352000045],[109.223044833,0.177007599000035],[109.222766392,0.176654907000055],[109.222673578,0.176506405000051],[109.222487951,0.176283652000058],[109.222320886,0.176135150000043],[109.222172384,0.175968086000075],[109.222023882,0.175856709000069],[109.221838255,0.175745333000059],[109.221793638,0.175737221000016],[109.221634065,0.175708207000068],[109.221411312,0.175615393000035],[109.221207122,0.175522580000067],[109.220780178,0.175188450000061],[109.220427486,0.174910009000029],[109.220223611,0.174826949000019],[109.220130482,0.174687256000033],[109.220073139,0.174649027000046],[109.219852041,0.174501629000012],[109.219555037,0.174371690000051],[109.219276596,0.174260313000038],[109.21903528,0.17422318800004],[109.2186269,0.174037560000043],[109.218404147,0.173926184000042],[109.218032892,0.173629180000026],[109.2176802,0.173332176000032],[109.217364633,0.173127986000058],[109.217179006,0.173053735000048],[109.216603561,0.172905233000044],[109.216417933,0.172830982000036],[109.216287994,0.172738168000025],[109.21619518,0.172626792000075],[109.216065241,0.172441164000018],[109.215916739,0.172255537000063],[109.215842488,0.172125597000046],[109.215731112,0.171865719000036],[109.215656861,0.171587278000061],[109.215601173,0.171383088000034],[109.215526922,0.171216023000053],[109.215396982,0.171011833000022],[109.215229918,0.170919019000053],[109.215081416,0.170900456000025],[109.215004258,0.170885025000077],[109.214895788,0.170863331000027],[109.214728724,0.170863331000027],[109.214468845,0.170826205000024],[109.214171841,0.170733392000043],[109.214060465,0.170640578000075],[109.213670647,0.17023219700007],[109.213447894,0.170065133000041],[109.213132328,0.169693878000021],[109.213058301,0.169508811000076],[109.213020951,0.169415437000041],[109.212983826,0.169266935000054],[109.212835324,0.169007056000057],[109.212686822,0.168728615000015],[109.212519757,0.168413049000025],[109.212413285,0.16826094400005],[109.212389818,0.168227421000038],[109.212341352,0.168169262000053],[109.21220419,0.168004668000042],[109.212037126,0.167911854000056],[109.211870061,0.167744790000025],[109.211777247,0.167707664000031],[109.211558822,0.167629655000032],[109.211517369,0.167614850000063],[109.211146114,0.167429223000052],[109.210811985,0.167132219000055],[109.21080845,0.167123970000026],[109.210756296,0.167002280000023],[109.210607794,0.166612462000047],[109.210552106,0.166463960000045],[109.210477855,0.166352584000024],[109.210199414,0.16618551900006],[109.210032349,0.166129831000032],[109.20990241,0.166092705000032],[109.209689203,0.16594510000004],[109.209661094,0.165925641000057],[109.209588614,0.165889401000057],[109.209512592,0.165851390000052],[109.209462069,0.165826128000043],[109.209401216,0.165795702000025],[109.209252714,0.165498698000022],[109.209218849,0.165414036000069],[109.209162062,0.165272066000057],[109.209141338,0.165220256000048],[109.209011398,0.164774751000039],[109.208937147,0.164607686000055],[109.208732957,0.16434780700006],[109.208596,0.164306720000065],[109.20854733,0.164292119000028],[109.208490982,0.164266112000064],[109.208306014,0.16418074300003],[109.208176075,0.164125054000072],[109.207934759,0.16392086400002],[109.207794762,0.163806321000036],[109.207730569,0.163753800000056],[109.207582067,0.163623860000029],[109.207433565,0.163401107000035],[109.207361584,0.163298278000066],[109.20696615,0.16280901200001],[109.206947071,0.162813781000059],[109.20680363,0.16261421200004],[109.206762829,0.162557445000057],[109.206653025,0.162404674000076],[109.206614549,0.162413419000071],[109.206603998,0.162415817000066],[109.206492421,0.162307255000031],[109.20644449,0.162260620000032],[109.206356968,0.162199735000061],[109.206220911,0.162079377000056],[109.206163349,0.162011349000062],[109.206143698,0.16198889000003],[109.206137418,0.161990406000023],[109.206097354,0.161943058000018],[109.206074388,0.161922388000048],[109.206032525,0.161890990000059],[109.205974962,0.161817729000056],[109.2059017,0.16175493300006],[109.205886002,0.161728769000028],[109.205781342,0.161655507000032],[109.205603421,0.161550848000045],[109.205524927,0.16150898400002],[109.205425501,0.161456654000058],[109.205320841,0.161446188000069],[109.205132454,0.161414791000019],[109.205074892,0.161414791000019],[109.204907437,0.161383393000041],[109.204868869,0.161356395000038],[109.204672186,0.161162563000059],[109.20467095,0.161161345000025],[109.204664104,0.161150524000048],[109.204635032,0.161104571000057],[109.204532819,0.160943009000038],[109.204430335,0.160582086000028],[109.204225366,0.160345926000053],[109.204000686,0.160180926000062],[109.203993662,0.160175769000034],[109.203940192,0.160136501000064],[109.203938429,0.160089762000029],[109.203859987,0.160038473000047],[109.203708489,0.159931533000019],[109.203562034,0.159823619000056],[109.203539167,0.159806769000053],[109.203365389,0.15968646200003],[109.20323617,0.159552786000055],[109.202982187,0.159432479000029],[109.202844056,0.159325538000079],[109.202820832,0.159261672000066],[109.202818692,0.159255786000079],[109.202815253,0.159246330000021],[109.202806725,0.159241254000051],[109.202723748,0.159191863000054],[109.202644674,0.15908365700005],[109.202639087,0.159076011000025],[109.20263536,0.159051165000057],[109.202492044,0.158977983000057],[109.20233609,0.158906689000051],[109.202303414,0.158883090000072],[109.202285961,0.158870486000064],[109.202255885,0.158848763000033],[109.202191036,0.158816339000052],[109.202168879,0.158805261000048],[109.202086563,0.158764103000056],[109.202068813,0.158699020000019],[109.201715079,0.158631642000049],[109.201594422,0.158594517000044],[109.201568107,0.158594517000044]]]]},"properties":{"gid":6499,"luas":65.21333802003865,"kdkab":"04","kdkec":"081","nmkab":"MEMPAWAH","nmkec":"SEGEDONG","iddesa":"6104081005","kddesa":"005","kdprov":"61","nmdesa":"PENITI BESAR","nmprov":"KALIMANTAN BARAT","rw_dki":"","sumber":"BPS","periode":"2023_1"}},{"id":6500,"type":"Feature","geometry":{"type":"MultiPolygon","coordinates":[[[[109.262859041,0.399712261000044],[109.262874237,0.400046582000074],[109.262808448,0.400594830000033],[109.26275946,0.40100306100004],[109.262644682,0.401615208000072],[109.262518286,0.401796559000037],[109.26260135,0.402461060000069],[109.26154741,0.405321750000044],[109.262677926,0.408713314000062],[109.263001667,0.409684540000053],[109.26275909,0.409684540000053],[109.262323369,0.40991692500005],[109.261917515,0.410079267000063],[109.261437403,0.411064324000048],[109.260573328,0.41123210600006],[109.260570225,0.411846430000014],[109.261640739,0.412211723000038],[109.262185738,0.414125555000045],[109.262468609,0.414361282000071],[109.262670184,0.414746105000051],[109.262356543,0.415101563000062],[109.262347013,0.415112046000039],[109.262346136,0.415113010000023],[109.260060993,0.417626668000012],[109.260060993,0.418621406000064],[109.260350095,0.419308022000048],[109.260582036,0.419858882000014],[109.260760418,0.41987439400004],[109.261066492,0.420065690000054],[109.261120682,0.420181812000063],[109.262280024,0.420457846000022],[109.263886909,0.421069993000059],[109.264836371,0.422092490000067],[109.265004794,0.422244071000018],[109.265425645,0.422435367000054],[109.265712589,0.422588403000021],[109.266037792,0.422951865000069],[109.266343865,0.42320055000004],[109.26657342,0.423430105000013],[109.266609766,0.423513182000017],[109.266669068,0.423564012000036],[109.267166437,0.423870085000022],[109.267874232,0.42429093600003],[109.26842899,0.424711787000042],[109.268982464,0.425144189000023],[109.269041136,0.425190027000037],[109.269347209,0.42551522900003],[109.26976806,0.425936080000044],[109.270035874,0.426223024000014],[109.270341948,0.426624745000022],[109.270762799,0.427083855000027],[109.270915835,0.427313410000068],[109.271088001,0.427542965000045],[109.271116236,0.427560107000034],[109.271239107,0.428027017000034],[109.271248212,0.428037943000046],[109.271315165,0.428143156000032],[109.271319348,0.42818498200006],[109.271520808,0.428300975000071],[109.27166428,0.428444447000059],[109.271874706,0.428683566000084],[109.271912965,0.42871226100003],[109.272171214,0.428884427000072],[109.272274962,0.42896964800002],[109.272276427,0.428970510000056],[109.272394791,0.429056593000032],[109.272486852,0.42912354700007],[109.272751795,0.429333943000065],[109.272812055,0.429381796000027],[109.272993786,0.429563527000016],[109.273213776,0.429783517000036],[109.273433766,0.429955684000042],[109.273436154,0.429959743000043],[109.273478383,0.430031531000051],[109.273681255,0.430099156000047],[109.273708455,0.43011469800007],[109.27373984,0.430089591000064],[109.273950265,0.43004176700003],[109.274131996,0.430032202000066],[109.27443807,0.430022637000034],[109.274849356,0.429869601000066],[109.275040651,0.429860036000034],[109.275298901,0.429907860000064],[109.275461502,0.429936554000041],[109.275968436,0.429993943000057],[109.276379722,0.430051332000052],[109.276417981,0.430051332000052],[109.276791008,0.430328711000063],[109.277001434,0.430405229000033],[109.277164035,0.430481747000038],[109.277269248,0.43054870100002],[109.277364896,0.430634784000056],[109.277431849,0.430730432000069],[109.277546627,0.430835644000056],[109.277728358,0.430959987000037],[109.277814441,0.43103650500006],[109.277930816,0.431215543000058],[109.277948348,0.43119910700005],[109.278053561,0.43123736600005],[109.278273551,0.431371273000026],[109.278369199,0.431428661000037],[109.278665707,0.431533874000012],[109.278837873,0.431591263000032],[109.278986791,0.431673995000033],[109.279102146,0.431681437000064],[109.279105688,0.431686911000042],[109.279163076,0.431725170000049],[109.27923003,0.43175386400003],[109.279296983,0.431772994000025],[109.279402196,0.431830383000039],[109.279536103,0.431926031000037],[109.279622186,0.431945160000052],[109.279727399,0.432021679000052],[109.279861306,0.432088632000042],[109.28000043,0.432151238000064],[109.280062167,0.432212974000041],[109.280138685,0.432232104000032],[109.280483018,0.432423400000061],[109.280576823,0.432527628000045],[109.281027015,0.432700779000058],[109.281429392,0.43287961300006],[109.281452306,0.43288820600002],[109.281522499,0.432918802000078],[109.281551296,0.432929601000064],[109.281551296,0.432933792000019],[109.281563902,0.432939395000055],[109.281567426,0.43292794200005],[109.281701333,0.432717517000063],[109.282122184,0.432392314000018],[109.28227522,0.432315796000063],[109.282428257,0.432105370000042],[109.282581294,0.431799297000048],[109.283097792,0.431761038000051],[109.28319344,0.431837556000061],[109.283729068,0.431875815000067],[109.283920364,0.431818427000049],[109.284398604,0.431340187000034],[109.284551641,0.431168021000074],[109.284895973,0.430938466000044],[109.285259435,0.430842818000031],[109.285603768,0.430881077000036],[109.285852452,0.431206280000028],[109.285986359,0.43130192800003],[109.286292432,0.431321058000037],[109.286713283,0.431129762000074],[109.28686632,0.430995855000041],[109.287210652,0.430728041000061],[109.287249826,0.430704998000062],[109.287535855,0.430536745000046],[109.287727151,0.430345449000078],[109.287918447,0.430192412000054],[109.28822452,0.429981987000068],[109.288541652,0.429990119000017],[109.288702465,0.429994242000014],[109.289184167,0.429449157000023],[109.289664415,0.428905719000053],[109.289967702,0.428461621000047],[109.290865611,0.42714682500002],[109.291702236,0.425921766000042],[109.292853879,0.424616139000018],[109.293171198,0.424386964000061],[109.295191716,0.422082976000065],[109.295273828,0.421918753000065],[109.295646798,0.421172814000049],[109.295761576,0.420828482000043],[109.296105908,0.420139817000064],[109.296331185,0.419914540000025],[109.296603277,0.419642448000036],[109.296644189,0.419643767000016],[109.297302568,0.419665005000063],[109.297789311,0.419680707000055],[109.299396196,0.420178076000066],[109.299458377,0.420206340000046],[109.30102422,0.420244050000057],[109.30127043,0.420254990000043],[109.30133646,0.419800080000065],[109.30160159,0.419162510000041],[109.30205058,0.418629830000042],[109.30257086,0.418133230000026],[109.30304079,0.417755080000054],[109.3034387,0.416660820000057],[109.30369279,0.416309002000045],[109.303741763,0.416241193000066],[109.303755469,0.416222216000052],[109.30482775,0.414737516000067],[109.30548634,0.413825620000055],[109.305993567,0.413342547000066],[109.30879407,0.41067540000006],[109.311761,0.407928240000042],[109.312469837,0.406448938000031],[109.313293248,0.404730523000063],[109.31469508,0.403623814000071],[109.315766336,0.402399521000068],[109.316933287,0.400808224000054],[109.317449739,0.400103971000026],[109.317908849,0.399338787000028],[109.318166897,0.398564646000062],[109.318052321,0.398456435000078],[109.316981065,0.39707910600004],[109.316368918,0.395701776000056],[109.316368918,0.395144001000066],[109.316368918,0.394936592000015],[109.316215881,0.394324446000038],[109.315909808,0.392028896000051],[109.315909808,0.389886383000034],[109.316521955,0.388202979000022],[109.317005022,0.387140232000032],[109.31320438,0.386103690000029],[109.3076915,0.384843600000058],[109.30538602,0.384794544000032],[109.305169181,0.384789930000073],[109.291339247,0.385822871000066],[109.28438281,0.386342439000029],[109.282201228,0.386505379000016],[109.276319176,0.386729031000071],[109.276220497,0.386758054000034],[109.276205276,0.386762531000045],[109.275689862,0.386914124000046],[109.274006458,0.387449752000051],[109.271251799,0.387755825000049],[109.267643206,0.388078021000068],[109.267909287,0.388876265000013],[109.268113033,0.389487504000039],[109.266377686,0.393681260000049],[109.265538692,0.395708827000019],[109.264036993,0.39613788400004],[109.261958577,0.396356665000044],[109.263142051,0.397789291000041],[109.263295088,0.398937066000023],[109.262859041,0.399712261000044]]]]},"properties":{"gid":6500,"luas":23.732981463665936,"kdkab":"04","kdkec":"120","nmkab":"MEMPAWAH","nmkec":"TOHO","iddesa":"6104120004","kddesa":"004","kdprov":"61","nmdesa":"PAK UTAN","nmprov":"KALIMANTAN BARAT","rw_dki":"","sumber":"BPS","periode":"2023_1"}},{"id":6501,"type":"Feature","geometry":{"type":"MultiPolygon","coordinates":[[[[108.611316024,0.131250706000052],[108.610902806,0.125760797000049],[108.610135399,0.124166953000049],[108.607951242,0.121274420000026],[108.60558999,0.120034763000028],[108.603523896,0.119503482000013],[108.599686862,0.121156357000069],[108.600100081,0.129007518000034],[108.603464864,0.135619021000024],[108.608305429,0.140341523000071],[108.610489587,0.13839349100004],[108.611316024,0.131250706000052]]],[[[108.960163397,0.312795304000014],[108.959819666,0.312738016000021],[108.959218137,0.312652083000046],[108.958788474,0.312623439000051],[108.958473731,0.312680665000067],[108.958473387,0.312680727000029],[108.958101013,0.312738016000021],[108.957757282,0.312738016000021],[108.957285308,0.312790457000067],[108.957241686,0.312795304000014],[108.956611513,0.312909881000052],[108.955866763,0.31299581400003],[108.955721125,0.313051828000027],[108.955494388,0.313139035000056],[108.954892859,0.313253612000033],[108.954033532,0.313740564000053],[108.953865365,0.313791014000057],[108.95383455,0.31376393400006],[108.95337068,0.313958460000042],[108.953375094,0.313968209000043],[108.953145561,0.314055650000055],[108.952715898,0.313998362000051],[108.9524581,0.31402700600006],[108.952200302,0.314170227000035],[108.951885215,0.314313448000062],[108.951426908,0.314542602000071],[108.950682158,0.314829044000022],[108.95066796,0.314837031000017],[108.950550119,0.314837031000017],[108.9504107,0.31496572500002],[108.950414975,0.314979335000034],[108.95022385,0.315086842000018],[108.950051985,0.315287352000027],[108.949335879,0.315717015000067],[108.949240842,0.315717015000067],[108.949049437,0.315717015000067],[108.94893486,0.315430573000069],[108.948505197,0.315459217000056],[108.948304687,0.315545150000037],[108.948218754,0.315602438000039],[108.948132822,0.315802948000051],[108.948104177,0.316060746000057],[108.947960956,0.316289900000071],[108.947846379,0.316490409000034],[108.947773851,0.316617334000051],[108.947731802,0.316690919000051],[108.94764587,0.316776852000033],[108.947416716,0.31686278400002],[108.947344788,0.31687477200005],[108.947244851,0.316891429000053],[108.946729255,0.317063294000032],[108.946557389,0.317149227000064],[108.945669418,0.317235159000055],[108.945468909,0.317521602000056],[108.945239755,0.317521602000056],[108.94486738,0.317521602000056],[108.944612433,0.317535765000054],[108.944351784,0.317550246000054],[108.943979409,0.317722111000026],[108.943492457,0.317951265000028],[108.943234659,0.318151774000046],[108.942661774,0.318352284000072],[108.942318044,0.318638726000078],[108.942031601,0.318867880000032],[108.941859736,0.318925169000055],[108.941769734,0.318955169000052],[108.939573698,0.319293021000013],[108.939696733,0.319343682000064],[108.939820844,0.319396873000068],[108.940015875,0.319591904000055],[108.940175446,0.319875587000075],[108.940352748,0.320265650000069],[108.940476859,0.320673443000023],[108.94067189,0.321329458000032],[108.940849192,0.321808172000036],[108.941097414,0.322304616000056],[108.941168334,0.322481917000062],[108.941310175,0.322747869000065],[108.941469747,0.323137933000054],[108.941487477,0.323457075000013],[108.941487477,0.323918059000057],[108.941381096,0.324308122000049],[108.941061953,0.324467693000024],[108.940494589,0.324822296000038],[108.940259388,0.324939897000033],[108.940285152,0.325081599000039],[108.940311747,0.325294361000028],[108.940311747,0.325329821000021],[108.940311747,0.325445067000035],[108.940307284,0.325543260000062],[108.940229745,0.325726533000018],[108.940079039,0.326001350000068],[108.940034713,0.32613432600004],[108.939937198,0.326329358000061],[108.939878146,0.326510450000056],[108.939804222,0.32673715100002],[108.939795357,0.327011968000013],[108.939813087,0.327207000000005],[108.939830817,0.327446357000038],[108.939875142,0.327650254000051],[108.939919467,0.327863015000043],[108.939928333,0.328066912000042],[108.939919467,0.328253078000045],[108.939875142,0.328448110000063],[108.939821952,0.328660872000051],[108.939821952,0.329108171000023],[108.939821952,0.329121855000044],[108.939821952,0.329157316000015],[108.939795357,0.329219371000022],[108.939697841,0.329423268000017],[108.939671246,0.329582839000067],[108.93964465,0.329875386000019],[108.93964465,0.329928577000036],[108.939680111,0.330309775000047],[108.939786491,0.330726433000054],[108.940079039,0.330965790000048],[108.940155377,0.331003959000046],[108.94013777,0.331074387000055],[108.940149466,0.331116493000024],[108.940159933,0.33115417300007],[108.940217555,0.331216228000072],[108.940341666,0.331304879000069],[108.940421452,0.331375799000045],[108.940576591,0.331495478000007],[108.940583259,0.331499923000017],[108.940682972,0.331566398000058],[108.940873571,0.331752565000038],[108.941015412,0.331885541000016],[108.94115282,0.332045112000056],[108.941312392,0.332067275000034],[108.941435735,0.332074750000062],[108.942413484,0.332856950000059],[108.942479811,0.33291001100002],[108.942668308,0.333391725000065],[108.942798953,0.333725597000057],[108.943259937,0.334931247000044],[108.943366318,0.335356770000029],[108.943517325,0.335677660000038],[108.943747633,0.336167064000046],[108.943777659,0.336230870000066],[108.943933682,0.336562420000058],[108.944465587,0.337555308000047],[108.945002767,0.338601396000057],[108.945139332,0.33886733800005],[108.945529395,0.33915102000003],[108.946486823,0.33900917900007],[108.946872182,0.338765119000073],[108.946899602,0.338792539000042],[108.947608808,0.33925352300001],[108.948211633,0.33928898300008],[108.948814458,0.33928898300008],[108.949275441,0.339182602000048],[108.949298949,0.339180981000024],[108.949355147,0.339198643000022],[108.949849882,0.339142986000068],[108.949995356,0.339132953000052],[108.950003852,0.33913236700005],[108.950013274,0.339131717000041],[108.95030379,0.339111682000071],[108.950429322,0.339108095000024],[108.950430827,0.339104213000043],[108.951387424,0.339079996000058],[108.951403865,0.339079580000028],[108.951403622,0.33908025800002],[108.951422696,0.339079713000046],[108.951406809,0.339068365000057],[108.951380877,0.339049843000048],[108.951688034,0.338925320000042],[108.951804255,0.338908717000031],[108.952044999,0.338775892000052],[108.953023245,0.338512960000053],[108.957839209,0.337218529000041],[108.9591179,0.336874843000027],[108.95911865,0.336892853000046],[108.959126201,0.336883144000056],[108.960064274,0.336758621000046],[108.960562365,0.336908049000041],[108.961035552,0.337074079000035],[108.96124309,0.337090682000055],[108.961558548,0.337173698000069],[108.961799292,0.337157095000053],[108.96194872,0.337215205000063],[108.962172861,0.337281617000026],[108.962621144,0.33737293400002],[108.963260361,0.337522362000066],[108.963700342,0.337655186000066],[108.963733548,0.337655186000066],[108.963680238,0.337668894000052],[108.963642968,0.337678478000039],[108.963696306,0.33768835500006],[108.963698911,0.337688838000022],[108.963783129,0.337706568000045],[108.963796642,0.337728187000037],[108.963805292,0.337742028000026],[108.963805292,0.33781294900006],[108.96380086,0.337919330000027],[108.963796427,0.338003548000076],[108.963778697,0.338109929000044],[108.963769535,0.338131115000063],[108.963819993,0.338123352000024],[108.964084862,0.338161190000045],[108.964095673,0.338393626000027],[108.964236215,0.338490924000042],[108.964306486,0.338534168000017],[108.964447029,0.338561196000058],[108.964717303,0.338615250000034],[108.965328122,0.338669305000046],[108.966117321,0.338728765000033],[108.966636247,0.338793631000038],[108.966884899,0.338831469000063],[108.96691745,0.338823331000059],[108.966928143,0.338820658000029],[108.966891219,0.339088975000043],[108.967179339,0.338768842000035],[108.967179339,0.338684356000046],[108.967390553,0.338261929000056],[108.967432795,0.33809295800006],[108.96749267,0.338057033000036],[108.967626545,0.338057359000057],[108.967574705,0.338053223000023],[108.967559421,0.338052004000071],[108.967588173,0.338028830000031],[108.967617273,0.33798227100004],[108.967644009,0.33796623000006],[108.967639503,0.337946703000059],[108.967759114,0.337755326000024],[108.967921571,0.337442016000057],[108.968007336,0.337276612000034],[108.968042796,0.337010660000029],[108.968237827,0.336567406000021],[108.968415129,0.336141883000035],[108.968450589,0.33584047100004],[108.968450589,0.335669264000052],[108.968666407,0.335574844000058],[108.968683672,0.335567290000028],[108.968672216,0.335494733000071],[108.968670029,0.335474319000066],[108.968664978,0.335427177000046],[108.968565835,0.334501845000039],[108.968633077,0.334313566000039],[108.968743136,0.33400540100007],[108.968788581,0.333903151000066],[108.968672421,0.333737209000049],[108.968636756,0.333686258000055],[108.968531686,0.333600646000037],[108.968632323,0.33338595400005],[108.968813087,0.333137404000064],[108.968826484,0.333118985000057],[108.968916005,0.332995891000049],[108.969359259,0.332428527000045],[108.96955429,0.332162574000045],[108.969678401,0.331949813000057],[108.969837973,0.33173705100005],[108.969871187,0.331696720000016],[108.969921528,0.331635591000059],[108.970086195,0.331435639000062],[108.970258418,0.331297860000051],[108.970263496,0.331293798000046],[108.970427112,0.331173813000009],[108.970529448,0.331098766000027],[108.970689019,0.330832814000074],[108.97077767,0.330690973000058],[108.970937241,0.330336370000056],[108.971025892,0.330105878000037],[108.971025892,0.32994630700006],[108.971025892,0.329680355000051],[108.971025892,0.329538514000032],[108.970937241,0.329059800000027],[108.970870298,0.328909176000026],[108.970808786,0.328857377000012],[108.970807021,0.328855891000038],[108.970564909,0.328652007000071],[108.970458528,0.328510165000069],[108.970458528,0.328279674000039],[108.970458528,0.328198270000017],[108.970458528,0.328085164000069],[108.970358949,0.328078670000021],[108.970159008,0.327956967000034],[108.970089728,0.327897584000028],[108.969956014,0.32784744200006],[108.969784782,0.327783230000014],[108.969661291,0.327675175000017],[108.969642941,0.327659119000025],[108.969521577,0.327560871000064],[108.969464778,0.327514891000019],[108.969270608,0.327357706000033],[108.969208872,0.327258928000039],[108.969093307,0.327074024000071],[108.96905171,0.326803644000043],[108.969022386,0.326613040000041],[108.96902225,0.326610034000046],[108.968982737,0.32642409200002],[108.96895708,0.326303355000042],[108.968926795,0.326160837000027],[108.968896025,0.326016034000012],[108.968827355,0.325832914000043],[108.968756434,0.325602422000028],[108.968667783,0.32521235900004],[108.96865272,0.325114446000048],[108.968651803,0.325108488000064],[108.968632323,0.324981867000011],[108.96862528,0.324952522000044],[108.968620335,0.324870928000053],[108.968621281,0.324841131000015],[108.968513475,0.324323660000048],[108.96846386,0.32421025500003],[108.968429088,0.323932077000052],[108.968429088,0.323688671000057],[108.968411702,0.323323562000038],[108.968425492,0.323261507000044],[108.968377271,0.322066715000052],[108.96833294,0.321880524000059],[108.968279132,0.32110031100006],[108.968185326,0.320810554000049],[108.968020049,0.320300032000034],[108.967954446,0.320097391000043],[108.967930221,0.319898743000055],[108.967331588,0.318605400000023],[108.96714519,0.317993394000027],[108.967105173,0.31802046500007],[108.966987581,0.317734885000051],[108.966920386,0.317550099000065],[108.966819593,0.317348514000056],[108.966685203,0.317130130000058],[108.966584411,0.31694534300004],[108.966466819,0.316726959000039],[108.966382825,0.316542173000068],[108.966317414,0.316447690000061],[108.966231636,0.316323789000013],[108.966097246,0.316139002000056],[108.965962856,0.316004612000016],[108.965828466,0.315853423000029],[108.965744472,0.315752631000065],[108.965559686,0.315450253000047],[108.965526088,0.31529906400004],[108.965374899,0.315164674000072],[108.965112568,0.315115486000029],[108.964975627,0.315115486000029],[108.964431387,0.31500091000003],[108.963743925,0.314857688000066],[108.963664757,0.31480679500003],[108.963342906,0.31459989000007],[108.963075349,0.314405304000042],[108.96302782,0.314370737000041],[108.962741377,0.314198871000029],[108.962540868,0.313969717000027],[108.962397647,0.313826496000035],[108.961939339,0.31371191900006],[108.961681541,0.313654631000012],[108.961395099,0.313339544000019],[108.961251877,0.313024458000029],[108.960822214,0.312852593000057],[108.960420989,0.31281770300006],[108.960163397,0.312795304000014]]]]},"properties":{"gid":6501,"luas":9.940458518119883,"kdkab":"04","kdkec":"100","nmkab":"MEMPAWAH","nmkec":"MEMPAWAH HILIR","iddesa":"6104100002","kddesa":"002","kdprov":"61","nmdesa":"KUALA SECAPAH","nmprov":"KALIMANTAN BARAT","rw_dki":"","sumber":"BPS","periode":"2023_1"}},{"id":6502,"type":"Feature","geometry":{"type":"MultiPolygon","coordinates":[[[[109.224690814,0.144781857000048],[109.222933165,0.146421013000066],[109.220891958,0.14828956100006],[109.216719653,0.152108946000051],[109.21645023,0.15235557900007],[109.215763969,0.152983792000031],[109.210270113,0.157914482000021],[109.210222344,0.157957355000061],[109.210076272,0.158088453000063],[109.209963412,0.158088453000063],[109.209866735,0.158134594000044],[109.209833044,0.158218821000039],[109.209675231,0.158417803000027],[109.209657466,0.158419777000058],[109.20966075,0.158446049000014],[109.208779715,0.159252102000037],[109.207743746,0.160181876000024],[109.207169348,0.160697394000058],[109.207166638,0.160673005000035],[109.20714146,0.160697304000041],[109.20710243,0.160734973000053],[109.20700324,0.160830702000062],[109.20684938,0.160979195000041],[109.206815512,0.161011882000031],[109.205986466,0.161812008000027],[109.206097354,0.161943058000018],[109.206137418,0.161990406000023],[109.206143698,0.16198889000003],[109.206163349,0.162011349000062],[109.206220911,0.162079377000056],[109.206356968,0.162199735000061],[109.20644449,0.162260620000032],[109.206492421,0.162307255000031],[109.206603998,0.162415817000066],[109.206614549,0.162413419000071],[109.206653025,0.162404674000076],[109.206762829,0.162557445000057],[109.20680363,0.16261421200004],[109.206947071,0.162813781000059],[109.20696615,0.16280901200001],[109.207361584,0.163298278000066],[109.207433565,0.163401107000035],[109.207582067,0.163623860000029],[109.207730569,0.163753800000056],[109.207794762,0.163806321000036],[109.207934759,0.16392086400002],[109.208176075,0.164125054000072],[109.208306014,0.16418074300003],[109.208490982,0.164266112000064],[109.20854733,0.164292119000028],[109.208596,0.164306720000065],[109.208732957,0.16434780700006],[109.208937147,0.164607686000055],[109.209011398,0.164774751000039],[109.209141338,0.165220256000048],[109.209162062,0.165272066000057],[109.209218849,0.165414036000069],[109.209252714,0.165498698000022],[109.209401216,0.165795702000025],[109.209462069,0.165826128000043],[109.209512592,0.165851390000052],[109.209588614,0.165889401000057],[109.209661094,0.165925641000057],[109.209689203,0.16594510000004],[109.20990241,0.166092705000032],[109.210032349,0.166129831000032],[109.210199414,0.16618551900006],[109.210477855,0.166352584000024],[109.210552106,0.166463960000045],[109.210607794,0.166612462000047],[109.210756296,0.167002280000023],[109.21080845,0.167123970000026],[109.210811985,0.167132219000055],[109.211146114,0.167429223000052],[109.211517369,0.167614850000063],[109.211558822,0.167629655000032],[109.211777247,0.167707664000031],[109.211870061,0.167744790000025],[109.212037126,0.167911854000056],[109.21220419,0.168004668000042],[109.212341352,0.168169262000053],[109.212389818,0.168227421000038],[109.212413285,0.16826094400005],[109.212519757,0.168413049000025],[109.212686822,0.168728615000015],[109.212835324,0.169007056000057],[109.212983826,0.169266935000054],[109.213020951,0.169415437000041],[109.213058301,0.169508811000076],[109.213132328,0.169693878000021],[109.213447894,0.170065133000041],[109.213670647,0.17023219700007],[109.214060465,0.170640578000075],[109.214171841,0.170733392000043],[109.214468845,0.170826205000024],[109.214728724,0.170863331000027],[109.214895788,0.170863331000027],[109.215004258,0.170885025000077],[109.215081416,0.170900456000025],[109.215229918,0.170919019000053],[109.215396982,0.171011833000022],[109.215526922,0.171216023000053],[109.215601173,0.171383088000034],[109.215656861,0.171587278000061],[109.215731112,0.171865719000036],[109.215842488,0.172125597000046],[109.215916739,0.172255537000063],[109.216065241,0.172441164000018],[109.21619518,0.172626792000075],[109.216287994,0.172738168000025],[109.216417933,0.172830982000036],[109.216603561,0.172905233000044],[109.217179006,0.173053735000048],[109.217364633,0.173127986000058],[109.2176802,0.173332176000032],[109.218032892,0.173629180000026],[109.218404147,0.173926184000042],[109.2186269,0.174037560000043],[109.21903528,0.17422318800004],[109.219276596,0.174260313000038],[109.219555037,0.174371690000051],[109.219852041,0.174501629000012],[109.220073139,0.174649027000046],[109.220130482,0.174687256000033],[109.220223611,0.174826949000019],[109.220427486,0.174910009000029],[109.220780178,0.175188450000061],[109.221207122,0.175522580000067],[109.221411312,0.175615393000035],[109.221634065,0.175708207000068],[109.221793638,0.175737221000016],[109.221838255,0.175745333000059],[109.222023882,0.175856709000069],[109.222172384,0.175968086000075],[109.222320886,0.176135150000043],[109.222487951,0.176283652000058],[109.222673578,0.176506405000051],[109.222766392,0.176654907000055],[109.223044833,0.177007599000035],[109.223249023,0.177230352000045],[109.223416088,0.177397417000067],[109.223638841,0.177490231000031],[109.224065784,0.177583044000066],[109.224381351,0.177638733000025],[109.22491967,0.177768672000056],[109.225198112,0.177824360000045],[109.225291393,0.177871001000019],[109.225420865,0.177935737000046],[109.225550804,0.178121364000046],[109.225680743,0.178251303000023],[109.22586637,0.178511182000013],[109.225959584,0.178773875000041],[109.226010572,0.178917568000017],[109.226070561,0.179086627000053],[109.226107686,0.179235129000054],[109.2262005,0.179662072000037],[109.226293314,0.180051889000034],[109.226367565,0.180441707000059],[109.226646006,0.180720148000029],[109.226885258,0.18087965000006],[109.226924447,0.180905776000032],[109.227202888,0.180961464000063],[109.227518455,0.18103571500006],[109.227726332,0.181139653000057],[109.227741208,0.181147091000069],[109.228056774,0.181444095000068],[109.228223839,0.181945289000055],[109.228372341,0.18224229300006],[109.228428029,0.182390795000051],[109.228442415,0.182793599000035],[109.228446592,0.182910552000064],[109.228446592,0.183001446000041],[109.228780721,0.183059054000064],[109.228947786,0.183170430000061],[109.229151976,0.183207556000066],[109.229374729,0.183263244000045],[109.229578919,0.18333749500004],[109.229745984,0.183448872000043],[109.229950174,0.183634499000051],[109.230042988,0.183857252000055],[109.230135802,0.184042879000056],[109.230210053,0.184377009000053],[109.230284304,0.184636887000053],[109.230451368,0.185193770000064],[109.230488494,0.18550933600004],[109.230488494,0.185758607000022],[109.23059987,0.185769215000049],[109.231101064,0.185713527000064],[109.231435194,0.185565025000063],[109.231602259,0.18554646200004],[109.231862137,0.18552789900002],[109.231973513,0.185602150000016],[109.232122015,0.185917717000043],[109.232344768,0.186288972000058],[109.232437582,0.186418911000027],[109.232523468,0.186719510000047],[109.232548959,0.186808728000074],[109.232623209,0.187254234000015],[109.232734586,0.187514113000022],[109.232975902,0.187829679000051],[109.233254343,0.187866805000045],[109.233532784,0.18788536800002],[109.233718411,0.187922493000017],[109.233959727,0.187978181000059],[109.234145355,0.188070995000034],[109.234275294,0.188145246000032],[109.234479484,0.188275185000057],[109.234572298,0.188442250000029],[109.234572298,0.188832068000064],[109.234572298,0.189054821000057],[109.234613519,0.189233446000058],[109.234685263,0.189273801000067],[109.2347676,0.189465922000056],[109.234760689,0.189475985000055],[109.234877384,0.189438476000027],[109.234912502,0.189538816000035],[109.234977929,0.189458291000046],[109.234959721,0.189767827000021],[109.235069504,0.190014839000074],[109.235069504,0.190206960000058],[109.235206734,0.190316744000021],[109.235316517,0.190261852000041],[109.235728205,0.190152069000018],[109.236139893,0.190344190000075],[109.235975218,0.190728431000018],[109.23589288,0.191167565000052],[109.235975218,0.191442024000016],[109.236085001,0.191551807000053],[109.23625529,0.191551807000053],[109.236409386,0.191551807000053],[109.237216233,0.192634682000066],[109.237148879,0.192680483000065],[109.23722073,0.192772863000077],[109.237245333,0.192804495000073],[109.237375272,0.192934434000058],[109.237653713,0.193101499000023],[109.237727964,0.193175750000013],[109.237802215,0.19336137700003],[109.237820778,0.193584130000024],[109.237746527,0.19382544600005],[109.237709402,0.194066762000028],[109.237672276,0.194363766000031],[109.237579462,0.194623644000041],[109.237523774,0.194957773000054],[109.237520692,0.194964622000045],[109.237614151,0.195038405000052],[109.237672276,0.195329028000051],[109.237950717,0.195570344000026],[109.238136345,0.195588907000056],[109.238229158,0.195523937000082],[109.238321972,0.195458967000038],[109.238674664,0.195254777000046],[109.238841729,0.195236215000021],[109.23912017,0.195217652000052],[109.239398611,0.195273340000017],[109.23965849,0.195403279000066],[109.239825554,0.195496093000028],[109.239858684,0.195512658000032],[109.240085433,0.195626032000065],[109.240141121,0.195737409000056],[109.240178247,0.196034413000066],[109.240122558,0.196368542000071],[109.240085433,0.196591295000073],[109.240252498,0.196739797000023],[109.240326749,0.196981113000045],[109.240363874,0.197129614000055],[109.24047525,0.197333805000027],[109.240623752,0.197426618000072],[109.24080938,0.197593683000031],[109.240939319,0.197779311000019],[109.241032133,0.198002063000049],[109.241069258,0.198224816000036],[109.241069258,0.198351662000042],[109.24110389,0.198397838000056],[109.241097102,0.19841044400005],[109.240920756,0.198549664000031],[109.240837224,0.198651760000074],[109.24080938,0.198800261000028],[109.24080938,0.198985889000026],[109.24080938,0.199171516000029],[109.240827943,0.199403551000048],[109.240930038,0.199635585000067],[109.241083288,0.199857798000036],[109.241115665,0.199904745000026],[109.241199198,0.199978996000024],[109.241310574,0.200016121000026],[109.241570452,0.200053247000028],[109.241802487,0.200053247000028],[109.242053084,0.200025403000043],[109.242359369,0.200043965000012],[109.242480027,0.20007180900006],[109.242656373,0.200118216000024],[109.242795594,0.200238874000038],[109.242879126,0.200322407000043],[109.242920401,0.200481609000055],[109.242944096,0.200573004000023],[109.242999784,0.200767912000062],[109.243046191,0.200953540000058],[109.242990502,0.201129886000043],[109.24290697,0.201194856000017],[109.242758468,0.201222700000072],[109.242600685,0.201408327000015],[109.242554278,0.201631080000031],[109.242600685,0.201881677000076],[109.242802921,0.202019565000061],[109.243074035,0.202438559000025],[109.243403065,0.202603074000016],[109.243593792,0.202698438000023],[109.243659969,0.202840246000047],[109.243612354,0.20292119100002],[109.243556666,0.20306041100003],[109.243454571,0.203292446000028],[109.243426727,0.203496636000069],[109.243538103,0.203682263000074],[109.243723731,0.203849328000044],[109.243820721,0.203893415000034],[109.243825826,0.203895735000055],[109.244113548,0.20394214200007],[109.244336301,0.203997830000048],[109.244614743,0.204081362000065],[109.244874621,0.204118488000057],[109.24500456,0.204155613000066],[109.245125218,0.204304115000073],[109.245034725,0.20436947200005],[109.244958153,0.204424773000023],[109.244818933,0.204610401000015],[109.244763494,0.204783646000055],[109.244647227,0.204884201000024],[109.244610102,0.204981655000034],[109.244614743,0.205153361000039],[109.24466579,0.205264737000052],[109.244814292,0.205352910000037],[109.244897824,0.205422521000062],[109.244990638,0.205519975000068],[109.245050967,0.205539582000022],[109.245050967,0.205752009000038],[109.24504599,0.205770260000064],[109.244944231,0.205858745000057],[109.244906535,0.205907914000009],[109.244898487,0.205918411000026],[109.244846777,0.206030451000057],[109.244846777,0.206327454000079],[109.244847392,0.206334835000061],[109.244809651,0.206578051000058],[109.24480037,0.206717272000047],[109.24480037,0.206898259000072],[109.24480037,0.207102449000049],[109.244814292,0.207283436000069],[109.244842136,0.207418016000007],[109.244883902,0.207543314000022],[109.244939591,0.207733582000057],[109.244968516,0.20776732900003],[109.244972763,0.207786864000071],[109.244976716,0.207826396000025],[109.24499221,0.207876321000069],[109.245009708,0.207932703000033],[109.245018482,0.207960976000028],[109.245134499,0.208012024000022],[109.245296923,0.207993461000053],[109.245436144,0.207947054000039],[109.245485893,0.207873614000049],[109.245589658,0.207808761000027],[109.2456821,0.207654691000064],[109.245770273,0.207677894000029],[109.24582707,0.207717652000034],[109.245854837,0.207737089000031],[109.245928057,0.207854240000075],[109.246039433,0.208072352000048],[109.246113845,0.208243500000036],[109.246132247,0.208285824000021],[109.246141528,0.208434326000019],[109.246137595,0.208448091000041],[109.246076559,0.208661720000062],[109.246030152,0.208838066000059],[109.246081199,0.209028334000023],[109.24622042,0.209111866000064],[109.246447814,0.209162914000045],[109.246625382,0.209171173000066],[109.246647363,0.209172195000064],[109.246670567,0.209251087000038],[109.246671727,0.209273130000042],[109.246695738,0.20932595400006],[109.24669377,0.209445996000046],[109.24669377,0.209705874000063],[109.246874757,0.209817250000074],[109.247143916,0.209761562000035],[109.247306341,0.20967338900004],[109.247336023,0.209674262000013],[109.247464124,0.209678030000019],[109.247584782,0.209817250000074],[109.247584782,0.209991740000016],[109.247584782,0.210030722000042],[109.247580141,0.210364851000063],[109.247654392,0.210601526000069],[109.247826097,0.210782513000018],[109.248146305,0.21100062500006],[109.248471153,0.211135205000061],[109.24865678,0.211176971000043],[109.248833612,0.211172059000031],[109.24883843,0.211215423000045],[109.248981628,0.211251222000034],[109.249185818,0.211306911000069],[109.249144052,0.211446131000048],[109.249041957,0.211654962000066],[109.248879533,0.211840590000068],[109.248795316,0.211895996000061],[109.248781712,0.211956243000027],[109.248684624,0.212035498000036],[109.248661421,0.212160797000018],[109.248666062,0.212364987000054],[109.248675343,0.212427305000057],[109.248698546,0.212583099000024],[109.248731031,0.212740883000034],[109.24874871,0.212767401000058],[109.248833126,0.212894025000031],[109.248930581,0.212986839000048],[109.249088364,0.212996120000066],[109.249154013,0.212982538000048],[109.249357524,0.212940432000043],[109.249496744,0.21294507300006],[109.249589558,0.213023965000043],[109.24966845,0.213153904000014],[109.249677122,0.213244092000025],[109.249774453,0.213292758000023],[109.249816952,0.213381297000056],[109.249912562,0.213390403000064],[109.249907674,0.213463723000072],[109.249988657,0.213525159000027],[109.250095393,0.213724708000024],[109.250127878,0.213905695000039],[109.250016501,0.214003149000071],[109.249798389,0.214012431000061],[109.24969517,0.213975692000014],[109.249529229,0.213998509000026],[109.24926471,0.214040275000059],[109.249120849,0.21412380700001],[109.249032676,0.214258387000021],[109.24885633,0.214383686000073],[109.248563966,0.21453218800002],[109.248206634,0.214662127000052],[109.248034588,0.214765354000057],[109.247951396,0.21481526900003],[109.24797924,0.21505194400003],[109.248079395,0.215216906000025],[109.248063431,0.215237781000038],[109.248053491,0.215339667000027],[109.24790963,0.215446403000034],[109.24771008,0.215492810000048],[109.247422358,0.215511372000029],[109.247227449,0.215460325000044],[109.247087384,0.215420684000031],[109.247074306,0.215418559000054],[109.247041024,0.215474029000051],[109.24703254,0.215488169000019],[109.246791224,0.21563203000005],[109.246708001,0.215687512000043],[109.246610238,0.215752688000068],[109.24642461,0.215938315000064],[109.246433892,0.216072895000021],[109.246435923,0.21620899600003],[109.246313234,0.216444150000027],[109.246127606,0.216741154000019],[109.245854554,0.216968698000069],[109.245849165,0.217001033000031],[109.245784195,0.217200582000024],[109.245635693,0.217409413000039],[109.245296923,0.217641447000065],[109.245083452,0.21783635600002],[109.244805011,0.21797557700005],[109.244638986,0.218008237000039],[109.24463071,0.218036378000024],[109.24460082,0.218049828000062],[109.244521929,0.218193689000029],[109.244433756,0.218462849000045],[109.244414666,0.218539209000023],[109.244382708,0.218667039000011],[109.244289895,0.218801619000035],[109.244187799,0.218945480000065],[109.244081064,0.219080060000072],[109.243943644,0.219204181000062],[109.243937202,0.219209999000037],[109.243830467,0.219298172000034],[109.243742294,0.219344579000048],[109.243737653,0.219483800000036],[109.243774778,0.219627661000054],[109.24381886,0.21971323200006],[109.243768353,0.219807934000073],[109.243691246,0.219952509000054],[109.243468493,0.220082448000024],[109.243301428,0.220101011000049],[109.243280776,0.220102302000041],[109.243004424,0.220119574000019],[109.242893048,0.220268076000024],[109.242818797,0.220695019000062],[109.24280819,0.220766618000024],[109.242744546,0.22119621300003],[109.242670295,0.221548905000019],[109.242596044,0.221660282000078],[109.242470114,0.221668152000051],[109.242405657,0.221672181000027],[109.24229904,0.221678844000044],[109.24209485,0.221418966000046],[109.241760721,0.22119621300003],[109.241710063,0.221173187000022],[109.24155653,0.221103399000066],[109.241426591,0.221084836000033],[109.241296652,0.221251901000066],[109.241259526,0.221511780000077],[109.241259526,0.221581390000031],[109.241259526,0.221722157000039],[109.241259526,0.22180878300003],[109.241333777,0.222068662000014],[109.241482279,0.222309978000043],[109.241519405,0.222606981000063],[109.241482279,0.222848297000042],[109.24135234,0.223238115000063],[109.241370903,0.22355368100005],[109.241426591,0.223962062000059],[109.241524046,0.224205698000044],[109.241524046,0.224723134000041],[109.241502791,0.225084456000038],[109.241643323,0.225398979000031],[109.241468357,0.22584154000003],[109.24128273,0.226305608000079],[109.241319855,0.22658405000003],[109.24169111,0.22701099300001],[109.241969551,0.227215183000041],[109.242303681,0.227029555000056],[109.242364158,0.227012276000031],[109.24243362,0.226992430000051],[109.24297194,0.227400810000057],[109.243120442,0.22779062800003],[109.24317613,0.228236134000044],[109.243032727,0.228508599000057],[109.242990502,0.228588826000026],[109.243027628,0.229182834000031],[109.243417446,0.229572651000061],[109.243521995,0.229603629000043],[109.243798511,0.230222499000035],[109.24412283,0.230315161000019],[109.245088093,0.230537914000024],[109.245756351,0.230909169000018],[109.246164732,0.231317549000035],[109.246535987,0.231874432000032],[109.246832991,0.232505565000045],[109.247055743,0.233025322000049],[109.2475755,0.233582204000063],[109.247686877,0.233953459000025],[109.247724002,0.234250463000012],[109.247872504,0.23525285100003],[109.247872504,0.235624106000041],[109.247872504,0.236923498000057],[109.248058132,0.237517506000068],[109.24872639,0.238334267000017],[109.248912018,0.238742647000029],[109.249246147,0.239670784000047],[109.249283273,0.239967788000057],[109.249171896,0.240747424000061],[109.249134771,0.241378557000071],[109.249017392,0.241988927000015],[109.249131214,0.242248610000046],[109.248652139,0.242529447000034],[109.247538375,0.242900702000042],[109.246795865,0.244162969000055],[109.245904853,0.245202482000019],[109.244939591,0.24535098400003],[109.243603073,0.246316247000037],[109.243009065,0.247058757000048],[109.242934814,0.248246773000051],[109.243009065,0.250177298000043],[109.243751575,0.251513816000053],[109.244048579,0.251736569000048],[109.245756351,0.252404827000009],[109.246795865,0.252776082000025],[109.247686877,0.253147337000033],[109.248206634,0.25381559600003],[109.248429387,0.255820372000072],[109.248429387,0.256117376000018],[109.248342975,0.256981496000041],[109.255481582,0.261390635000047],[109.257841404,0.260102491000054],[109.25808192,0.260358040000032],[109.25908904,0.263001732000018],[109.259192542,0.263273423000036],[109.25935883,0.263709930000062],[109.25959036,0.264278210000038],[109.25994459,0.263835430000035],[109.260332081,0.263786993000046],[109.260736145,0.263736485000026],[109.260848824,0.263167968000056],[109.262261355,0.256663757000077],[109.26611529,0.256945752000036],[109.274382839,0.257550695000008],[109.276025317,0.257682093000028],[109.274859642,0.264512947000061],[109.2811196,0.266860430000055],[109.28164383,0.266860430000055],[109.28914781,0.266860430000055],[109.289573926,0.266860430000055],[109.29006176,0.266860430000055],[109.292096503,0.266860430000055],[109.294821391,0.266860430000055],[109.29876544,0.266860430000055],[109.30126065,0.266917140000036],[109.31458386,0.267219940000077],[109.314761371,0.267223974000048],[109.32094879,0.267364590000064],[109.322492379,0.267251645000036],[109.33436997,0.266382560000053],[109.337708091,0.266138304000035],[109.341415363,0.245983146000064],[109.350934259,0.194232207000028],[109.351326956,0.19429002600003],[109.311049456,0.162658967000023],[109.310978054,0.162654441000022],[109.310311721,0.162612209000037],[109.300629374,0.154475782000016],[109.283464484,0.140051505000021],[109.26999753,0.13342841300005],[109.270269899,0.132848427000058],[109.263046656,0.129475590000025],[109.257368115,0.126824040000036],[109.256319458,0.126276915000057],[109.253495606,0.129504175000024],[109.251256738,0.128571313000066],[109.251257594,0.128566180000065],[109.248454707,0.129198006000022],[109.247301607,0.12977299400005],[109.246029963,0.13040709300003],[109.246030414,0.13041265900005],[109.245969823,0.130442954000041],[109.244897383,0.131320405000051],[109.243450053,0.132458670000069],[109.243448214,0.132523040000025],[109.24343633,0.132458670000069],[109.242256158,0.131882307000059],[109.242215212,0.131818507000046],[109.240145016,0.130905986000076],[109.240145928,0.130896327000074],[109.236516782,0.134224365000023],[109.236134948,0.134574519000058],[109.235529011,0.135130182000058],[109.234803019,0.135795939000043],[109.234781911,0.135773512000072],[109.234735995,0.135724726000023],[109.233099417,0.137205227000034],[109.232778838,0.137495233000036],[109.231970783,0.138226226000018],[109.229209491,0.140724179000061],[109.226424605,0.143243477000049],[109.22566347,0.143932024000037],[109.224705328,0.14479879000003],[109.224690814,0.144781857000048]]]]},"properties":{"gid":6502,"luas":155.45846740224462,"kdkab":"04","kdkec":"081","nmkab":"MEMPAWAH","nmkec":"SEGEDONG","iddesa":"6104081006","kddesa":"006","kdprov":"61","nmdesa":"PENITI DALAM II","nmprov":"KALIMANTAN BARAT","rw_dki":"","sumber":"BPS","periode":"2023_1"}},{"id":6503,"type":"Feature","geometry":{"type":"MultiPolygon","coordinates":[[[[109.231208186,0.42501098700006],[109.230662474,0.425064663000054],[109.230639149,0.425950998000069],[109.230412664,0.426305244000046],[109.230379609,0.426448482000066],[109.230142479,0.426809823000036],[109.230122658,0.426820758000013],[109.230010062,0.427217098000017],[109.230017482,0.427257910000029],[109.230124746,0.427955127000075],[109.229910218,0.428759609000052],[109.229642057,0.429349562000027],[109.229052104,0.430529468000035],[109.228623048,0.431763006000036],[109.228583207,0.431854070000039],[109.228247623,0.432621120000019],[109.227764934,0.433640130000072],[109.227550406,0.434122819000037],[109.227389509,0.434766404000069],[109.22690682,0.435356357000034],[109.226155971,0.435624518000056],[109.225428795,0.435707624000023],[109.224712292,0.435789509000063],[109.224024095,0.436408887000025],[109.223875912,0.436525317000079],[109.223764446,0.436612897000022],[109.220836074,0.436406673000027],[109.219578719,0.436318127000054],[109.217820681,0.435540533000048],[109.211837661,0.439624751000044],[109.209635563,0.441127979000047],[109.207343299,0.442281602000023],[109.206754559,0.442281602000023],[109.204877435,0.442496130000045],[109.203378566,0.442442599000056],[109.202455993,0.443446575000045],[109.202889381,0.448923021000047],[109.199166707,0.449491763000021],[109.19830653,0.443661676000027],[109.19753319,0.443971013000068],[109.194422528,0.445365448000067],[109.193349886,0.445579976000031],[109.192599036,0.445901769000034],[109.191633659,0.446223561000063],[109.190239224,0.447081675000045],[109.188605342,0.449287416000068],[109.186813524,0.449538270000064],[109.186094006,0.450001959000068],[109.183472229,0.451691549000023],[109.183718082,0.452183255000018],[109.183991986,0.452731063000037],[109.184214739,0.45325081900005],[109.183026724,0.453844827000065],[109.182358465,0.455255596000023],[109.182850105,0.455452252000038],[109.183047818,0.456001454000041],[109.183437311,0.456390947000039],[109.183487179,0.456440815000065],[109.184121811,0.456147908000041],[109.184244417,0.456009977000072],[109.184512354,0.455708547000016],[109.186172162,0.455415640000062],[109.186454059,0.455098506000064],[109.186561297,0.454977863000062],[109.186562705,0.454976279000057],[109.186855613,0.454488100000041],[109.187076338,0.454230587000031],[109.18714852,0.454146375000049],[109.187392609,0.454097557000071],[109.187880788,0.454146375000049],[109.188173695,0.454439282000071],[109.188320149,0.454976279000057],[109.188416402,0.455409416000053],[109.188417785,0.455415640000062],[109.188564239,0.455952636000049],[109.188857146,0.456099090000063],[109.189345325,0.456196726000032],[109.189784512,0.455806337000066],[109.189833205,0.455820464000047],[109.189882321,0.456147908000041],[109.19006582,0.45588795100002],[109.190468136,0.455318004000052],[109.190858679,0.454732189000028],[109.191444493,0.454488100000041],[109.191453166,0.454485209000049],[109.191883854,0.454341646000036],[109.19222558,0.454390464000027],[109.192372033,0.454781007000061],[109.192391909,0.45482572700007],[109.192567305,0.455220368000021],[109.192713758,0.45575736500007],[109.192713758,0.456294361000059],[109.192713758,0.456656180000034],[109.192713758,0.457124265000054],[109.192713758,0.457640145000021],[109.192713758,0.458100623000067],[109.192860212,0.458637620000035],[109.193348391,0.458979345000049],[109.193738934,0.459174616000036],[109.194471202,0.459613977000052],[109.194861745,0.459711613000017],[109.194959381,0.459711613000017],[109.195301106,0.459613977000052],[109.194959381,0.459125798000057],[109.194617656,0.458784073000062],[109.19452002,0.458442348000062],[109.195008199,0.458149441000039],[109.195691649,0.457710080000018],[109.195890171,0.457577732000055],[109.196067058,0.457629051000023],[109.196082192,0.457417173000053],[109.19705855,0.457417173000053],[109.197546729,0.45746599100005],[109.198083725,0.45790535100002],[109.198278997,0.457661262000046],[109.198376633,0.45717308300005],[109.198571904,0.456733722000021],[109.198718358,0.456489633000041],[109.198962447,0.456391997000026],[109.199157719,0.456391997000026],[109.19959708,0.456733722000021],[109.20003644,0.456928994000057],[109.200671073,0.457124265000054],[109.201403341,0.457124265000054],[109.201842702,0.456489633000041],[109.201989156,0.455952636000049],[109.202135609,0.455366822000025],[109.202341526,0.45564137700006],[109.202428517,0.45575736500007],[109.202379699,0.456391997000026],[109.202282063,0.456782540000066],[109.202233245,0.457319537000041],[109.202263954,0.457534496000053],[109.202330881,0.458002987000037],[109.20281906,0.458881709000027],[109.203111967,0.459223434000022],[109.203893053,0.459662795000044],[109.20415425,0.459826043000027],[109.204283596,0.459906885000068],[109.204296433,0.459917154000037],[109.204491444,0.460073163000054],[109.204771775,0.460297428000037],[109.204820593,0.460736789000066],[109.204283596,0.461224967000018],[109.203874571,0.461458696000018],[109.203600146,0.461615510000048],[109.204137142,0.462250143000066],[109.204820593,0.46234777900003],[109.205552861,0.46220132500002],[109.206236311,0.46220132500002],[109.207261487,0.46210368900005],[109.208042573,0.462445414000059],[109.2081725,0.463062567000063],[109.208237844,0.463372954000022],[109.208530752,0.464300494000037],[109.208543274,0.464463280000078],[109.20857957,0.464935126000052],[109.208970113,0.46537448700001],[109.209507109,0.464983944000027],[109.209702381,0.46386113300002],[109.209848834,0.463421772000055],[109.210337013,0.462445414000059],[109.210682638,0.461869373000066],[109.210776374,0.461713146000015],[109.211118099,0.461469057000048],[109.21180155,0.46112733200005],[109.212289728,0.461029696000019],[109.212875543,0.46093206000006],[109.213314904,0.460980878000043],[109.213292315,0.461387473000055],[109.213289979,0.461429514000016],[109.213266086,0.461859600000015],[109.213119632,0.46234777900003],[109.213338787,0.462639984000014],[109.21341254,0.462738322000064],[109.213614464,0.462719965000017],[109.214486533,0.462640686000039],[109.214828258,0.461761964000049],[109.215072348,0.46112733200005],[109.215316437,0.46093206000006],[109.215853434,0.461224967000018],[109.216097523,0.461615510000048],[109.216341613,0.461908418000061],[109.217343001,0.462082572000044],[109.217464424,0.46210368900005],[109.218489599,0.46210368900005],[109.219368321,0.462006053000032],[109.220686404,0.461761964000049],[109.221369854,0.461908418000061],[109.221906851,0.46234777900003],[109.222443848,0.462787139000051],[109.222851815,0.463421756000058],[109.222883208,0.463470590000038],[109.223322569,0.464154040000035],[109.223576882,0.464832207000025],[109.223615477,0.464935126000052],[109.223729053,0.465654444000042],[109.223892295,0.465701805000031],[109.224396563,0.465716212000081],[109.225421738,0.465081580000062],[109.226105189,0.464642219000037],[109.22698391,0.465130398000047],[109.227003887,0.465205313000063],[109.227179182,0.465862666000007],[109.227081546,0.466155573000035],[109.226861961,0.466563374000033],[109.226739821,0.466790206000031],[109.226622033,0.467173017000054],[109.22654455,0.467424838000047],[109.226349278,0.467815381000038],[109.225714646,0.467668928000016],[109.225342065,0.467471679000022],[109.225290283,0.46730137500003],[109.224956314,0.467156655000051],[109.224777222,0.467177320000073],[109.224763354,0.467123258000072],[109.224597811,0.46713877800005],[109.224420108,0.467088006000036],[109.224328946,0.46720541200005],[109.224249413,0.467154800000059],[109.223933998,0.467525877000066],[109.223931584,0.467590242000022],[109.223815253,0.467585249000028],[109.223813852,0.467718350000034],[109.22376193,0.467766563000055],[109.223361333,0.46864787800007],[109.223273752,0.468840557000015],[109.223371387,0.469524007000074],[109.223713112,0.470109822000038],[109.224250109,0.470256275000041],[109.22468947,0.470158639000038],[109.226202824,0.470012186000012],[109.227667361,0.469670461000019],[109.228106722,0.469670461000019],[109.229864165,0.470061004000054],[109.2301869,0.470383739000052],[109.230645251,0.47084209000007],[109.230743238,0.471405512000044],[109.230840523,0.471964901000036],[109.23113343,0.472648351000024],[109.231719245,0.472599533000042],[109.232109788,0.471769629000051],[109.232305059,0.471086179000047],[109.232695602,0.470890908000053],[109.232758854,0.471017412000045],[109.232849777,0.471199258000072],[109.23298851,0.47147672200004],[109.233086146,0.472355444000067],[109.233086146,0.472745987000053],[109.233281417,0.47313653000002],[109.233525506,0.472648351000024],[109.233964867,0.471671994000075],[109.234257775,0.471671994000075],[109.235038861,0.47225780800004],[109.235478222,0.472794805000024],[109.236405761,0.473429437000052],[109.237040394,0.473819980000036],[109.238163205,0.473868798000065],[109.238846655,0.473624709000038],[109.240374202,0.472240370000065],[109.240408828,0.472208990000066],[109.241629275,0.470549182000065],[109.2420872,0.469495953000031],[109.242117453,0.469426371000053],[109.242068814,0.467869920000046],[109.242068636,0.46786419900008],[109.241238732,0.466155573000035],[109.240994642,0.465716212000081],[109.240750553,0.465130398000047],[109.240701735,0.464983944000027],[109.240959306,0.464468802000056],[109.24144571,0.46431190000004],[109.2423729,0.464368670000055],[109.243124688,0.464385011000046],[109.24324333,0.464387590000054],[109.24403807,0.464141600000057],[109.24475712,0.463573930000052],[109.24564647,0.462873800000068],[109.24640337,0.462211520000035],[109.24706565,0.461454620000028],[109.24738733,0.460584190000017],[109.247396831,0.459909535000062],[109.247549239,0.459594558000041],[109.247558344,0.459575742000028],[109.247587141,0.459359765000048],[109.247587141,0.45917258500003],[109.247558344,0.458841420000044],[109.247515148,0.458524654000024],[109.247515148,0.458222344000024],[109.247515148,0.458179092000014],[109.247371164,0.457761536000026],[109.247327968,0.457545560000024],[109.247356765,0.457041614000051],[109.247299171,0.456739246000045],[109.247399961,0.455760151000043],[109.247356765,0.455443385000019],[109.247356765,0.455198611000064],[109.247356765,0.455040228000019],[109.247419229,0.454740402000018],[109.247428758,0.454694666000019],[109.247428758,0.45457020700007],[109.247428758,0.454478689000041],[109.247428758,0.454446292000046],[109.247428758,0.454248313000055],[109.247399961,0.45406113300003],[109.247386522,0.453953623000069],[109.247380257,0.453903508000039],[109.24740356,0.453794762000018],[109.247525947,0.453585984000026],[109.247655533,0.453456398000062],[109.247957901,0.45328361700006],[109.248224272,0.453118035000039],[109.248454647,0.45299564800007],[109.248843406,0.452822866000014],[109.249289758,0.452830066000046],[109.249678516,0.452786870000069],[109.250002481,0.452815667000031],[109.250003727,0.452815499000053],[109.250268853,0.452779671000021],[109.25057122,0.452700480000036],[109.250887986,0.452664483000034],[109.251341538,0.452434108000035],[109.25178789,0.452254127000058],[109.252169449,0.452110143000019],[109.252532647,0.451962401000055],[109.252594203,0.451937361000038],[109.252774184,0.45178617800002],[109.252932567,0.451685388000036],[109.253069352,0.451750182000075],[109.253486907,0.451879768000019],[109.253882865,0.452045350000039],[109.254192432,0.452311721000055],[109.254617186,0.452866062000053],[109.254717975,0.452938054000067],[109.254797167,0.452981249000056],[109.254854761,0.453024445000037],[109.255099534,0.453204425000018],[109.255301113,0.453305215000043],[109.255560285,0.45344919900004],[109.255725867,0.453585984000026],[109.256035434,0.453758766000012],[109.256265809,0.45390275000005],[109.256510583,0.454082731000024],[109.25672656,0.45420511800006],[109.257151314,0.454305907000038],[109.25785965,0.454382297000052],[109.257885635,0.454385099000041],[109.258130409,0.454406696000026],[109.258461574,0.454363501000041],[109.258792738,0.454291509000018],[109.259095106,0.454313106000019],[109.259447868,0.454262712000051],[109.259779032,0.454183520000058],[109.260009407,0.454183520000058],[109.26036217,0.454212317000045],[109.260438958,0.454230038000047],[109.260642939,0.45427711000002],[109.26091651,0.454356302000057],[109.261204479,0.454435493000064],[109.261406058,0.454485888000025],[109.261535644,0.454557880000046],[109.261650831,0.454694666000019],[109.261722824,0.454946638000018],[109.261737222,0.455155416000027],[109.261715624,0.455320998000045],[109.261629234,0.455464983000058],[109.261468191,0.455596745000035],[109.261391659,0.455659362000061],[109.261283671,0.455817745000048],[109.261262073,0.455990526000047],[109.261341264,0.456112913000025],[109.261492448,0.456120113000056],[109.261737222,0.45606251900006],[109.261981996,0.455976128000039],[109.262089034,0.45592076300005],[109.262190773,0.455868140000055],[109.262305961,0.455803347000031],[109.262413949,0.455875339000031],[109.262457145,0.455925733000068],[109.262482694,0.455954122000034],[109.262521938,0.455997726000019],[109.262642805,0.456058159000067],[109.262665922,0.456069718000041],[109.262745114,0.456069718000041],[109.262765744,0.456067753000061],[109.26301995,0.456081875000054],[109.26515953,0.455088500000044],[109.26548711,0.454936405000065],[109.26759417,0.453657120000056],[109.26924971,0.453130360000044],[109.269610286,0.45283534300006],[109.27173303,0.451098550000042],[109.27399059,0.448238970000037],[109.27448263,0.447017370000021],[109.275397256,0.44474656700003],[109.27606234,0.443095320000055],[109.2761729,0.442820825000066],[109.27677492,0.440864270000014],[109.276775343,0.440863674000062],[109.277324243,0.440090737000052],[109.278067333,0.439044350000077],[109.278314864,0.438160310000047],[109.278797307,0.437121202000064],[109.278797324,0.437121166000053],[109.279012081,0.436658612000028],[109.279296414,0.436127858000012],[109.279303337,0.436127858000012],[109.279335733,0.436061265000029],[109.279341133,0.43604866700002],[109.279352309,0.436023520000045],[109.279355531,0.436016270000038],[109.27936273,0.435992873000039],[109.27936633,0.435978474000017],[109.279375329,0.435947877000044],[109.279375329,0.435924480000032],[109.279373514,0.435913590000032],[109.27936813,0.435881285000043],[109.279355531,0.435856087000043],[109.279330334,0.435821891000043],[109.279314136,0.435798493000045],[109.279288938,0.43575529800005],[109.279285339,0.435703104000012],[109.279285339,0.435701304000012],[109.279283539,0.435641910000072],[109.279279939,0.435587916000034],[109.27927274,0.435560919000061],[109.279247543,0.435523123000052],[109.279218746,0.435499726000052],[109.279186349,0.435472728000032],[109.279159352,0.435442132000042],[109.279164752,0.435398936000073],[109.27918455,0.435361140000051],[109.279206147,0.435307146000069],[109.279240344,0.435224355000057],[109.279238544,0.435177560000058],[109.279233273,0.435138908000049],[109.279233144,0.435137964000033],[109.279229545,0.435107368000044],[109.279224145,0.435078571000018],[109.279213346,0.434992180000045],[109.279285339,0.434939986000079],[109.279341133,0.434956184000042],[109.279413125,0.434992180000045],[109.279472519,0.435017377000061],[109.279524713,0.435038975000049],[109.279582307,0.43506417200006],[109.279614703,0.435089370000065],[109.279656099,0.435082170000035],[109.279719092,0.435074971000051],[109.279794684,0.435049774000041],[109.279846878,0.435028176000051],[109.27988846,0.435007385000064],[109.279890074,0.435006578000065],[109.279915271,0.434977782000029],[109.279936869,0.434934586000045],[109.279947668,0.434902190000056],[109.279942268,0.434837397000015],[109.279920671,0.434828398000031],[109.279915068,0.434827105000068],[109.279913471,0.434822998000069],[109.279875675,0.434783402000053],[109.279855877,0.434772604000043],[109.27983608,0.434752806000058],[109.279800083,0.434707810000021],[109.279782085,0.434684413000073],[109.27973529,0.434659216000045],[109.279728091,0.434653816000026],[109.279712823,0.434647178000032],[109.279686696,0.434635818000056],[109.279684896,0.434632219000032],[109.279670497,0.434607021000024],[109.279661498,0.434569225000061],[109.279661498,0.434549427000032],[109.279674097,0.434515231000032],[109.279686696,0.43449723300006],[109.279722692,0.434475635000065],[109.279774886,0.434450438000057],[109.279812682,0.434418042000058],[109.279855877,0.434391044000046],[109.279900873,0.434373046000071],[109.27992787,0.434362248000063],[109.279930982,0.434360173000075],[109.279965666,0.434337050000075],[109.279987263,0.434310053000042],[109.280005261,0.434292055000062],[109.28002326,0.434268658000061],[109.280025059,0.434256059000057],[109.280025059,0.434251559000066],[109.280034058,0.434238061000019],[109.280044857,0.43421826300005],[109.280057456,0.434196665000051],[109.280065807,0.434178572000066],[109.280068255,0.434173268000042],[109.280071854,0.434131872000024],[109.280071854,0.434079678000039],[109.280068255,0.434040082000025],[109.280062855,0.434014885000065],[109.280052056,0.433989688000051],[109.280001662,0.433924895000073],[109.279978264,0.433914096000016],[109.279911672,0.433908696000055],[109.279873876,0.433901497000011],[109.279823084,0.433882784000044],[109.279805483,0.433876300000054],[109.279785685,0.433865501000062],[109.279746089,0.433831305000066],[109.279728091,0.433795308000068],[109.279715493,0.433757512000049],[109.279713693,0.433723316000047],[109.279720892,0.433685520000042],[109.27973709,0.433642325000047],[109.279776686,0.433613528000024],[109.27983248,0.433615328000017],[109.279845869,0.433616139000025],[109.279891874,0.433618927000049],[109.279969265,0.433624327000079],[109.280035858,0.433636925000021],[109.280070055,0.433649524000037],[109.280098851,0.433662123000027],[109.280143847,0.433674721000042],[109.280170329,0.433683990000009],[109.280179843,0.433687320000042],[109.280194241,0.433696319000036],[109.28020864,0.433717917000022],[109.280209207,0.433718980000031],[109.280213749,0.433727496000078],[109.280219438,0.433741314000021],[109.280226638,0.433768311000058],[109.280235637,0.433802508000042],[109.280242836,0.433842103000068],[109.280250035,0.433865501000062],[109.280269833,0.433901497000011],[109.280284232,0.433932094000059],[109.28030223,0.433969890000068],[109.280338226,0.433996887000028],[109.280383221,0.434014885000065],[109.280458813,0.434018484000035],[109.280489409,0.434018484000035],[109.280523606,0.434014885000065],[109.2805794,0.433993287000024],[109.280609997,0.433980689000059],[109.280627995,0.433930294000042],[109.280633394,0.43390329700003],[109.280649592,0.433842103000068],[109.280658591,0.433806107000058],[109.280651392,0.433734115000048],[109.28064786,0.433714102000068],[109.280645993,0.43370351800006],[109.280642393,0.433663923000035],[109.280646999,0.433637210000027],[109.280651392,0.433611728000074],[109.280654992,0.433548735000043],[109.280647793,0.43348934100004],[109.280636994,0.433390352000055],[109.280620795,0.433370554000022],[109.280586599,0.433345357000071],[109.28056867,0.433334732000044],[109.280538004,0.433316560000032],[109.280520006,0.43330396100003],[109.280460613,0.433271565000028],[109.280442615,0.433257166000032],[109.280419217,0.433240968000062],[109.280413818,0.433226569000058],[109.280412018,0.433210371000034],[109.280430016,0.433132979000045],[109.280439015,0.433114981000074],[109.280449814,0.433096983000037],[109.280475011,0.433087984000041],[109.280532605,0.433084385000028],[109.280599031,0.433073613000036],[109.280599198,0.433073586000032],[109.280633394,0.433062787000042],[109.28067479,0.433048389000016],[109.280716185,0.433017792000039],[109.280750381,0.43299619400005],[109.280766031,0.432984813000065],[109.280789977,0.43296739700003],[109.280831373,0.43296739700003],[109.28085297,0.432978196000017],[109.280872768,0.432988995000073],[109.280890766,0.433003393000037],[109.280897966,0.433014192000031],[109.280897966,0.433026791000032],[109.280897966,0.433031223000058],[109.280897966,0.43303219000006],[109.280897966,0.433048389000016],[109.280898604,0.433053498000054],[109.280890766,0.433087984000041],[109.28089766,0.43312107100007],[109.280899765,0.43313118000003],[109.280905165,0.433147378000049],[109.280916574,0.433166937000069],[109.280917764,0.43316897600004],[109.280942961,0.433185174000075],[109.280968158,0.433185174000075],[109.280977306,0.43318428900005],[109.280987967,0.433183257000051],[109.281023952,0.433179774000045],[109.281067147,0.433177975000033],[109.281090545,0.433172575000065],[109.281148139,0.433143778000038],[109.281160737,0.433136579000059],[109.281196734,0.433096983000037],[109.281214732,0.433077185000059],[109.28123273,0.433051988000035],[109.281248928,0.43303219000006],[109.281258034,0.433015496000054],[109.281259727,0.433012392000011],[109.281274125,0.432988995000073],[109.281290324,0.432970997000034],[109.281329919,0.432933201000023],[109.281362316,0.432929601000064],[109.28141991,0.432935001000025],[109.281470304,0.432945800000015],[109.281531498,0.432958398000032],[109.281551296,0.432958398000032],[109.281551296,0.432943999999989],[109.281551296,0.432933792000019],[109.281551296,0.432929601000064],[109.281522499,0.432918802000078],[109.281452306,0.43288820600002],[109.281429392,0.43287961300006],[109.281027015,0.432700779000058],[109.280576823,0.432527628000045],[109.280483018,0.432423400000061],[109.280138685,0.432232104000032],[109.280062167,0.432212974000041],[109.28000043,0.432151238000064],[109.279861306,0.432088632000042],[109.279727399,0.432021679000052],[109.279622186,0.431945160000052],[109.279536103,0.431926031000037],[109.279402196,0.431830383000039],[109.279296983,0.431772994000025],[109.27923003,0.43175386400003],[109.279163076,0.431725170000049],[109.279105688,0.431686911000042],[109.279102146,0.431681437000064],[109.278986791,0.431673995000033],[109.278837873,0.431591263000032],[109.278665707,0.431533874000012],[109.278369199,0.431428661000037],[109.278273551,0.431371273000026],[109.278053561,0.43123736600005],[109.277948348,0.43119910700005],[109.277930816,0.431215543000058],[109.277814441,0.43103650500006],[109.277728358,0.430959987000037],[109.277546627,0.430835644000056],[109.277431849,0.430730432000069],[109.277364896,0.430634784000056],[109.277269248,0.43054870100002],[109.277164035,0.430481747000038],[109.277001434,0.430405229000033],[109.276791008,0.430328711000063],[109.276417981,0.430051332000052],[109.276379722,0.430051332000052],[109.275968436,0.429993943000057],[109.275461502,0.429936554000041],[109.275298901,0.429907860000064],[109.275040651,0.429860036000034],[109.274849356,0.429869601000066],[109.27443807,0.430022637000034],[109.274131996,0.430032202000066],[109.273950265,0.43004176700003],[109.27373984,0.430089591000064],[109.273708455,0.43011469800007],[109.273681255,0.430099156000047],[109.273478383,0.430031531000051],[109.273436154,0.429959743000043],[109.273433766,0.429955684000042],[109.273213776,0.429783517000036],[109.272993786,0.429563527000016],[109.272812055,0.429381796000027],[109.272751795,0.429333943000065],[109.272486852,0.42912354700007],[109.272394791,0.429056593000032],[109.272276427,0.428970510000056],[109.272274962,0.42896964800002],[109.272171214,0.428884427000072],[109.271912965,0.42871226100003],[109.271874706,0.428683566000084],[109.27166428,0.428444447000059],[109.271520808,0.428300975000071],[109.271319348,0.42818498200006],[109.271315165,0.428143156000032],[109.271248212,0.428037943000046],[109.271239107,0.428027017000034],[109.271116236,0.427560107000034],[109.271088001,0.427542965000045],[109.270915835,0.427313410000068],[109.270762799,0.427083855000027],[109.270341948,0.426624745000022],[109.270035874,0.426223024000014],[109.26976806,0.425936080000044],[109.269347209,0.42551522900003],[109.269041136,0.425190027000037],[109.268982464,0.425144189000023],[109.26842899,0.424711787000042],[109.267874232,0.42429093600003],[109.267166437,0.423870085000022],[109.266669068,0.423564012000036],[109.266609766,0.423513182000017],[109.26657342,0.423430105000013],[109.266343865,0.42320055000004],[109.266037792,0.422951865000069],[109.265712589,0.422588403000021],[109.265425645,0.422435367000054],[109.265004794,0.422244071000018],[109.264836371,0.422092490000067],[109.263886909,0.421069993000059],[109.262280024,0.420457846000022],[109.261120682,0.420181812000063],[109.261066492,0.420065690000054],[109.260760418,0.41987439400004],[109.260582036,0.419858882000014],[109.260350095,0.419308022000048],[109.259981619,0.419204850000024],[109.259463181,0.420126517000031],[109.258462593,0.421309030000033],[109.258283275,0.421520951000046],[109.257997859,0.421806367000043],[109.257425161,0.422379065000027],[109.256387448,0.423172610000056],[109.25560167,0.423773500000032],[109.254661905,0.424489511000031],[109.253349122,0.425489727000059],[109.250882045,0.42591878400002],[109.249703713,0.425646861000078],[109.248093176,0.425275198000067],[109.247665199,0.425244628000029],[109.245529813,0.425092101000066],[109.245089778,0.425060670000043],[109.242193645,0.42591878400002],[109.240262889,0.426240576000052],[109.239938509,0.426216548000065],[109.237366756,0.426026048000028],[109.235114208,0.425275198000067],[109.233790571,0.424447925000034],[109.233041932,0.423980026000038],[109.23278269,0.424083723000024],[109.232059273,0.424373090000082],[109.231330259,0.424549820000024],[109.231208186,0.42501098700006]]]]},"properties":{"gid":6503,"luas":30.746241020380438,"kdkab":"04","kdkec":"120","nmkab":"MEMPAWAH","nmkec":"TOHO","iddesa":"6104120005","kddesa":"005","kdprov":"61","nmdesa":"SEPANG","nmprov":"KALIMANTAN BARAT","rw_dki":"","sumber":"BPS","periode":"2023_1"}},{"id":6504,"type":"Feature","geometry":{"type":"MultiPolygon","coordinates":[[[[108.974001544,0.349815323000026],[108.973750957,0.34975267600003],[108.973543914,0.349700915000025],[108.973431267,0.349688594000033],[108.973146684,0.34965746800003],[108.973114446,0.34962523000008],[108.972254968,0.349410361000028],[108.972206227,0.349477381000043],[108.96940535,0.350235951000064],[108.969493279,0.350235951000064],[108.969617025,0.350291637000049],[108.969728396,0.350347323000041],[108.96985833,0.350421570000034],[108.970000638,0.350532942000024],[108.970001839,0.350534143000051],[108.970157453,0.350617935000064],[108.970368667,0.350955877000036],[108.970368667,0.351082605000037],[108.970358671,0.351122587000017],[108.970342671,0.351186587000019],[108.970368667,0.351251576000036],[108.970368667,0.351462790000023],[108.970368667,0.351842975000057],[108.970368667,0.351909866000018],[108.970368667,0.352096431000056],[108.970368667,0.352307645000058],[108.970284181,0.352645587000029],[108.97011521,0.352983529000022],[108.969946239,0.353405957000071],[108.96993978,0.353407361000056],[108.969944686,0.353642886000048],[108.969949078,0.353853703000021],[108.969958748,0.353928639000057],[108.9700181,0.354388624000018],[108.970202433,0.35507328800002],[108.970492098,0.355784285000017],[108.970525928,0.355902690000046],[108.970549705,0.355985907000044],[108.970597431,0.356152950000023],[108.970615898,0.356688490000071],[108.970793642,0.356763330000028],[108.970620921,0.356834145000056],[108.970623765,0.35691661300007],[108.970597431,0.357469611000054],[108.970464104,0.357709601000069],[108.970334099,0.357943609000074],[108.969846585,0.358209526000043],[108.969858457,0.358225714000069],[108.969850728,0.358228542000058],[108.969837653,0.358208384000017],[108.969798575,0.358270907000063],[108.969756333,0.358281468000026],[108.969629604,0.358302589000058],[108.96940783,0.358302589000058],[108.969333905,0.358313150000074],[108.969217738,0.358313150000074],[108.969080449,0.358302589000058],[108.968921777,0.358286722000054],[108.968824755,0.358282102000027],[108.968624404,0.358246746000008],[108.968575516,0.358223524000027],[108.968570278,0.358221036000029],[108.968619997,0.358069393000047],[108.968605247,0.358028093000033],[108.968596106,0.358022609000042],[108.968043109,0.35749594400005],[108.967811924,0.357079813000039],[108.967779776,0.357021946000025],[108.96756911,0.356416282000048],[108.967527234,0.356352365000011],[108.967068779,0.355652619000067],[108.966951968,0.355360592000062],[108.966858113,0.355125954000075],[108.966826128,0.35508777800004],[108.966353775,0.354941904000041],[108.964675899,0.354992749000077],[108.963239536,0.35628293400003],[108.9629154,0.357878187000034],[108.962884449,0.357885447000048],[108.96290813,0.357930442000052],[108.962776464,0.358483440000045],[108.962561535,0.359042254000032],[108.962513131,0.359168104000052],[108.962144466,0.359852768000049],[108.961989213,0.360163274000049],[108.961802134,0.360537432000065],[108.961786979,0.360588961000079],[108.961749468,0.360629598000066],[108.961662079,0.360996632000029],[108.961617802,0.361182596000044],[108.961377023,0.361704282000065],[108.96137522,0.361796237000018],[108.961384588,0.361839955000048],[108.961380649,0.361899035000027],[108.961381924,0.36190732000005],[108.962197133,0.362314924000025],[108.963092462,0.362262258000046],[108.963984012,0.362279403000057],[108.964036572,0.362267977000045],[108.964255791,0.362215782000021],[108.964350498,0.362211603000043],[108.964544626,0.362314377000062],[108.964728839,0.362393923000066],[108.964724658,0.362405421000056],[108.965223553,0.36262715200007],[108.965409786,0.362709923000064],[108.965693224,0.363379867000054],[108.965699452,0.363394587000062],[108.965622217,0.363605227000051],[108.965510148,0.363910869000046],[108.965409786,0.364184583000052],[108.965185619,0.364321760000051],[108.96364546,0.365264245000051],[108.96360543,0.365338148000023],[108.963602147,0.365344209000053],[108.963441378,0.365415661000039],[108.962598714,0.365968659000025],[108.962098383,0.366942989000055],[108.961512149,0.367709602000042],[108.961413719,0.36783831800005],[108.961308386,0.368135729000066],[108.96117672,0.368193817000018],[108.96123346,0.368282980000051],[108.961237924,0.368289995000043],[108.961282053,0.368266233000047],[108.96135447,0.368318899000027],[108.961433469,0.368411066000021],[108.961472969,0.368522982000052],[108.961519052,0.368654648000068],[108.961519052,0.368740231000057],[108.961584885,0.368852147000039],[108.961808718,0.369010147000039],[108.962216883,0.369273479000066],[108.962264814,0.369288730000053],[108.962796214,0.369457811000079],[108.963059546,0.369444645000036],[108.963717876,0.369036480000033],[108.963786045,0.368841998000044],[108.964679039,0.368285983000008],[108.964942371,0.367969984000065],[108.965311036,0.36749598600005],[108.966601364,0.36670598900001],[108.967259695,0.366495324000027],[108.967889838,0.366456744000047],[108.968550023,0.366416324000054],[108.968797392,0.366509087000058],[108.968971355,0.366574323000057],[108.969682352,0.366758656000056],[108.970051017,0.367021988000027],[108.970314349,0.367732985000021],[108.970346497,0.368279502000058],[108.970360432,0.368292566000041],[108.970360432,0.368379090000063],[108.970413099,0.36837156600006],[108.972234531,0.368679809000067],[108.973176359,0.368839195000008],[108.975150524,0.369173284000041],[108.977259737,0.369530228000029],[108.977288956,0.369557432000015],[108.978644611,0.369839481000041],[108.980881186,0.37030480800006],[108.981977369,0.370532873000047],[108.983802868,0.370912675000054],[108.984020019,0.370957854000032],[108.984335049,0.371023397000038],[108.984383144,0.37103366400004],[108.986326715,0.371448584000055],[108.98832111,0.37187435400006],[108.989656191,0.372159371000065],[108.99043641,0.372325935000044],[108.993435061,0.372966096000033],[108.997820333,0.373902278000059],[108.997863118,0.373911412000037],[109.000244749,0.375306367000056],[109.002143665,0.376418589000025],[109.004815615,0.37798358900005],[109.004801979,0.377998274000047],[109.011520067,0.381126984000043],[109.011808352,0.381219647000018],[109.012146753,0.381328418000069],[109.012128223,0.381369754000045],[109.012113219,0.381403223000061],[109.012149923,0.381420317000054],[109.012146753,0.381391783000016],[109.012228649,0.381417717000022],[109.012233655,0.381419302000039],[109.012234125,0.381419451000062],[109.01413468,0.382021293000043],[109.014158557,0.382028854000058],[109.014933103,0.382260652000068],[109.015111581,0.382231222000018],[109.021019212,0.381257092000059],[109.048708092,0.376691372000041],[109.048713324,0.376667627000066],[109.049515936,0.376456414000072],[109.050999237,0.375890063000035],[109.051168543,0.375825419000018],[109.051174947,0.375763943000033],[109.051180721,0.375708507000069],[109.051190657,0.375703539000015],[109.051278588,0.375764414000065],[109.051332375,0.375801651000062],[109.051350829,0.37576474200005],[109.074305364,0.37586908200005],[109.075083902,0.363217849000027],[109.052774384,0.366118086000025],[109.052768243,0.366114752000045],[109.052824763,0.366013016000074],[109.053092172,0.365531680000058],[109.053306099,0.364782936000026],[109.053520025,0.364462046000026],[109.053573507,0.364087674000076],[109.053680471,0.362804113000035],[109.054001361,0.361039216000059],[109.054429215,0.358792984000038],[109.054536178,0.356600234000036],[109.054536178,0.355156228000056],[109.054429215,0.354140075000036],[109.054035395,0.353598573000063],[109.054135065,0.353324479000037],[109.054135065,0.352843144000064],[109.054135065,0.352737636000021],[109.054135065,0.352556657000037],[109.050384462,0.34602051700005],[109.049696083,0.344820887000022],[109.049703341,0.344788416000024],[109.049455415,0.344901109000035],[109.049241488,0.344954591000028],[109.049027562,0.345275481000042],[109.049027562,0.345340744000052],[109.027779218,0.354780136000048],[109.027860955,0.354780136000048],[109.027816209,0.355476178000063],[109.027818815,0.355475852000034],[109.027817286,0.355517898000068],[109.02781739,0.35551789400005],[109.027734329,0.357968174000063],[109.027734857,0.357968309000052],[109.027714549,0.358369403000032],[109.027711164,0.358436251000054],[109.027649844,0.360122555000018],[109.027625685,0.36012446200004],[109.027523116,0.362150207000063],[109.027570199,0.362125906000082],[109.027565019,0.362182019000038],[109.022092991,0.362536687000038],[109.022269842,0.358955464000067],[109.022191849,0.358958371000021],[109.016674074,0.359164002000051],[109.0150077,0.359226103000014],[109.01213224,0.359293761000057],[109.00969979,0.359350995000053],[109.009563143,0.359443152000043],[109.008161519,0.359169835000031],[109.004440259,0.358444190000052],[109.003985578,0.358378514000039],[109.003934524,0.358371140000029],[109.003684183,0.358334979000069],[109.003026479,0.358239977000035],[108.998790285,0.357628082000079],[108.998652842,0.357608229000052],[108.998614388,0.357602675000059],[108.998589637,0.357599100000073],[108.998581568,0.357597934000058],[108.998397064,0.357571284000074],[108.994816827,0.357571284000074],[108.994060813,0.357571284000074],[108.993900952,0.357571284000074],[108.991381126,0.356800514000033],[108.988629881,0.355958956000056],[108.98779612,0.355703923000018],[108.987666749,0.355664351000029],[108.987630085,0.355653136000056],[108.987623003,0.35565097000006],[108.987612616,0.35564779300005],[108.987610567,0.355647166000035],[108.98752707,0.355621626000067],[108.98428794,0.354630833000039],[108.983952152,0.354528121000044],[108.983920057,0.354518304000066],[108.983822741,0.354420988000074],[108.983272188,0.353870435000039],[108.983263712,0.353861959000026],[108.982439844,0.353198288000038],[108.981777754,0.352664937000035],[108.981816454,0.352645587000029],[108.981555735,0.352486089000014],[108.9812332,0.352288773000051],[108.97822582,0.350448964000063],[108.978155813,0.350471547000049],[108.978124352,0.350435591000069],[108.978113007,0.350422625000015],[108.978071335,0.350414948000029],[108.977862877,0.350376548000039],[108.975359867,0.349915467000069],[108.97501537,0.349899808000022],[108.974001544,0.349815323000026]]]]},"properties":{"gid":6504,"luas":26.483291215895868,"kdkab":"04","kdkec":"101","nmkab":"MEMPAWAH","nmkec":"MEMPAWAH TIMUR","iddesa":"6104101006","kddesa":"006","kdprov":"61","nmdesa":"ANTIBAR","nmprov":"KALIMANTAN BARAT","rw_dki":"","sumber":"BPS","periode":"2023_1"}},{"id":6505,"type":"Feature","geometry":{"type":"MultiPolygon","coordinates":[[[[109.220653653,0.392564645000051],[109.219893543,0.39289040700004],[109.219517634,0.393051511000069],[109.219319205,0.393136552000039],[109.21904469,0.39417360800007],[109.218830161,0.395460779000076],[109.218869063,0.396199904000068],[109.218786948,0.396210169000035],[109.218785408,0.396270531000016],[109.218793101,0.39627792900006],[109.218924988,0.398388110000041],[109.219546738,0.401151443000048],[109.219227102,0.401174605000037],[109.219136974,0.401181136000041],[109.216080011,0.401402655000034],[109.212470387,0.401827317000029],[109.210955285,0.402005564000029],[109.207657306,0.401505870000043],[109.207659935,0.401575531000045],[109.207662234,0.401636444000072],[109.207589627,0.401680007000024],[109.207308361,0.401839645000047],[109.206885706,0.402880026000034],[109.207068726,0.40361210400005],[109.207066714,0.403630875000034],[109.206905818,0.404086748000045],[109.20682537,0.40430127600007],[109.20669129,0.404730333000025],[109.20669129,0.404918045000039],[109.20669129,0.405078942000049],[109.206664474,0.405561631000068],[109.206664474,0.405802975000024],[109.206557209,0.406527008000068],[109.206530393,0.406956065000025],[109.206530393,0.407009697000042],[109.206530393,0.407787363000064],[109.206610842,0.408511396000049],[109.206664474,0.40907453300002],[109.206744922,0.409986279000073],[109.206719494,0.410647400000068],[109.206704698,0.410670088000067],[109.206654753,0.410745005000029],[109.206829979,0.410920232000027],[109.207674685,0.410799559000051],[109.208532798,0.410799559000051],[109.209276724,0.411118385000071],[109.209283648,0.411121352000066],[109.209927233,0.411443145000009],[109.210892611,0.412193994000052],[109.212608838,0.413373900000055],[109.213466951,0.414446542000055],[109.213788744,0.414982863000031],[109.214217801,0.415733713000064],[109.21420922,0.415836686000024],[109.2157195,0.416591826000057],[109.216212364,0.41701428200002],[109.217221198,0.417878997000059],[109.217419496,0.418048966000062],[109.219421132,0.421581264000043],[109.219435446,0.42157267500005],[109.220587135,0.420881661000071],[109.220846393,0.420795242000063],[109.221329082,0.420527081000041],[109.22217911,0.420077067000019],[109.222240828,0.420044393000062],[109.222512306,0.419908653000053],[109.22256262,0.419883496000065],[109.223152573,0.419508072000034],[109.22358163,0.419186279000015],[109.224547008,0.418703590000062],[109.225475788,0.418393996000017],[109.225665535,0.418112373000031],[109.225984479,0.417783461000052],[109.22598601,0.417768333000015],[109.226068153,0.417681924000016],[109.226068364,0.41768025800008],[109.226068419,0.417680308000049],[109.226457784,0.418030736000043],[109.226463789,0.418046041000023],[109.22667773,0.41823752400006],[109.227051595,0.418572143000065],[109.227557521,0.419024961000049],[109.227981487,0.419401820000068],[109.228010315,0.419416234000034],[109.228009086,0.419427708000052],[109.228368902,0.419702305000048],[109.228369118,0.419702309000065],[109.229158666,0.42029316300005],[109.2291699,0.420279336000017],[109.229315876,0.420408282000031],[109.229043387,0.420662525000071],[109.22899515,0.420658788000014],[109.230571517,0.422640507000035],[109.230612604,0.42278431200003],[109.2306224,0.42289451800002],[109.230648582,0.424753440000071],[109.230651354,0.424761062000065],[109.230651354,0.425017356000073],[109.230650906,0.425017891000039],[109.230663558,0.425023458000047],[109.230662474,0.425064663000054],[109.231208186,0.42501098700006],[109.231330259,0.424549820000024],[109.232059273,0.424373090000082],[109.23278269,0.424083723000024],[109.233041932,0.423980026000038],[109.233790571,0.424447925000034],[109.235114208,0.425275198000067],[109.237366756,0.426026048000028],[109.239938509,0.426216548000065],[109.240262889,0.426240576000052],[109.242193645,0.42591878400002],[109.245089778,0.425060670000043],[109.245529813,0.425092101000066],[109.247665199,0.425244628000029],[109.248093176,0.425275198000067],[109.249703713,0.425646861000078],[109.250882045,0.42591878400002],[109.253349122,0.425489727000059],[109.254661905,0.424489511000031],[109.25560167,0.423773500000032],[109.256387448,0.423172610000056],[109.257425161,0.422379065000027],[109.257997859,0.421806367000043],[109.258283275,0.421520951000046],[109.258462593,0.421309030000033],[109.259463181,0.420126517000031],[109.259981619,0.419204850000024],[109.260350095,0.419308022000048],[109.260060993,0.418621406000064],[109.260060993,0.417626668000012],[109.262346136,0.415113010000023],[109.262347013,0.415112046000039],[109.262356543,0.415101563000062],[109.262670184,0.414746105000051],[109.262468609,0.414361282000071],[109.262185738,0.414125555000045],[109.261640739,0.412211723000038],[109.260570225,0.411846430000014],[109.260573328,0.41123210600006],[109.261437403,0.411064324000048],[109.261917515,0.410079267000063],[109.262323369,0.40991692500005],[109.26275909,0.409684540000053],[109.263001667,0.409684540000053],[109.262677926,0.408713314000062],[109.26154741,0.405321750000044],[109.26260135,0.402461060000069],[109.262518286,0.401796559000037],[109.262644682,0.401615208000072],[109.26275946,0.40100306100004],[109.262808448,0.400594830000033],[109.262874237,0.400046582000074],[109.262859041,0.399712261000044],[109.263295088,0.398937066000023],[109.263142051,0.397789291000041],[109.261958577,0.396356665000044],[109.261688203,0.39602937000006],[109.259469171,0.395570260000055],[109.258488799,0.396031612000059],[109.257601142,0.395708827000019],[109.255144677,0.394234949000057],[109.253854018,0.394996107000047],[109.250314299,0.395746956000046],[109.249775394,0.395567321000037],[109.248705336,0.395210635000065],[109.248693757,0.394643250000054],[109.246181981,0.392943207000017],[109.24141179,0.38971460200002],[109.246526562,0.386806202000061],[109.244788098,0.386557850000028],[109.244663589,0.386645918000052],[109.244359041,0.384412566000034],[109.243393663,0.38344718800004],[109.24315994,0.383525096000025],[109.242428285,0.380872848000026],[109.24231143,0.380444379000036],[109.242106493,0.379692941000033],[109.241462907,0.378191243000062],[109.240712058,0.377118601000055],[109.238508114,0.375968717000034],[109.238467529,0.375947542000057],[109.238244981,0.375831430000056],[109.23513432,0.375938694000071],[109.235125993,0.375948787000021],[109.232192653,0.379504351000037],[109.232452715,0.380121998000051],[109.2330963,0.382160018000031],[109.233203564,0.384734359000043],[109.2330963,0.385592472000039],[109.232238186,0.386236058000065],[109.231977587,0.386350722000029],[109.229556581,0.387415964000056],[109.228283149,0.388162459000054],[109.22644592,0.389239455000039],[109.223442522,0.391062947000021],[109.223376105,0.391098710000046],[109.220653653,0.392564645000051]]]]},"properties":{"gid":6505,"luas":20.32790327431844,"kdkab":"04","kdkec":"120","nmkab":"MEMPAWAH","nmkec":"TOHO","iddesa":"6104120006","kddesa":"006","kdprov":"61","nmdesa":"PAK LAHENG","nmprov":"KALIMANTAN BARAT","rw_dki":"","sumber":"BPS","periode":"2023_1"}},{"id":6506,"type":"Feature","geometry":{"type":"MultiPolygon","coordinates":[[[[108.970344088,0.369200003000051],[108.970366175,0.369207366000068],[108.970383461,0.369263064000049],[108.970366617,0.369279908000071],[108.970366617,0.36929552000004],[108.970351005,0.369482858000017],[108.970335394,0.369638973000064],[108.970335394,0.369685807000059],[108.970272948,0.369982426000035],[108.970148056,0.370341490000048],[108.970134043,0.370474614000035],[108.970031857,0.370644924000028],[108.969996006,0.370758451000031],[108.969987867,0.370784225000021],[108.969930191,0.370939951000014],[108.969914551,0.370982180000051],[108.969731259,0.371224125000022],[108.969423329,0.371524723000046],[108.969086073,0.371730010000016],[108.968826192,0.371829762000055],[108.96852446,0.371746525000041],[108.968165395,0.37165285600002],[108.967728273,0.371637245000041],[108.967369209,0.37165285600002],[108.967150648,0.371668468000056],[108.966885253,0.371730914000065],[108.966716303,0.371956180000046],[108.966697915,0.371980698000073],[108.966588634,0.372308539000073],[108.966619857,0.372745661000064],[108.966682303,0.373011057000038],[108.966780427,0.373128805000019],[108.966741331,0.37316301400005],[108.966760361,0.373229618000039],[108.966932087,0.373744797000021],[108.96703118,0.374091622000033],[108.967056979,0.374181919000024],[108.967061128,0.374229634000072],[108.967088202,0.374540984000022],[108.967025756,0.375024940000051],[108.967025756,0.375071775000037],[108.966947699,0.375555731000014],[108.966885253,0.375805515000025],[108.966713526,0.376195803000025],[108.966588634,0.376414364000026],[108.966385685,0.376726594000044],[108.966192959,0.376948228000054],[108.966073455,0.377085658000051],[108.965792448,0.377257385000056],[108.965214822,0.377335442000052],[108.964871369,0.377257385000056],[108.96466842,0.377179327000021],[108.964512887,0.377010834000027],[108.96446547,0.377007601000055],[108.964324967,0.376858316000031],[108.964324967,0.376632925000025],[108.964324967,0.376336306000032],[108.964246909,0.37605529900002],[108.964168852,0.375836738000024],[108.964012737,0.375602566000054],[108.963809787,0.375399616000032],[108.963684895,0.375337170000015],[108.963341442,0.375165444000059],[108.963185327,0.375071775000037],[108.963060435,0.375009329000015],[108.96282447,0.37488513600004],[108.962763817,0.374853214000041],[108.96248281,0.374681487000031],[108.962264249,0.374540984000022],[108.962154968,0.374431703000028],[108.961936407,0.374228754000058],[108.961827127,0.37410386200002],[108.961624177,0.373822855000068],[108.961436839,0.373619905000052],[108.961311947,0.373448179000029],[108.961218278,0.373260841000044],[108.961130652,0.373056381000028],[108.961124609,0.373042280000041],[108.961062163,0.372854942000059],[108.96103094,0.372823719000047],[108.96103094,0.372808107000023],[108.960812379,0.372558323000025],[108.960687487,0.372417820000062],[108.960591163,0.372311864000032],[108.960531372,0.372246093000049],[108.960453315,0.372168036000054],[108.960172308,0.371871417000026],[108.960063027,0.371730914000065],[108.959922524,0.371637245000041],[108.959750797,0.371543576000028],[108.959625905,0.37148113000006],[108.959325109,0.371267406000061],[108.959251229,0.371168900000039],[108.958720438,0.370763001000062],[108.958649964,0.370746507000033],[108.958468002,0.37082699000007],[108.958138254,0.370677105000027],[108.957399607,0.37072055500004],[108.957168274,0.371163106000049],[108.957066492,0.371357819000023],[108.957472024,0.372024050000044],[108.957562015,0.372734984000029],[108.957611439,0.373125431000063],[108.957616856,0.373168228000057],[108.957196841,0.374254474000048],[108.956832968,0.374591192000016],[108.956380183,0.375010187000043],[108.956226462,0.375152437000048],[108.956230178,0.375178711000037],[108.956183012,0.375166920000022],[108.95603818,0.375239336000041],[108.955893347,0.375586935000056],[108.95578692,0.375696587000041],[108.955415399,0.376079366000061],[108.955183666,0.376470414000035],[108.955140217,0.37652834800002],[108.955038834,0.377049745000025],[108.954966417,0.37775942600006],[108.954965528,0.377785228000051],[108.954937451,0.37859945600008],[108.955256083,0.378918088000033],[108.956559577,0.378628422000025],[108.95834102,0.377513210000071],[108.95993418,0.376803530000069],[108.960643861,0.376890429000059],[108.960686083,0.377047802000046],[108.960789158,0.377431992000029],[108.960803177,0.377484244000067],[108.960531807,0.37771140200004],[108.958225154,0.379642251000053],[108.9582338,0.379665883000023],[108.958315959,0.379890453000026],[108.957832272,0.380275323000027],[108.957787268,0.38031113200002],[108.95766091,0.380411675000059],[108.957778223,0.380442959000044],[108.957862236,0.380465362000056],[108.958819572,0.380720652000033],[108.958699167,0.380997583000059],[108.958751661,0.38100414500001],[108.958912886,0.38102613000007],[108.959095114,0.381050979000069],[108.959485402,0.381175871000039],[108.959844466,0.381363209000029],[108.9602972,0.381566159000047],[108.960515761,0.381769108000067],[108.960765545,0.38206572700005],[108.960937533,0.382355391000027],[108.961062163,0.382565295000055],[108.961202667,0.382893136000059],[108.961390005,0.38328342300002],[108.961436839,0.383673711000028],[108.961436839,0.383963012000036],[108.961478109,0.383945601000045],[108.961506043,0.38406664500007],[108.961852833,0.385094171000042],[108.961894801,0.385218522000057],[108.962125176,0.385621678000055],[108.962165047,0.385691452000057],[108.962297958,0.385924046000071],[108.962304157,0.385930245000044],[108.962542731,0.386168820000015],[108.962801904,0.386442390000062],[108.96293149,0.386571976000021],[108.962985084,0.386656196000048],[108.963080874,0.38668356400006],[108.963167264,0.38668356400006],[108.963368843,0.386611572000049],[108.963570421,0.386539580000026],[108.963700007,0.386438791000039],[108.963787103,0.386362582000064],[108.963815195,0.386338002000056],[108.963839775,0.386301131000038],[108.963930382,0.386165220000067],[108.964088765,0.385834056000019],[108.964146359,0.385646876000051],[108.96423275,0.385301313000066],[108.964247148,0.384998945000066],[108.964247148,0.384820164000075],[108.964239949,0.384811765000049],[108.964203953,0.384746972000066],[108.964203953,0.384667781000084],[108.964218352,0.384509398000035],[108.96423275,0.384387011000049],[108.964253429,0.384194010000038],[108.964254348,0.384185433000026],[108.964297543,0.383998253000069],[108.96432634,0.383818272000032],[108.964383934,0.38363829100006],[108.964477524,0.383458311000029],[108.96451352,0.383307127000009],[108.964585512,0.383076752000019],[108.964614309,0.382947165000078],[108.964823087,0.38247201600006],[108.964859083,0.382421622000041],[108.965131666,0.382034267000049],[108.965132653,0.382032864000049],[108.965175849,0.382018465000043],[108.965456619,0.381867281000041],[108.965686994,0.381687301000057],[108.965895772,0.381564914000024],[108.96628453,0.381413730000023],[108.966572499,0.381392132000019],[108.966820779,0.381468526000046],[108.966946859,0.381507320000018],[108.967062046,0.381701699000082],[108.967242027,0.381960871000043],[108.96725206,0.381990970000059],[108.967314019,0.382176848000022],[108.967429207,0.382608802000045],[108.967450805,0.382731189000015],[108.967450805,0.382882372000035],[108.967357215,0.38328552900003],[108.96721323,0.383602295000053],[108.967047648,0.383991053000041],[108.966910863,0.38451659700007],[108.966723683,0.384919754000061],[108.966514905,0.38529411400003],[108.966428514,0.385776462000014],[108.966399717,0.386057232000036],[108.966388199,0.386129224000053],[108.966406917,0.386222814000061],[108.966414116,0.386352400000023],[108.966428514,0.38657557600003],[108.966442988,0.386662421000044],[108.96647171,0.386834748000063],[108.966500507,0.387158713000009],[108.966586897,0.387403487000032],[108.966687687,0.387633862000024],[108.966788476,0.387835441000052],[108.966853269,0.387950628000046],[108.966903663,0.388037019000024],[108.967404882,0.388435184000054],[108.967673981,0.388648954000068],[108.968026743,0.38876414100002],[108.968170727,0.388843333000066],[108.96833631,0.388893727000028],[108.96844273,0.388946938000055],[108.968581083,0.389016114000067],[108.96879706,0.38906650900002],[108.969193018,0.389116903000053],[108.969372998,0.389167298000075],[108.969660967,0.389203294000018],[108.969905741,0.38921769200004],[108.97019371,0.389203294000018],[108.970604066,0.38910250500003],[108.970863238,0.388915325000031],[108.971000024,0.388706547000021],[108.971000024,0.388404180000061],[108.970890549,0.388198110000075],[108.970877637,0.388173804000082],[108.970812844,0.388051418000022],[108.970776848,0.38779224500007],[108.970647262,0.387533073000035],[108.97047448,0.387432284000055],[108.970258503,0.387302698000049],[108.970150515,0.387237905000049],[108.969927339,0.387115518000016],[108.969804952,0.38699313100005],[108.969797753,0.38699313100005],[108.9693586,0.386705162000046],[108.969157022,0.38645318900007],[108.969063432,0.386258810000068],[108.968977041,0.386122025000025],[108.968912248,0.385970841000066],[108.968905049,0.385870052000021],[108.968919447,0.385747665000054],[108.968926646,0.385618079000041],[108.968927161,0.385616536000038],[108.96893254,0.38556274300003],[108.968933846,0.385549686000036],[108.96898424,0.385492092000049],[108.969023836,0.385412901000045],[108.969131824,0.385312112000067],[108.969351401,0.385265317000055],[108.969642969,0.385276115000061],[108.970038927,0.385412901000045],[108.970463681,0.385578483000066],[108.970740852,0.385697270000031],[108.971028821,0.38584845400004],[108.971295192,0.385945644000049],[108.971608358,0.386024835000052],[108.971817136,0.386071630000056],[108.97196472,0.38609682700007],[108.972043912,0.386122025000025],[108.972800054,0.386122025000025],[108.973166991,0.386122025000025],[108.973382968,0.385992439000052],[108.973714132,0.385690071000042],[108.973944508,0.385488493000029],[108.974275672,0.385114133000046],[108.974491649,0.384768570000063],[108.974779618,0.384019850000073],[108.974923603,0.383544701000058],[108.975168376,0.382882372000035],[108.975499541,0.382320833000043],[108.975888299,0.38171609800003],[108.975956346,0.38160552100003],[108.976233862,0.381154558000042],[108.976608222,0.380607417000029],[108.976633153,0.380588026000051],[108.977256152,0.380103471000035],[108.977846489,0.380146666000029],[108.977867352,0.380182950000056],[108.978177653,0.380722604000016],[108.978244344,0.38078188400004],[108.978436826,0.380952979000018],[108.978981186,0.381148391000059],[108.978998365,0.381154558000042],[108.979531108,0.38137053500003],[108.980107046,0.381586511000019],[108.980467008,0.381730496000036],[108.981244524,0.381888879000023],[108.981604486,0.381960871000043],[108.981734072,0.382047262000069],[108.982065383,0.382258097000036],[108.982209221,0.382349630000018],[108.982857151,0.382364028000037],[108.983101925,0.382392825000058],[108.98370666,0.382522411000031],[108.983980231,0.382508013000069],[108.984469778,0.382508013000069],[108.984772146,0.382464817000024],[108.98529049,0.382407223000018],[108.985774056,0.382432674000032],[108.985837631,0.382436020000059],[108.986211991,0.382651997000036],[108.986643945,0.38283917700005],[108.987205485,0.38299756000002],[108.987536649,0.383055154000027],[108.987795821,0.383040755000018],[108.987808524,0.383034738000036],[108.987874945,0.383003276000061],[108.988069392,0.382911169000063],[108.988558939,0.382623200000062],[108.988855481,0.382435149000054],[108.989149276,0.382248840000048],[108.989754011,0.381917676000052],[108.990214762,0.381456925000065],[108.990358746,0.381341738000056],[108.991179458,0.381039370000058],[108.991654607,0.380996175000071],[108.991823662,0.381097608000062],[108.991870584,0.381125761000019],[108.992201748,0.381312941000032],[108.992532913,0.381528918000075],[108.992921671,0.381860082000058],[108.993152046,0.382191247000032],[108.993310429,0.382407223000018],[108.993540805,0.382608802000045],[108.993886368,0.382911169000063],[108.994188735,0.383184740000043],[108.994491103,0.383559100000065],[108.994721478,0.383919061000017],[108.99498065,0.384149436000035],[108.995141627,0.384348741000046],[108.995283018,0.384523796000053],[108.995383807,0.384710976000063],[108.995644115,0.385055708000035],[108.99591655,0.385416500000018],[108.996026192,0.385578353000019],[108.996082132,0.385582083000028],[108.996161323,0.385718868000029],[108.99619732,0.385769263000033],[108.996262113,0.385891649000026],[108.996348503,0.386078829000039],[108.996427695,0.38625161100003],[108.996535683,0.386481986000028],[108.996693616,0.386822150000047],[108.996722863,0.386885143000027],[108.996780457,0.387050725000044],[108.996910043,0.387317096000061],[108.996989235,0.387518675000013],[108.997075625,0.387691456000024],[108.997179005,0.387911699000027],[108.997241208,0.388044218000059],[108.997291602,0.388181004000039],[108.997370794,0.388360984000025],[108.997485981,0.38857696100007],[108.997543575,0.388713747000039],[108.997615567,0.388836133000028],[108.997694759,0.388944122000059],[108.997759008,0.389156145000075],[108.997902932,0.389414215000044],[108.997982728,0.38952725900003],[108.998090716,0.38964244700002],[108.998213103,0.389887221000031],[108.9982419,0.389973611000071],[108.998313892,0.390167990000061],[108.998347104,0.390255549000071],[108.998393084,0.390376768000059],[108.998414682,0.390441561000031],[108.998565865,0.391255074000073],[108.998486674,0.391795016000055],[108.998558666,0.392205372000035],[108.998508272,0.392766912000062],[108.998493873,0.393054881000058],[108.998493873,0.393328451000056],[108.998473686,0.393688455000065],[108.998450678,0.394098769000041],[108.998472275,0.394199558000019],[108.998609061,0.394609914000051],[108.998652256,0.394797094000068],[108.998738647,0.395092262000042],[108.998904229,0.395351434000019],[108.999048214,0.395574610000033],[108.999098608,0.395632204000027],[108.99973214,0.396107353000047],[108.999816199,0.39611575900006],[108.999876125,0.396121752000045],[109.000466461,0.396179345000061],[109.000725634,0.396179345000061],[109.000999204,0.396164947000033],[109.001272775,0.396049759000048],[109.00150315,0.395862579000035],[109.00169033,0.395560212000025],[109.00187751,0.395272243000023],[109.002107885,0.394912281000067],[109.002208674,0.394696305000022],[109.002381456,0.394278749000022],[109.00252544,0.393918788000064],[109.002727019,0.393645217000035],[109.003072582,0.393256459000044],[109.003533332,0.392954091000027],[109.003864497,0.392795708000053],[109.004440435,0.392738115000044],[109.005088365,0.392738115000044],[109.005462725,0.392867701000053],[109.005556793,0.392974596000041],[109.005779491,0.393227662000059],[109.00598107,0.393558827000046],[109.006139453,0.39377480300005],[109.006264778,0.393989646000012],[109.006341031,0.394120366000034],[109.006406304,0.394340661000057],[109.006385545,0.394579394000055],[109.006398625,0.394609914000051],[109.006398625,0.394869086000024],[109.006398625,0.395085063000057],[109.006427422,0.395315438000057],[109.006427422,0.395776189000054],[109.006297836,0.396366525000073],[109.006110656,0.396740885000032],[109.005837085,0.397331222000051],[109.005635507,0.397662386000027],[109.005549116,0.397878363000068],[109.005477124,0.398209527000066],[109.005426919,0.398474893000071],[109.00544934,0.398624366000023],[109.00560334,0.399651070000058],[109.005702793,0.399750523000025],[109.005736296,0.399879748000046],[109.005894679,0.400297303000053],[109.005911273,0.400331598000038],[109.006110656,0.400743656000018],[109.006240242,0.400902039000059],[109.006715391,0.40119000800007],[109.006931368,0.401305195000013],[109.00737772,0.401434781000034],[109.007824072,0.40146357800006],[109.008256025,0.401434781000034],[109.008817565,0.401262000000001],[109.009263917,0.40119000800007],[109.009911848,0.401046023000042],[109.010273574,0.401005832000062],[109.010300606,0.401002828000068],[109.010674966,0.401089218000032],[109.011207709,0.401391586000041],[109.011481279,0.401650758000063],[109.011783647,0.402068313000019],[109.012143608,0.402586658000061],[109.012373984,0.402889025000039],[109.012762742,0.403205791000052],[109.012921125,0.40324898700004],[109.013281086,0.403292182000025],[109.013511461,0.403133799000041],[109.013741837,0.402831431000042],[109.013943415,0.402125907000028],[109.014130595,0.401679555000038],[109.014346572,0.401290797000056],[109.014677736,0.400772452000063],[109.014908112,0.400282905000032],[109.015066495,0.399937342000031],[109.015397659,0.399361404000033],[109.015455253,0.399217419000025],[109.015556042,0.399044638000022],[109.01575762,0.398569489000067],[109.015815214,0.398310317000039],[109.015987996,0.398007949000029],[109.016261566,0.397748777000057],[109.0168807,0.397216034000043],[109.017370247,0.396942463000065],[109.017759006,0.396683291000035],[109.018133365,0.396380924000021],[109.01827735,0.395992165000048],[109.018493327,0.39535863300005],[109.018594116,0.394955477000053],[109.018766897,0.39456671800002],[109.018824491,0.394278749000022],[109.018954077,0.393990780000015],[109.019198851,0.393803600000064],[109.019674,0.393875593000071],[109.019918774,0.394091569000067],[109.020134751,0.394321945000051],[109.020581103,0.394825891000028],[109.020984259,0.395243446000047],[109.021272229,0.39587697800004],[109.021430612,0.396222541000042],[109.021804971,0.396683291000035],[109.022121737,0.39710084600006],[109.02238091,0.397446409000042],[109.022611285,0.397791972000043],[109.022913652,0.39878546600004],[109.022928051,0.399159825000031],[109.023014442,0.39970696700004],[109.023014442,0.400110123000042],[109.023057637,0.400628468000033],[109.023273614,0.40110361700004],[109.023518388,0.40146357800006],[109.024065529,0.401837938000024],[109.02423831,0.401996321000064],[109.024396693,0.402111509000061],[109.025015827,0.402370681000029],[109.025303796,0.402543462000033],[109.025584682,0.402501850000017],[109.025623558,0.402496090000048],[109.025908531,0.402845830000048],[109.026052516,0.402961018000045],[109.026182102,0.40310500200007],[109.02657086,0.403277784000062],[109.027074806,0.403349776000016],[109.027607549,0.403335377000073],[109.028226682,0.403133799000041],[109.028629839,0.403033010000052],[109.029637731,0.402889025000039],[109.030156075,0.402773838000029],[109.030660021,0.40248586900003],[109.03094799,0.402212298000056],[109.031178365,0.402025118000027],[109.031595921,0.401650758000063],[109.031826296,0.401377188000028],[109.031984679,0.401132414000076],[109.032301445,0.400830046000067],[109.032503023,0.400786851000016],[109.033251743,0.400599671000062],[109.033798884,0.400527679000047],[109.034187642,0.400657265000058],[109.034633995,0.400714859000058],[109.035137941,0.400772452000063],[109.035569894,0.400858843000031],[109.035987449,0.400930835000051],[109.036405005,0.40091643700002],[109.036851357,0.400858843000031],[109.03719692,0.400844445000075],[109.03765767,0.400772452000063],[109.038017631,0.400657265000058],[109.038463984,0.400398093000033],[109.038575553,0.400253053000028],[109.038651163,0.400239710000045],[109.038751953,0.400124522000057],[109.038838343,0.400038131000035],[109.038910336,0.399966139000062],[109.038967929,0.399807756000024],[109.039011125,0.399663771000054],[109.03905432,0.399577381000024],[109.03905432,0.399574501000072],[109.039140711,0.399562982000019],[109.039140711,0.399361404000033],[109.039111914,0.399217419000025],[109.038996726,0.39911663000004],[109.038956854,0.39906789700007],[109.03886714,0.398958247000039],[109.038636765,0.398857458000064],[109.038176014,0.398771067000034],[109.037758459,0.39879986400006],[109.037326506,0.398828661000028],[109.036548989,0.398929450000024],[109.035915457,0.399131029000033],[109.03561309,0.399174224000033],[109.03523873,0.399131029000033],[109.034993956,0.399044638000022],[109.034878768,0.398828661000028],[109.034849971,0.398641481000018],[109.034936362,0.398209527000066],[109.034993956,0.398108738000076],[109.035035424,0.398030411000031],[109.035109144,0.397993551000065],[109.03532512,0.397806371000048],[109.035497902,0.397633589000062],[109.035713879,0.397360019000073],[109.036045043,0.39720163600004],[109.036491395,0.397057651000062],[109.036851357,0.396884870000063],[109.037211318,0.396712088000068],[109.037686467,0.396524908000055],[109.037960038,0.396409721000055],[109.038291202,0.39619374400006],[109.038478382,0.39593457200004],[109.038622367,0.395617806000063],[109.03905432,0.395128258000057],[109.039299094,0.395085063000057],[109.039774243,0.395085063000057],[109.040479767,0.395070664000051],[109.040911721,0.395200250000064],[109.041430065,0.395430626000066],[109.041804425,0.395718595000047],[109.042121191,0.39593457200004],[109.042538746,0.396121752000045],[109.0429707,0.396294533000054],[109.043474646,0.396539307000062],[109.043935396,0.396784080000022],[109.044309756,0.396942463000065],[109.044756108,0.39720163600004],[109.045260054,0.397547199000022],[109.045291937,0.397573767000038],[109.045377042,0.397545399000021],[109.045492229,0.397674985000033],[109.045679409,0.397862165000048],[109.045837792,0.398006149000024],[109.046062243,0.398143314000037],[109.046096964,0.398164532000061],[109.046125761,0.398193329000036],[109.046208274,0.398186728000031],[109.046485723,0.398164532000061],[109.046644106,0.398078142000033],[109.046874481,0.397818969000062],[109.046917676,0.397617391000036],[109.046960872,0.397257430000012],[109.046941388,0.397043109000031],[109.04741238,0.397493623000067],[109.047424885,0.397112225000048],[109.046134513,0.395939159000023],[109.045899899,0.395176666000051],[109.048304685,0.396115119000052],[109.049888324,0.396173772000048],[109.050826776,0.395939159000023],[109.051354656,0.395176666000051],[109.051589269,0.394355520000036],[109.053114255,0.393534374000061],[109.055225774,0.392830534000029],[109.05604692,0.39253726700003],[109.056340187,0.39253726700003],[109.057044026,0.393065147000062],[109.056340187,0.393417067000023],[109.055108467,0.393886293000037],[109.054815201,0.394179560000055],[109.054756547,0.394883399000033],[109.055695,0.395176666000051],[109.056516146,0.395469932000025],[109.057161333,0.395939159000023],[109.058510359,0.39670165200004],[109.059918038,0.396760305000037],[109.060328611,0.396760305000037],[109.060973797,0.397112225000048],[109.061853597,0.39816798400005],[109.062322823,0.399165090000048],[109.063026663,0.40010354300006],[109.063847809,0.399165090000048],[109.064199729,0.398402597000021],[109.064551648,0.398813170000031],[109.064844915,0.400338156000034],[109.065372795,0.401511222000068],[109.065783368,0.402156408000046],[109.064668955,0.402977555000067],[109.063847809,0.402742941000036],[109.064434342,0.40415062100004],[109.065196835,0.405089073000059],[109.065275575,0.405482774000061],[109.065314141,0.405499646000069],[109.065842021,0.406379446000071],[109.066311247,0.407200592000035],[109.067660273,0.407435205000066],[109.068481419,0.40696597900005],[109.068950646,0.406379446000071],[109.069361219,0.406203486000037],[109.069654485,0.407200592000035],[109.070768898,0.408666925000031],[109.071120818,0.408784231000016],[109.072000617,0.40731789900001],[109.073584256,0.407083286000047],[109.07399483,0.407141939000029],[109.074640016,0.40749385900005],[109.074522709,0.409077498000042],[109.074288096,0.409370764000074],[109.073877523,0.410133257000044],[109.073056377,0.412127469000033],[109.073232337,0.412479389000039],[109.074229443,0.412244776000021],[109.075226549,0.41083709700007],[109.076282308,0.410426524000047],[109.077514027,0.410719790000034],[109.077220761,0.411658243000026],[109.076223655,0.41236208200006],[109.076106348,0.413183229000024],[109.077103454,0.413359189000051],[109.07810056,0.413535148000038],[109.07950824,0.414297641000076],[109.079625546,0.414884174000067],[109.079625546,0.415118788000024],[109.079214973,0.416233200000019],[109.078159214,0.41816875900001],[109.077572681,0.419048559000029],[109.077919644,0.419525633000041],[109.07889238,0.419136538000019],[109.079889486,0.419605765000027],[109.081355819,0.419781725000062],[109.082059658,0.419781725000062],[109.082763498,0.419840378000052],[109.083643297,0.420016338000036],[109.08475771,0.42036825800005],[109.085930776,0.42030960400007],[109.085995762,0.42031682500005],[109.086458656,0.42036825800005],[109.086634615,0.421130751000012],[109.086670955,0.421603165000016],[109.086487982,0.421629304000009],[109.085989429,0.421717284000068],[109.085725489,0.421834590000049],[109.084816363,0.422186510000072],[109.083995217,0.422391797000042],[109.083936564,0.422890350000043],[109.084181377,0.423110682000065],[109.084279405,0.423424371000064],[109.084640403,0.423359576000055],[109.085344243,0.423066310000027],[109.085666836,0.422890350000043],[109.085989429,0.422773043000066],[109.086341349,0.422714390000062],[109.086517309,0.42274371600006],[109.086722595,0.42283169600006],[109.086758439,0.42291931400007],[109.087074515,0.42274371600006],[109.087602395,0.422802370000053],[109.087983641,0.422802370000053],[109.088599501,0.422626410000018],[109.089156707,0.422450450000043],[109.08965526,0.422685063000069],[109.089948527,0.422949003000041],[109.0899192,0.423330249000057],[109.0899192,0.423858129000055],[109.090036507,0.424268702000057],[109.09000718,0.424620622000014],[109.089948527,0.425001868000043],[109.089916826,0.425070552000011],[109.089948527,0.42508984800003],[109.09044708,0.425793688000054],[109.090352427,0.425955950000057],[109.09044708,0.425998974000033],[109.090681693,0.426116281000019],[109.090916306,0.42620426100007],[109.091326879,0.426380221000052],[109.091708126,0.426556181000023],[109.092441292,0.426526854000018],[109.092675905,0.426321568000043],[109.092763885,0.426262914000052],[109.092784833,0.426241967000062],[109.092763885,0.426116281000019],[109.092587925,0.425529748000025],[109.092523425,0.425284648000058],[109.092294659,0.424840572000044],[109.092265332,0.423814139000048],[109.092338649,0.422597083000021],[109.092573262,0.421453344000041],[109.093101142,0.420529554000031],[109.093159882,0.420453351000036],[109.093262438,0.420192298000079],[109.093483251,0.41961818600003],[109.093482388,0.419605765000027],[109.093511715,0.418828609000064],[109.093570368,0.41824207600007],[109.093760991,0.417948809000044],[109.094590773,0.417921150000041],[109.094640791,0.417919483000055],[109.095417947,0.417860829000058],[109.096151113,0.41761155300003],[109.09623002,0.417607795000041],[109.096459043,0.41759688900004],[109.096737646,0.417714196000012],[109.096777623,0.417902658000061],[109.096781636,0.417904819000063],[109.096898943,0.41834471900006],[109.096869616,0.419341825000056],[109.096957596,0.420221625000065],[109.096957596,0.421130751000012],[109.097104229,0.422069203000029],[109.097250863,0.42265573600002],[109.097679593,0.422822465000012],[109.097866722,0.422538430000037],[109.098614552,0.422318480000046],[109.099289065,0.422479777000032],[109.099333055,0.422567756000029],[109.099338627,0.422572493000078],[109.099421035,0.422509103000034],[109.099701704,0.422549199000054],[109.099890261,0.422729053000057],[109.100350643,0.422879178000069],[109.100418141,0.422919676000046],[109.100748153,0.423124191000045],[109.100784724,0.423036983000031],[109.10120996,0.42274371600006],[109.101576543,0.422406460000047],[109.10178183,0.422113193000035],[109.102179007,0.422031721000048],[109.10213375,0.421922570000036],[109.10169385,0.421585314000026],[109.10129794,0.421248057000067],[109.101048664,0.420984117000044],[109.10085804,0.42085214700005],[109.100330161,0.42061753400002],[109.100242181,0.420324268000052],[109.1014739,0.42063219800001],[109.101552739,0.420658477000073],[109.100961081,0.419853822000048],[109.100981423,0.419833863000063],[109.10178183,0.419048559000029],[109.100235093,0.417767306000035],[109.099815673,0.407894820000021],[109.099684709,0.404812120000033],[109.099559381,0.401862079000057],[109.099038154,0.401948950000073],[109.098483211,0.401648981000042],[109.094912062,0.39971863100004],[109.088118356,0.396339378000046],[109.074309552,0.389470749000059],[109.075244373,0.375873350000056],[109.074305364,0.37586908200005],[109.051350829,0.37576474200005],[109.051332375,0.375801651000062],[109.051278588,0.375764414000065],[109.051190657,0.375703539000015],[109.051180721,0.375708507000069],[109.051174947,0.375763943000033],[109.051168543,0.375825419000018],[109.050999237,0.375890063000035],[109.049515936,0.376456414000072],[109.048713324,0.376667627000066],[109.048708092,0.376691372000041],[109.021019212,0.381257092000059],[109.015111581,0.382231222000018],[109.014933103,0.382260652000068],[109.014158557,0.382028854000058],[109.01413468,0.382021293000043],[109.012234125,0.381419451000062],[109.012233655,0.381419302000039],[109.012228649,0.381417717000022],[109.012146753,0.381391783000016],[109.012149923,0.381420317000054],[109.012113219,0.381403223000061],[109.012128223,0.381369754000045],[109.012146753,0.381328418000069],[109.011808352,0.381219647000018],[109.011520067,0.381126984000043],[109.004801979,0.377998274000047],[109.004815615,0.37798358900005],[109.002143665,0.376418589000025],[109.000244749,0.375306367000056],[108.997863118,0.373911412000037],[108.997820333,0.373902278000059],[108.993435061,0.372966096000033],[108.99043641,0.372325935000044],[108.989656191,0.372159371000065],[108.98832111,0.37187435400006],[108.986326715,0.371448584000055],[108.984383144,0.37103366400004],[108.984335049,0.371023397000038],[108.984020019,0.370957854000032],[108.983802868,0.370912675000054],[108.981977369,0.370532873000047],[108.980881186,0.37030480800006],[108.978644611,0.369839481000041],[108.977288956,0.369557432000015],[108.977259737,0.369530228000029],[108.975150524,0.369173284000041],[108.973176359,0.368839195000008],[108.972234531,0.368679809000067],[108.970413099,0.36837156600006],[108.970360432,0.368379090000063],[108.970360432,0.369187896000028],[108.970344088,0.369200003000051]]]]},"properties":{"gid":6506,"luas":33.52016698055412,"kdkab":"04","kdkec":"101","nmkab":"MEMPAWAH","nmkec":"MEMPAWAH TIMUR","iddesa":"6104101007","kddesa":"007","kdprov":"61","nmdesa":"SEJEGI","nmprov":"KALIMANTAN BARAT","rw_dki":"","sumber":"BPS","periode":"2023_1"}},{"id":6507,"type":"Feature","geometry":{"type":"MultiPolygon","coordinates":[[[[109.023481762,0.302367160000066],[109.023400067,0.302226277000045],[109.022522077,0.300431704000054],[109.022508563,0.300409744000037],[109.02250941,0.300396871000034],[109.020020136,0.296083804000027],[109.01999823,0.296045848000059],[109.019852131,0.296245075000057],[109.01787668,0.297114998000043],[109.017779982,0.297157580000028],[109.017205216,0.297410689000049],[109.01708875,0.297319788000035],[109.015996995,0.29791529100003],[109.015299384,0.298225340000037],[109.014960306,0.298376042000023],[109.014751552,0.298493466000022],[109.013117304,0.299412730000022],[109.012369906,0.299679658000054],[109.01231099,0.299700699000016],[109.011447083,0.300103856000013],[109.01064077,0.300449419000074],[109.009875137,0.300602545000058],[109.009920933,0.300852970000046],[109.010332209,0.301922296000035],[109.010422923,0.302158153000044],[109.010786391,0.303612020000056],[109.010890103,0.304026867000055],[109.010858581,0.304037839000048],[109.010886026,0.304065283000046],[109.01126048,0.304439732000041],[109.011285436,0.304464688000052],[109.011298514,0.304477766000044],[109.011310348,0.304539894000072],[109.011334004,0.304664086000058],[109.011346911,0.304731844000052],[109.011373267,0.304870210000044],[109.011432403,0.305180669000031],[109.011483498,0.305286790000033],[109.011655682,0.305644397000038],[109.011721509,0.305781113000012],[109.011822707,0.305991291000057],[109.011867539,0.306084402000068],[109.011883781,0.306133126000025],[109.011968512,0.306387315000051],[109.012001427,0.30648606100004],[109.011995091,0.306517743000023],[109.012084555,0.306747947000014],[109.012157639,0.306936002000028],[109.012173317,0.30697634400002],[109.012175407,0.306978996000054],[109.012187435,0.30699425500005],[109.012211199,0.307024402000023],[109.012500461,0.307391371000042],[109.012500496,0.307391416000032],[109.012547641,0.307451226000059],[109.013031637,0.308881194000042],[109.013088537,0.309049304000033],[109.013424016,0.310040478000072],[109.013444819,0.310101940000029],[109.013516238,0.310312949000032],[109.013600271,0.310561224000024],[109.013832323,0.311246823000033],[109.013915619,0.311492921000022],[109.01397046,0.311654949000055],[109.014018989,0.311798328000061],[109.013985795,0.311941475000024],[109.013953423,0.312081075000036],[109.01399477,0.312014626000054],[109.014311591,0.313070694000026],[109.014311591,0.313220891000071],[109.014627696,0.314251160000028],[109.014628411,0.314253492000031],[109.014596058,0.314325810000068],[109.014848637,0.315213061000072],[109.014949208,0.315566345000036],[109.015241268,0.316592288000037],[109.015357993,0.317002317000055],[109.015358017,0.317002357000031],[109.015359639,0.31700810100006],[109.015359656,0.317008160000056],[109.015401413,0.317154838000027],[109.015401423,0.317154877000063],[109.015447024,0.317315063000013],[109.015482098,0.317426999999995],[109.015578895,0.317735924000026],[109.015640585,0.317932804000064],[109.015766812,0.318335654000065],[109.016090454,0.319368508000025],[109.016090474,0.319368552000075],[109.016980231,0.322208254000034],[109.017023491,0.322346317000039],[109.017065252,0.322479597000028],[109.017332599,0.323332795000061],[109.017332619,0.323332839000047],[109.017364878,0.323435853000029],[109.017364905,0.323435860000079],[109.021397446,0.324538777000041],[109.021408964,0.324541927000034],[109.021409487,0.324541882000062],[109.021409407,0.324541928000028],[109.021409265,0.324542010000062],[109.021409332,0.324542028000045],[109.02168158,0.32461648900005],[109.024310828,0.325335599000025],[109.025278924,0.325600377000061],[109.025337258,0.325616332000026],[109.02757687,0.330022128000046],[109.027647573,0.330161215000023],[109.027777066,0.330415956000015],[109.02777955,0.330420843000077],[109.02842794,0.331696363000036],[109.028396371,0.331730689000033],[109.028402252,0.331738072000061],[109.028381938,0.331746382000055],[109.028263974,0.33187464400003],[109.028137688,0.332011955000045],[109.023334791,0.337234153000051],[109.022180804,0.33848888400006],[109.022654014,0.340070887000021],[109.022886165,0.340846999999997],[109.022892254,0.340849298000022],[109.022897974,0.34088648000004],[109.022909279,0.340959961000067],[109.02291319,0.34098538700004],[109.022918729,0.340983946000044],[109.02291475,0.340958081000047],[109.022918959,0.340956635000042],[109.023721173,0.343638551000025],[109.023743825,0.343714278000052],[109.023744129,0.343715294000057],[109.02375823,0.343711244000077],[109.024201779,0.345168619000054],[109.024183751,0.345185009000031],[109.024353404,0.345752184000053],[109.024623686,0.34665577300007],[109.024943293,0.347724264000021],[109.025091557,0.348219930000017],[109.026026715,0.351346292000063],[109.026026423,0.351346337000054],[109.026036078,0.351377592000062],[109.026086862,0.351541995000044],[109.026085575,0.351543068000068],[109.026161705,0.351797580000028],[109.02649298,0.352905079000036],[109.02674592,0.353750694000044],[109.026641931,0.354227312000028],[109.026842838,0.354779805000028],[109.026842958,0.354780136000048],[109.027035962,0.354780136000048],[109.027779218,0.354780136000048],[109.049027562,0.345340744000052],[109.049027562,0.345275481000042],[109.049241488,0.344954591000028],[109.049455415,0.344901109000035],[109.049703341,0.344788416000024],[109.04971534,0.344734739000037],[109.04961586,0.344526737000019],[109.049375193,0.344018661000054],[109.049134525,0.343443733000078],[109.048693301,0.342949027000026],[109.04835904,0.342628137000014],[109.048278884,0.342447786000027],[109.048212137,0.342478453000073],[109.047271808,0.340709358000026],[109.04705632,0.340302712000034],[109.046490332,0.33923463800005],[109.045863051,0.338312166000038],[109.044980526,0.337014335000051],[109.044689354,0.336586141000054],[109.043224549,0.334432015000062],[109.041786384,0.332317067000013],[109.041054223,0.331240360000035],[109.04077499,0.330829723000029],[109.040514527,0.330356882000053],[109.039750677,0.328970200000072],[109.03951082,0.328534769000036],[109.038035972,0.326318511000065],[109.037981626,0.32623684500004],[109.036754901,0.324393442000017],[109.034709055,0.321319144000019],[109.034665337,0.321064549000022],[109.034213391,0.320353152000043],[109.034124267,0.320212864000034],[109.03361562,0.319412216000043],[109.032429044,0.317544458000032],[109.032171005,0.317351670000049],[109.030770461,0.314936447000027],[109.029652364,0.31300830100003],[109.029180491,0.312194560000019],[109.029037739,0.312233206000027],[109.028898899,0.311991521000038],[109.028806723,0.311917317000051],[109.028464154,0.311303199000059],[109.028003648,0.310477658000016],[109.027241439,0.309111260000059],[109.026758801,0.308341578000056],[109.025484528,0.306309448000032],[109.024910173,0.305393503000058],[109.024127019,0.304144578000027],[109.023625666,0.303345052000049],[109.023647803,0.303282898000019],[109.023564626,0.302824164000068],[109.023481762,0.302367160000066]]]]},"properties":{"gid":6507,"luas":11.174757858890793,"kdkab":"04","kdkec":"101","nmkab":"MEMPAWAH","nmkec":"MEMPAWAH TIMUR","iddesa":"6104101008","kddesa":"008","kdprov":"61","nmdesa":"PARIT BANJAR","nmprov":"KALIMANTAN BARAT","rw_dki":"","sumber":"BPS","periode":"2023_1"}},{"id":6508,"type":"Feature","geometry":{"type":"MultiPolygon","coordinates":[[[[108.963733548,0.337655186000066],[108.963700342,0.337655186000066],[108.963260361,0.337522362000066],[108.962621144,0.33737293400002],[108.962172861,0.337281617000026],[108.96194872,0.337215205000063],[108.961799292,0.337157095000053],[108.961558548,0.337173698000069],[108.96124309,0.337090682000055],[108.961035552,0.337074079000035],[108.960562365,0.336908049000041],[108.960064274,0.336758621000046],[108.959126201,0.336883144000056],[108.95911865,0.336892853000046],[108.9591179,0.336874843000027],[108.957839209,0.337218529000041],[108.953023245,0.338512960000053],[108.952044999,0.338775892000052],[108.951804255,0.338908717000031],[108.951688034,0.338925320000042],[108.951380877,0.339049843000048],[108.951406809,0.339068365000057],[108.951422696,0.339079713000046],[108.951403622,0.33908025800002],[108.951403865,0.339079580000028],[108.951387424,0.339079996000058],[108.950430827,0.339104213000043],[108.950429322,0.339108095000024],[108.95030379,0.339111682000071],[108.950013274,0.339131717000041],[108.950003852,0.33913236700005],[108.949995356,0.339132953000052],[108.949849882,0.339142986000068],[108.949355147,0.339198643000022],[108.949298949,0.339180981000024],[108.949275441,0.339182602000048],[108.948814458,0.33928898300008],[108.948211633,0.33928898300008],[108.947608808,0.33925352300001],[108.946899602,0.338792539000042],[108.946872182,0.338765119000073],[108.946486823,0.33900917900007],[108.945529395,0.33915102000003],[108.945139332,0.33886733800005],[108.945002767,0.338601396000057],[108.944963631,0.33864379300007],[108.94496929,0.338667844000036],[108.94448128,0.339274558000055],[108.944271209,0.339393917000046],[108.944070446,0.339507987000047],[108.943900944,0.339604294000017],[108.943610392,0.339692008000035],[108.94353715,0.339721305000072],[108.943512591,0.339731129000027],[108.943467606,0.339764300000067],[108.943465693,0.339749378000024],[108.943476807,0.339732336000059],[108.943201904,0.339815326000053],[108.943155016,0.33979595900006],[108.942727083,0.340145062000024],[108.942384158,0.340356093000022],[108.941711496,0.340764966000042],[108.941513654,0.340962808000022],[108.940959697,0.341173839000017],[108.940273846,0.34123978600007],[108.939535237,0.341134270000052],[108.939020848,0.34112108100003],[108.938972709,0.341164114000029],[108.938969642,0.341162909000051],[108.938679976,0.341104976000044],[108.938346861,0.341090493000018],[108.938057196,0.341090493000018],[108.937695114,0.341148426000074],[108.937405448,0.341177393000057],[108.936956467,0.341177393000057],[108.936909935,0.341158609000036],[108.936788954,0.341274091000061],[108.936753701,0.341307742000024],[108.936840601,0.341409125000038],[108.937188199,0.341756724000037],[108.937651664,0.342118805000037],[108.938187545,0.342756069000074],[108.938786929,0.343417889000026],[108.938791177,0.343417720000044],[108.938891285,0.343362488000026],[108.939268218,0.343362488000026],[108.939505546,0.343460211000033],[108.939959261,0.343655658000046],[108.940126787,0.343844124000044],[108.940378075,0.344388582000022],[108.940538621,0.344758535000036],[108.940636344,0.344947001000037],[108.940720107,0.345051705000057],[108.940755008,0.34517036900007],[108.940713126,0.345282053000057],[108.940629364,0.345393736000065],[108.940552581,0.345463539000026],[108.940454858,0.345554282000011],[108.940348666,0.34562728900004],[108.940606252,0.346232055000026],[108.940985351,0.34696217200007],[108.940979196,0.347010531000021],[108.941784436,0.348477219000061],[108.941790259,0.348487825000054],[108.941798911,0.348493016000013],[108.941919456,0.348868045000062],[108.941920609,0.348871632000047],[108.942045221,0.349200155000062],[108.942044196,0.349200668000036],[108.942033312,0.349194017000061],[108.941920824,0.349248011000037],[108.941929848,0.349362306000039],[108.941934323,0.349418993000028],[108.94244559,0.354229350000019],[108.942451768,0.354287476000022],[108.943108698,0.353950012000033],[108.944081065,0.354890885000029],[108.944119905,0.354857593000013],[108.944316207,0.354824876000068],[108.944381886,0.354861364000043],[108.945010586,0.354806807000038],[108.945224304,0.354788261000056],[108.945399441,0.354772168000074],[108.945478603,0.354766194000041],[108.945593735,0.354757505000054],[108.945594603,0.354756128000011],[108.950456186,0.354334256000071],[108.95047049,0.354333015000061],[108.950483844,0.354320963000022],[108.950495916,0.354329185000035],[108.952629632,0.355782319000073],[108.953003934,0.356037231000059],[108.952985455,0.356036351000045],[108.952993922,0.356043501000048],[108.952536848,0.356565871000044],[108.952969434,0.356984502000042],[108.952974967,0.356985886000067],[108.952981915,0.356980736000025],[108.95317002,0.357135418000046],[108.953768486,0.357627545000078],[108.953801314,0.357654540000061],[108.953801679,0.357653758000023],[108.953804135,0.357648495000028],[108.953836124,0.357632501000071],[108.953835296,0.357629035000058],[108.954539161,0.356960540000041],[108.954549295,0.356954910000071],[108.954560886,0.356938815000025],[108.954625556,0.35687714500005],[108.955263324,0.356268964000032],[108.955266978,0.356279619000014],[108.955268756,0.356277714000036],[108.956941383,0.357576142000012],[108.957042366,0.357285559000038],[108.957105718,0.357103261000011],[108.95719522,0.35714394400003],[108.957265034,0.35717567700004],[108.95756429,0.357281390000026],[108.957983911,0.357429621000042],[108.957992936,0.35743280900005],[108.958435161,0.355818172000043],[108.958811693,0.355916488000048],[108.958829831,0.35587429400004],[108.958830178,0.355874485000067],[108.958834674,0.355876947000072],[108.958812681,0.355914936000031],[108.959180741,0.356026048000037],[108.959194359,0.355997451000056],[108.959669308,0.356151070000065],[108.959908363,0.356228390000071],[108.960319249,0.356361288000062],[108.960437749,0.356399616000031],[108.960456646,0.356368853000043],[108.960459554,0.356355879000026],[108.960462044,0.356353651000064],[108.960687914,0.355951840000039],[108.96069282,0.355954202000019],[108.960699983,0.355941280000019],[108.96080315,0.355988048000026],[108.960827919,0.355988048000026],[108.960992063,0.356045982000068],[108.961706349,0.356467411000045],[108.962111812,0.356823197000046],[108.962109477,0.356832694000044],[108.962186618,0.356901990000037],[108.962230121,0.356941069000062],[108.962238163,0.356940796000056],[108.962260793,0.356986055000056],[108.962279196,0.357006503000039],[108.962299644,0.357057623000058],[108.962313958,0.357092385000035],[108.962328271,0.357153729000057],[108.962377347,0.357198715000036],[108.962440736,0.357219163000025],[108.96256138,0.357223253000022],[108.962632949,0.357194626000011],[108.962633218,0.357194451000052],[108.962634993,0.357196670000058],[108.96266345,0.357200465000059],[108.962603721,0.357421463000029],[108.962644798,0.35743011100004],[108.962781105,0.357689095000061],[108.962884449,0.357885447000048],[108.9629154,0.357878187000034],[108.963239536,0.35628293400003],[108.964675899,0.354992749000077],[108.966353775,0.354941904000041],[108.966826128,0.35508777800004],[108.966858113,0.355125954000075],[108.966951968,0.355360592000062],[108.967068779,0.355652619000067],[108.967527234,0.356352365000011],[108.96756911,0.356416282000048],[108.967779776,0.357021946000025],[108.967811924,0.357079813000039],[108.968043109,0.35749594400005],[108.968596106,0.358022609000042],[108.968605247,0.358028093000033],[108.968619997,0.358069393000047],[108.968570278,0.358221036000029],[108.968575516,0.358223524000027],[108.968624404,0.358246746000008],[108.968824755,0.358282102000027],[108.968921777,0.358286722000054],[108.969080449,0.358302589000058],[108.969217738,0.358313150000074],[108.969333905,0.358313150000074],[108.96940783,0.358302589000058],[108.969629604,0.358302589000058],[108.969756333,0.358281468000026],[108.969798575,0.358270907000063],[108.969837653,0.358208384000017],[108.969850728,0.358228542000058],[108.969858457,0.358225714000069],[108.969846585,0.358209526000043],[108.970334099,0.357943609000074],[108.970464104,0.357709601000069],[108.970597431,0.357469611000054],[108.970623765,0.35691661300007],[108.970620921,0.356834145000056],[108.970793642,0.356763330000028],[108.970615898,0.356688490000071],[108.970597431,0.356152950000023],[108.970549705,0.355985907000044],[108.970525928,0.355902690000046],[108.970492098,0.355784285000017],[108.970202433,0.35507328800002],[108.9700181,0.354388624000018],[108.969958748,0.353928639000057],[108.969949078,0.353853703000021],[108.969944686,0.353642886000048],[108.96993978,0.353407361000056],[108.969946239,0.353405957000071],[108.97011521,0.352983529000022],[108.970284181,0.352645587000029],[108.970368667,0.352307645000058],[108.970368667,0.352096431000056],[108.970368667,0.351909866000018],[108.970368667,0.351842975000057],[108.970368667,0.351462790000023],[108.970368667,0.351251576000036],[108.970342671,0.351186587000019],[108.970358671,0.351122587000017],[108.970368667,0.351082605000037],[108.970368667,0.350955877000036],[108.970157453,0.350617935000064],[108.970001839,0.350534143000051],[108.970000638,0.350532942000024],[108.96985833,0.350421570000034],[108.969728396,0.350347323000041],[108.969617025,0.350291637000049],[108.969493279,0.350235951000064],[108.96940535,0.350235951000064],[108.969164748,0.35030111400004],[108.969157021,0.350253205000047],[108.96913434,0.350298567000036],[108.969085094,0.350284824000021],[108.969059142,0.350258872000038],[108.969043949,0.350255074000073],[108.968805685,0.35019550700001],[108.968531107,0.350237750000015],[108.968509986,0.350237750000015],[108.967897466,0.350343357000038],[108.967821914,0.35040379900004],[108.967742271,0.350415383000037],[108.967534886,0.350450935000025],[108.967358445,0.350333307000021],[108.966793984,0.350129141000023],[108.966785697,0.349905392000042],[108.966469698,0.34922072800003],[108.966463713,0.349213745000049],[108.9661537,0.348852063000036],[108.965311036,0.347798734000032],[108.964671703,0.347068068000047],[108.96471742,0.346984547000039],[108.96465625,0.346861051000068],[108.964536781,0.34665198100004],[108.964518512,0.346610223000032],[108.964480568,0.346523495000038],[108.964456854,0.346496393000048],[108.964368143,0.346395010000029],[108.964231628,0.34621834200004],[108.964151324,0.346073796000032],[108.963998748,0.345784704000034],[108.963950566,0.345656218000042],[108.963948827,0.345597117000069],[108.963896361,0.345533756000054],[108.963739769,0.345256709000056],[108.963675526,0.344931480000073],[108.963683557,0.34472670600008],[108.963703633,0.344586175000068],[108.963723708,0.344449659000012],[108.96375583,0.344337234000028],[108.963799997,0.344204734000069],[108.963821595,0.344115018000022],[108.964257708,0.343322086000056],[108.964249931,0.343301867000029],[108.964398361,0.343140341000027],[108.964664396,0.342994775000012],[108.965284703,0.342953421000063],[108.966627698,0.343058754000015],[108.967180695,0.343374753000033],[108.968570963,0.343982995000024],[108.968754783,0.344063416000037],[108.969122506,0.344450493000067],[108.969354841,0.344640585000034],[108.970072968,0.345020770000085],[108.970643245,0.345231984000056],[108.970854459,0.345231984000056],[108.971150158,0.345168619000054],[108.971361372,0.345105255000013],[108.971505747,0.345041089000062],[108.971551464,0.345020770000085],[108.97163595,0.344915163000049],[108.97164754,0.344845622000029],[108.971657071,0.344788435000053],[108.971646953,0.344772798000067],[108.971620865,0.344732480000062],[108.97178901,0.344270082000031],[108.971815343,0.343427419000015],[108.971446678,0.342400423000067],[108.970867347,0.34150509400007],[108.970809711,0.341472159000029],[108.970314349,0.341189095000056],[108.969550686,0.340899429000037],[108.968945021,0.34066243000006],[108.968743934,0.340595401000023],[108.967760026,0.340267432000079],[108.967470361,0.340056766000029],[108.967075363,0.339556435000006],[108.966877466,0.339188913000039],[108.966848945,0.339135946000053],[108.966891219,0.339088975000043],[108.966928143,0.338820658000029],[108.96691745,0.338823331000059],[108.966884899,0.338831469000063],[108.966636247,0.338793631000038],[108.966117321,0.338728765000033],[108.965328122,0.338669305000046],[108.964717303,0.338615250000034],[108.964447029,0.338561196000058],[108.964306486,0.338534168000017],[108.964236215,0.338490924000042],[108.964095673,0.338393626000027],[108.964084862,0.338161190000045],[108.963819993,0.338123352000024],[108.963769535,0.338131115000063],[108.963778697,0.338109929000044],[108.963796427,0.338003548000076],[108.96380086,0.337919330000027],[108.963805292,0.33781294900006],[108.963805292,0.337742028000026],[108.963796642,0.337728187000037],[108.963783129,0.337706568000045],[108.963698911,0.337688838000022],[108.963696306,0.33768835500006],[108.963642968,0.337678478000039],[108.963680238,0.337668894000052],[108.963733548,0.337655186000066]]]]},"properties":{"gid":6508,"luas":5.84561497675727,"kdkab":"04","kdkec":"100","nmkab":"MEMPAWAH","nmkec":"MEMPAWAH HILIR","iddesa":"6104100007","kddesa":"007","kdprov":"61","nmdesa":"TENGAH","nmprov":"KALIMANTAN BARAT","rw_dki":"","sumber":"BPS","periode":"2023_1"}},{"id":6509,"type":"Feature","geometry":{"type":"MultiPolygon","coordinates":[[[[108.940310597,0.501054064000073],[108.940226325,0.501128224000063],[108.940224701,0.501079498000023],[108.940049244,0.501075616000034],[108.939428558,0.50106188400002],[108.939390581,0.501105754000035],[108.937596987,0.501133490000019],[108.934560091,0.501180452000027],[108.934493465,0.501181482000048],[108.93448887,0.50120617900007],[108.934439811,0.501202908000039],[108.934288609,0.501221808000022],[108.934118507,0.501335210000027],[108.933986205,0.501524212000048],[108.933891704,0.50188331700002],[108.933910604,0.502280222000024],[108.933967305,0.50254482600007],[108.934024005,0.502960631000059],[108.934156307,0.503225234000075],[108.934231908,0.503735541000021],[108.934231908,0.503924544000024],[108.934269709,0.504415950000056],[108.93438311,0.504642753000039],[108.934439811,0.504945157000069],[108.934553212,0.50522866100004],[108.934685514,0.505549965000062],[108.934723314,0.505625566000039],[108.934855616,0.505795668000076],[108.934987918,0.505965770000045],[108.93512022,0.506154773000053],[108.935214721,0.506476077000058],[108.93541286,0.506658974000061],[108.933168766,0.508324513000044],[108.933172343,0.508344867000048],[108.933707687,0.511390789000072],[108.933719583,0.511404515000041],[108.934203865,0.513486930000054],[108.934616231,0.515260105000031],[108.934501029,0.515388703000033],[108.934504524,0.515401600000073],[108.934717544,0.516187747000065],[108.934715999,0.516188223000035],[108.935106169,0.517663387000019],[108.934977202,0.517708525000042],[108.934988216,0.517754686000036],[108.93504697,0.517742317000056],[108.93520036,0.518071326000026],[108.931056794,0.519867397000036],[108.930856725,0.519954119000027],[108.930856725,0.519969993000065],[108.928048132,0.521268466000026],[108.928045401,0.521267206000059],[108.92805418,0.521276490000044],[108.927444738,0.521577386000052],[108.92750846,0.521703866000045],[108.927813606,0.522309533000042],[108.928380116,0.521964701000065],[108.928540687,0.522189718000053],[108.928752427,0.522141777000047],[108.928804363,0.52203790500004],[108.928783943,0.522003651000024],[108.93015074,0.521420752000033],[108.93190633,0.524326556000063],[108.931952141,0.524364283000064],[108.932126289,0.524291141000039],[108.932126746,0.524291277000028],[108.937166571,0.521206293000019],[108.939728827,0.519637882000032],[108.941576193,0.51779051600004],[108.942744428,0.51662228000003],[108.942806581,0.516384971000024],[108.943432141,0.516059680000067],[108.943932588,0.516159770000057],[108.944608193,0.516259859000052],[108.945508999,0.516359949000046],[108.946284693,0.516510083000066],[108.94640686,0.516563531000028],[108.94708541,0.51686039700007],[108.947660925,0.517410889000074],[108.947861104,0.517836270000028],[108.947906482,0.518358121000054],[108.947911149,0.518411785000074],[108.947924358,0.518477831000029],[108.947936171,0.518536897000045],[108.947879066,0.518544511000074],[108.946915549,0.519963023000053],[108.946860208,0.520263442000046],[108.946401731,0.520951158000054],[108.946231768,0.521206102000058],[108.946265927,0.521258082000036],[108.9456216,0.521620907000043],[108.944795861,0.522033776000056],[108.943938844,0.522202678000046],[108.94377826,0.522237677000007],[108.94368862,0.522309023000042],[108.94347912,0.522319498000056],[108.943438396,0.522321534000057],[108.94341727,0.52230719800002],[108.943382158,0.522344135000024],[108.942646467,0.522446406000028],[108.940754745,0.52270938100002],[108.93233471,0.525674534000078],[108.932321648,0.525765962000034],[108.932304284,0.52576959100002],[108.932317355,0.525818707000039],[108.932371837,0.526023425000052],[108.932983426,0.528321516000053],[108.932951726,0.528330862000072],[108.933501658,0.530341551000049],[108.93355581,0.53032418700007],[108.936711196,0.529312406000024],[108.940503526,0.528096387000069],[108.940519058,0.528145641000033],[108.940482828,0.528174625000016],[108.943588027,0.538214768000041],[108.944366427,0.540731596000048],[108.944472338,0.540682171000067],[108.944482876,0.540715587000018],[108.94458639,0.540688271000015],[108.94515552,0.540673287000055],[108.94527232,0.540670211000008],[108.94595824,0.540688271000015],[108.94623198,0.540705371000048],[108.946441859,0.540591541000019],[108.946659439,0.540467211000025],[108.94684704,0.540344301000056],[108.946894,0.540263451000041],[108.947232229,0.539801201000043],[108.947232233,0.539800950000024],[108.947239667,0.53950361100005],[108.947239665,0.539503565000083],[108.94721895,0.539275671000041],[108.947218961,0.539275545000058],[108.94721895,0.539275420000018],[108.94723967,0.539047470000071],[108.94726039,0.53879880000005],[108.94727075,0.538684830000016],[108.94741581,0.538539770000053],[108.94755051,0.538405070000071],[108.94796496,0.538280740000056],[108.94831124,0.538326300000037],[108.94835868,0.538332540000051],[108.94869024,0.538529410000023],[108.94907361,0.538974940000056],[108.94949842,0.539410110000061],[108.94977817,0.539658780000022],[108.94995431,0.539710590000016],[108.94998943,0.539706199000011],[108.95020298,0.539679500000031],[108.95038948,0.539544810000048],[108.950493147,0.539380157000029],[108.95056562,0.539265050000028],[108.95056562,0.538778331000059],[108.950337679,0.538353521000022],[108.950130449,0.538156651000068],[108.950068279,0.537980511000052],[108.950016479,0.537607511000028],[108.95001619,0.537605781000024],[108.94998489,0.537536591000039],[108.949923229,0.537400281000034],[108.94979889,0.537079091000061],[108.949798895,0.537078840000053],[108.949809295,0.536800591000025],[108.949809304,0.536800340000071],[108.949825396,0.536369561000069],[108.949825405,0.536369309000067],[108.949832845,0.536170181000048],[108.94983285,0.536169930000016],[108.94983285,0.535783362000065],[108.94959339,0.535157081000023],[108.94957571,0.535134101000042],[108.949409189,0.534917621000036],[108.949409315,0.534917532000067],[108.94940919,0.534917370000074],[108.950523356,0.534130924000058],[108.950812891,0.533392731000046],[108.95088279,0.532670140000058],[108.95088279,0.532467281000031],[108.95088279,0.532467030000022],[108.95088279,0.532265151000035],[108.95088279,0.532264900000028],[108.95088279,0.531712551000042],[108.95088279,0.531712300000037],[108.951185048,0.531181121000026],[108.951244543,0.531076566000012],[108.951454239,0.530544277000043],[108.951893941,0.530341170000041],[108.952315223,0.530218828000043],[108.95289942,0.53040393500003],[108.953467575,0.530502633000027],[108.95377312,0.530138540000049],[108.953773152,0.530138502000047],[108.953682626,0.529501911000075],[108.953701033,0.529152181000035],[108.953701045,0.529151930000066],[108.953719455,0.528691681000051],[108.95371946,0.528691430000024],[108.95371946,0.528433801000049],[108.95371946,0.528433550000042],[108.9539405,0.528175670000048],[108.9539819,0.528134270000058],[108.95400337,0.528112800000028],[108.9542168,0.527899370000048],[108.95464046,0.527844110000043],[108.95517464,0.527788850000033],[108.95581934,0.527825690000045],[108.95644562,0.527899370000048],[108.95679559,0.528028310000012],[108.95709031,0.528323030000021],[108.957119823,0.528568972000072],[108.957139188,0.52873034500004],[108.95714557,0.528783530000046],[108.95714557,0.528783782000071],[108.95714557,0.529204120000022],[108.95714557,0.529204371000051],[108.95714557,0.529372970000046],[108.95714557,0.529373221000072],[108.95724115,0.529612181000052],[108.95732977,0.529833721000043],[108.957345129,0.529847081000077],[108.957567631,0.530040554000035],[108.957753429,0.530202111000042],[108.957883009,0.530312491000075],[108.95825077,0.530625771000076],[108.958361289,0.531049431000035],[108.95844628,0.531205251000074],[108.95847181,0.531252051000026],[108.95863759,0.53136257100004],[108.95884021,0.531270471000022],[108.95898776,0.531122921000077],[108.95907967,0.531031011000034],[108.959099925,0.53094492700006],[108.95915335,0.530717871000021],[108.95919019,0.530386311000024],[108.95961385,0.530017911000076],[108.9603138,0.529612681000054],[108.96071904,0.529446901000023],[108.96116112,0.528986401000044],[108.96149268,0.528728521000061],[108.96171372,0.528507481000012],[108.96210054,0.528396961000049],[108.9627084,0.528654841000044],[108.96313206,0.529078501000059],[108.96366623,0.529170601000034],[108.96412673,0.529170601000034],[108.96478985,0.52911534100002],[108.96526877,0.529207441000036],[108.96539771,0.529557421000047],[108.96545297,0.529852141000048],[108.96548214,0.529992131000021],[108.96554507,0.530294211000062],[108.96561875,0.530791551000045],[108.96569207,0.531176471000027],[108.9656926,0.531178651000053],[108.9657503,0.531272791000044],[108.96604241,0.531749391000064],[108.96630029,0.532044111000052],[108.96655817,0.532173051000021],[108.96703709,0.532154631000018],[108.96717185,0.532102801000052],[108.967516,0.531970431000045],[108.96764494,0.531620451000022],[108.96764494,0.531620200000013],[108.96764494,0.531572661000026],[108.96764494,0.53157241000002],[108.96764494,0.530995561000056],[108.96764494,0.530995314000049],[108.96764494,0.530994171000035],[108.96764494,0.530993920000067],[108.967525855,0.530313433000054],[108.967516,0.530257120000033],[108.967368645,0.529446650000058],[108.967387055,0.529004821000062],[108.96738706,0.529004570000033],[108.96753442,0.52870985000003],[108.96799492,0.528654590000031],[108.968408584,0.528654590000031],[108.968685433,0.528807095000045],[108.96884224,0.528930890000016],[108.96924748,0.52926245000002],[108.9695422,0.529612430000028],[108.9698185,0.529667690000045],[108.97005796,0.52964927000005],[108.970097136,0.529584745000026],[108.9703711,0.52913351000006],[108.970483182,0.529033879000047],[108.97053688,0.528986150000035],[108.97092369,0.528967730000035],[108.97136577,0.52926245000002],[108.97171575,0.529557170000029],[108.97195521,0.530128180000021],[108.971955162,0.530128317000048],[108.971836035,0.530470809000068],[108.971824297,0.530504555000046],[108.97180785,0.530551840000045],[108.97158681,0.530699200000064],[108.971454861,0.530774600000021],[108.97132893,0.530846560000038],[108.97092369,0.531049180000022],[108.9705553,0.531325480000006],[108.9701869,0.531767560000052],[108.970186905,0.531767807000039],[108.970205317,0.532393840000044],[108.97020532,0.532394091000073],[108.97039328,0.532714741000066],[108.97051846,0.53292827100005],[108.97088685,0.533425611000035],[108.97142103,0.534070301000033],[108.97173417,0.534475541000055],[108.9723949,0.535221551000055],[108.97278786,0.535527181000022],[108.97353012,0.53613845100006],[108.97392308,0.536618741000028],[108.97400572,0.537486511000049],[108.9740104,0.537535641000034],[108.97408049,0.537580991000021],[108.97475266,0.53801592100007],[108.97571322,0.538103251000042],[108.97671745,0.538103251000042],[108.97732872,0.538146911000065],[108.97776534,0.538365221000035],[108.97820196,0.538583531000019],[108.978289295,0.539456771000053],[108.978290686,0.539492937000024],[108.978290696,0.539493191000014],[108.978332945,0.540591740000027],[108.97846393,0.541377660000024],[108.978519703,0.541437416000056],[108.9790752,0.542032590000017],[108.97973013,0.542119910000043],[108.98029774,0.541901600000073],[108.98086535,0.541028360000032],[108.98147662,0.540329770000032],[108.981828377,0.540301628000061],[108.98256817,0.540242440000035],[108.98291747,0.540853710000019],[108.982917449,0.540853924000024],[108.98291747,0.540853961000032],[108.98285657,0.541462901000043],[108.98283014,0.541727201000075],[108.982437231,0.542469383000021],[108.98243719,0.542469461000051],[108.9826673,0.543428271000027],[108.98269916,0.543561011000061],[108.98283061,0.543780091000032],[108.9832231,0.544434251000044],[108.9832231,0.545167510000043],[108.9832231,0.54516776100007],[108.9832231,0.545263580000028],[108.9832231,0.545263831000058],[108.9823062,0.546093411000069],[108.981738671,0.547141151000062],[108.98173859,0.547141301000069],[108.98215102,0.547656841000045],[108.98243719,0.54801454100003],[108.98344141,0.548494831000021],[108.98431466,0.549149761000012],[108.98514424,0.549630041000049],[108.98601748,0.550197651000074],[108.98732734,0.550459621000065],[108.988017,0.550804451000035],[108.98820058,0.550896241000021],[108.98850346,0.551006381000034],[108.98868087,0.551070891000051],[108.98872453,0.55150751100007],[108.988756271,0.551729721000078],[108.98877307,0.551847331000039],[108.9888105,0.552109321000043],[108.98881185,0.552118781000036],[108.98894284,0.552817381000062],[108.9889748,0.55285253100004],[108.98937946,0.553297661000051],[108.99012171,0.553777941000013],[108.99086397,0.553821601000039],[108.99112594,0.553472311000061],[108.99112595,0.553472060000048],[108.991169595,0.552599071000026],[108.991169605,0.552598820000069],[108.991213266,0.551420191000038],[108.99138234,0.551017011000048],[108.99143158,0.550721601000015],[108.99208651,0.549804691000026],[108.99274144,0.549106101000052],[108.99317806,0.548363841000024],[108.99370201,0.54757792100002],[108.99377281,0.547117691000027],[108.99378933,0.547010321000076],[108.993789309,0.547010208000066],[108.99378933,0.547010070000046],[108.99365834,0.54631147000004],[108.993324426,0.545810595000032],[108.99330905,0.545787530000036],[108.993134431,0.544608861000021],[108.9931344,0.544608650000037],[108.99325964,0.544447630000035],[108.9940513,0.543429770000051],[108.99514286,0.542381880000037],[108.9960161,0.541683290000039],[108.99680202,0.541290330000034],[108.99780624,0.541203010000064],[108.99867949,0.541683290000039],[108.99881047,0.54220724000004],[108.99881046,0.542207451000017],[108.998810464,0.542207491000053],[108.99878967,0.542644371000053],[108.998766816,0.543124141000014],[108.998766816,0.543124391000041],[108.998810464,0.544041041000078],[108.998916695,0.544103525000014],[108.99955273,0.544477660000036],[109.000926577,0.544520600000054],[109.00094992,0.544521330000053],[109.00186682,0.544914290000067],[109.00313302,0.546005840000023],[109.003132998,0.546006072000071],[109.00313302,0.546006091000034],[109.00305418,0.546833931000029],[109.002958791,0.547835485000058],[109.00295837,0.547839901000026],[109.00270221,0.548134481000029],[109.00208513,0.548844121000058],[109.00153849,0.550054541000054],[109.001473876,0.550197614000071],[109.00156118,0.551332610000033],[109.001721129,0.551482563000029],[109.00215594,0.551890200000056],[109.00225978,0.551987550000037],[109.00239076,0.552555150000034],[109.00241007,0.55275788000006],[109.00264346,0.553554740000038],[109.0036133,0.554039660000046],[109.00448655,0.554650930000031],[109.005401829,0.555222983000019],[109.005534435,0.555305870000036],[109.00697528,0.555829810000039],[109.00771754,0.55648474000003],[109.00837247,0.557096010000061],[109.00885275,0.557663620000028],[109.008852743,0.557663863000077],[109.00880909,0.558362461000052],[109.00876916,0.558452301000044],[109.0084598,0.559148381000048],[109.00804663,0.559499571000059],[109.00758655,0.559890631000029],[109.00736825,0.560676516000049],[109.007368246,0.56067655100002],[109.007408753,0.561567884000049],[109.0074119,0.56163712100004],[109.00751743,0.56169340100006],[109.00806684,0.561986421000026],[109.00889642,0.561942751000062],[109.00920205,0.561506131000038],[109.00950769,0.56102585100007],[109.00953438,0.560981371000023],[109.00976966,0.560589231000055],[109.0102936,0.560414581000022],[109.01112318,0.560632891000056],[109.01155981,0.561069511000032],[109.011865376,0.561724304000051],[109.01186544,0.561724441000028],[109.01169369,0.56202977100002],[109.01147248,0.562423041000046],[109.01124868,0.562688811000038],[109.01077389,0.563252621000057],[109.01064293,0.563907403000027],[109.010730225,0.564212930000052],[109.010870754,0.564367513000043],[109.01116685,0.564693220000034],[109.01230206,0.564955190000024],[109.012607695,0.565435470000074],[109.01313164,0.565741110000033],[109.01374291,0.565260820000048],[109.01394701,0.564943340000063],[109.01413587,0.564649550000058],[109.01470348,0.56460589000005],[109.01500911,0.565173500000058],[109.01538647,0.565754060000074],[109.01557672,0.566046740000042],[109.01631897,0.566396040000033],[109.01661951,0.566448510000034],[109.01906969,0.56687632000006],[109.02042321,0.566919980000018],[109.02134012,0.56687632000006],[109.02208237,0.567312940000018],[109.02225702,0.567967870000073],[109.0225464,0.568582810000057],[109.02260632,0.568710130000054],[109.023217585,0.569277740000069],[109.02417815,0.569321400000032],[109.0247021,0.569103090000058],[109.02492008,0.568865290000073],[109.02518238,0.568579140000051],[109.02644858,0.567793230000058],[109.02719084,0.567749560000038],[109.02749647,0.568142520000032],[109.027496415,0.56814270000007],[109.02749647,0.568142771000048],[109.02732182,0.568710381000065],[109.02732035,0.568720651000035],[109.02725988,0.569143991000033],[109.0272345,0.569321651000059],[109.027190849,0.569889016000043],[109.02719084,0.569889261000063],[109.0274479,0.570054511000025],[109.0278021,0.570282211000059],[109.02845704,0.570107571000051],[109.02849768,0.57000597100005],[109.02863169,0.56967095100003],[109.02885,0.569103341000069],[109.02937394,0.569059681000061],[109.03002887,0.569103341000069],[109.03077113,0.569277991000025],[109.031469695,0.570063873000031],[109.03146972,0.570063901000015],[109.03142606,0.570456861000026],[109.0313136,0.570663041000043],[109.03116409,0.570937151000062],[109.030683807,0.571417424000049],[109.03071061,0.571873181000051],[109.03072747,0.572159691000018],[109.03086613,0.572307601000034],[109.031382366,0.572858245000007],[109.0313824,0.57285828100004],[109.03128453,0.573478091000022],[109.03127337,0.573548771000052],[109.03125141,0.573687861000053],[109.03105979,0.573867501000054],[109.030897271,0.574095034000036],[109.03089718,0.574095161000053],[109.03054762,0.574367041000073],[109.03043015,0.574915221000025],[109.03044528,0.574975701000026],[109.030533297,0.575056955000033],[109.03054367,0.575066531000064],[109.0308625,0.575194061000041],[109.0313973,0.575407981000064],[109.03183491,0.575658041000053],[109.03189742,0.576095651000053],[109.03180996,0.576153961000045],[109.03190634,0.576394911000021],[109.03208099,0.57726815100005],[109.03211704,0.577321271000072],[109.03291057,0.578490691000061],[109.0337254,0.579133981000043],[109.03374015,0.579145621000053],[109.03374403,0.579180551000032],[109.03383539,0.579408961000069],[109.03388082,0.580135851000017],[109.03389791,0.580409201000065],[109.03379922,0.580779311000068],[109.03378381,0.581241401000058],[109.03364785,0.581830571000063],[109.03364785,0.583034841000024],[109.0334603,0.583472451000037],[109.033157956,0.584465870000031],[109.033157539,0.58446724100002],[109.03314696,0.584502001000037],[109.03312888,0.585170991000034],[109.03312888,0.585917081000051],[109.03312888,0.586218881000029],[109.033161192,0.586364283000019],[109.033692289,0.585125057000025],[109.033773214,0.584781122000026],[109.034039436,0.584819154000053],[109.036269826,0.584930673000029],[109.039057813,0.583815478000011],[109.040061489,0.582811803000033],[109.041734282,0.58158508800005],[109.042849477,0.580358374000066],[109.043630113,0.579354698000024],[109.044968347,0.577458866000032],[109.047087218,0.574113281000046],[109.048536971,0.571882891000023],[109.049426545,0.570578183000061],[109.051436479,0.566529955000018],[109.052217115,0.564634123000062],[109.053109271,0.56218069400005],[109.053889908,0.560953980000023],[109.054001427,0.560619421000061],[109.055055574,0.560206929000057],[109.055055659,0.560206895000026],[109.056566376,0.559615745000031],[109.05864416,0.558784632000018],[109.061507701,0.557455464000041],[109.057851622,0.556057879000036],[109.055545296,0.555061966000041],[109.053663771,0.554249489000017],[109.052184864,0.553879289000066],[109.050082553,0.552523851000036],[109.03573974,0.543276510000051],[109.02633926,0.53705366000002],[109.02587859,0.536748700000031],[109.02215381,0.534283010000028],[109.0031166,0.521680910000048],[108.99978251,0.517513300000073],[108.99944075,0.51708610000003],[108.99335865,0.515938540000033],[108.99019513,0.515341640000027],[108.980704351,0.51355092800003],[108.98024978,0.513465160000069],[108.97531562,0.512534190000047],[108.97508826,0.512491290000069],[108.975073511,0.512510956000021],[108.971856532,0.516800261000061],[108.971799955,0.516875696000055],[108.958535003,0.50513195500001],[108.958464343,0.505104284000021],[108.958464343,0.504993527000065],[108.958214119,0.50316689300007],[108.957888828,0.502090930000058],[108.957438425,0.501765639000031],[108.957088111,0.501765639000031],[108.95676282,0.501765639000031],[108.956487574,0.501765639000031],[108.955857887,0.501565284000033],[108.955386589,0.501415325000037],[108.954911163,0.501190124000058],[108.954060402,0.500889855000024],[108.953932609,0.500880025000077],[108.953509909,0.501302724000023],[108.953259685,0.501527926000042],[108.953034484,0.501602993000066],[108.952709193,0.50161550400002],[108.952108655,0.501653038000021],[108.951770853,0.501703083000056],[108.951433051,0.501728105000039],[108.950970136,0.501728105000039],[108.95069489,0.501690571000035],[108.950397842,0.501659303000061],[108.950219465,0.501640527000062],[108.949956729,0.501640527000062],[108.949744039,0.501628015000044],[108.949531349,0.501628015000044],[108.94933117,0.501628015000044],[108.949093457,0.501602993000066],[108.948793188,0.501515415000028],[108.948593009,0.501452859000039],[108.948367808,0.50136528000008],[108.948055028,0.501277702000033],[108.947927309,0.501259456000062],[108.947884496,0.501253340000062],[108.947881861,0.501256992000045],[108.947808003,0.501209612000011],[108.947760622,0.501185921000063],[108.947728571,0.501156657000026],[108.947668648,0.501117637000052],[108.947668378,0.50111547500006],[108.947397451,0.501124926000043],[108.946498129,0.501156298000067],[108.945235597,0.50120890300002],[108.945174979,0.501211429000022],[108.945166797,0.501211384000041],[108.942726226,0.501197900000017],[108.942697737,0.501165613000068],[108.940310597,0.501054064000073]]]]},"properties":{"gid":6509,"luas":43.80249299737919,"kdkab":"04","kdkec":"110","nmkab":"MEMPAWAH","nmkec":"SUNGAI KUNYIT","iddesa":"6104110009","kddesa":"009","kdprov":"61","nmdesa":"BUKIT BATU","nmprov":"KALIMANTAN BARAT","rw_dki":"","sumber":"BPS","periode":"2023_1"}},{"id":6510,"type":"Feature","geometry":{"type":"MultiPolygon","coordinates":[[[[108.942033312,0.349194017000061],[108.942044196,0.349200668000036],[108.942045221,0.349200155000062],[108.941920609,0.348871632000047],[108.941919456,0.348868045000062],[108.941798911,0.348493016000013],[108.941790259,0.348487825000054],[108.941784436,0.348477219000061],[108.940979196,0.347010531000021],[108.940985351,0.34696217200007],[108.940606252,0.346232055000026],[108.940348666,0.34562728900004],[108.940454858,0.345554282000011],[108.940552581,0.345463539000026],[108.940629364,0.345393736000065],[108.940713126,0.345282053000057],[108.940755008,0.34517036900007],[108.940720107,0.345051705000057],[108.940636344,0.344947001000037],[108.940538621,0.344758535000036],[108.940378075,0.344388582000022],[108.940126787,0.343844124000044],[108.939959261,0.343655658000046],[108.939505546,0.343460211000033],[108.939268218,0.343362488000026],[108.938891285,0.343362488000026],[108.938791177,0.343417720000044],[108.938786929,0.343417889000026],[108.938187545,0.342756069000074],[108.937651664,0.342118805000037],[108.937188199,0.341756724000037],[108.936840601,0.341409125000038],[108.936753701,0.341307742000024],[108.936788954,0.341274091000061],[108.936727752,0.34128752600003],[108.929466804,0.343295873000032],[108.929495995,0.343424926000061],[108.929350938,0.343411739000027],[108.921422254,0.35126768300006],[108.921349051,0.351340214000048],[108.925196049,0.354168889000049],[108.927080051,0.356114865000047],[108.93277077,0.361992779000035],[108.933079707,0.362311878000056],[108.933054842,0.36237404000001],[108.933026128,0.362460180000026],[108.932997415,0.362517606000045],[108.932991672,0.362575033000039],[108.932980187,0.362649688000034],[108.932997415,0.362689886000059],[108.933043356,0.36267840100004],[108.933077812,0.362707114000039],[108.93307207,0.362741570000024],[108.933106525,0.362810482000038],[108.933140981,0.362850681000049],[108.933152467,0.362867909000044],[108.93318118,0.362885136000043],[108.933296033,0.362925335000047],[108.933319004,0.362959791000034],[108.93335346,0.362999990000043],[108.933382173,0.363034446000017],[108.933387916,0.363074644000054],[108.93337643,0.363080387000026],[108.933399401,0.36312058500004],[108.933428114,0.363143556000062],[108.933428114,0.363166527000032],[108.933445342,0.363183755000024],[108.933468313,0.363183755000024],[108.933497026,0.363183755000024],[108.933537225,0.363206725000058],[108.933583166,0.363241181000031],[108.933594651,0.363338806000052],[108.933669306,0.363287122000027],[108.933703762,0.363269895000024],[108.93374396,0.363292865000069],[108.933824358,0.363333064000077],[108.933864556,0.363384748000037],[108.933870299,0.363465145000019],[108.933853071,0.363493858000028],[108.933766931,0.363470888000042],[108.933755446,0.363493858000028],[108.933761188,0.363528314000064],[108.933789902,0.363551285000021],[108.933824358,0.363568513000077],[108.933876042,0.363585741000065],[108.933914645,0.36358022600006],[108.933912542,0.36358548400005],[108.933887237,0.363588461000055],[108.933868965,0.363612825000069],[108.933868965,0.363646325000046],[108.933878101,0.363688961000028],[108.933911601,0.363737688000066],[108.934030374,0.363947824000042],[108.934112601,0.364036143000024],[108.934213101,0.364179279000039],[108.934280101,0.364234097000063],[108.934316646,0.364282824000043],[108.934362328,0.364307188000046],[108.934371465,0.364322415000066],[108.934401919,0.364355915000032],[108.934438465,0.364398552000062],[108.934465874,0.364438143000018],[108.934493283,0.364483824000045],[108.934514601,0.364489915000033],[108.934572465,0.364480779000067],[108.934554192,0.364432052000041],[108.934517646,0.364438143000018],[108.934490237,0.364380279000044],[108.934490237,0.364374188000045],[108.934538965,0.364395506000058],[108.934548101,0.364419870000066],[108.934578555,0.364438143000018],[108.934587692,0.364447279000038],[108.934666874,0.364462506000058],[108.934738212,0.364531707000021],[108.934759688,0.36456034100007],[108.934752529,0.364600907000063],[108.934726281,0.364550797000044],[108.934711964,0.364538866000038],[108.934676171,0.364531707000021],[108.934673785,0.364557955000062],[108.934654696,0.364579431000036],[108.934637992,0.364565114000077],[108.934609358,0.364562728000054],[108.934585496,0.364584203000048],[108.934599813,0.364610451000031],[108.934690488,0.364727375000027],[108.934771619,0.364806119000029],[108.934850363,0.364901567000059],[108.934890929,0.364925429000029],[108.934895701,0.364951677000013],[108.934905246,0.364989856000017],[108.934967287,0.364994629000017],[108.935026942,0.364992242000026],[108.935005466,0.364925429000029],[108.93505319,0.364951677000013],[108.935062735,0.364965994000036],[108.935120003,0.365032808000013],[108.935112845,0.365056670000054],[108.935048417,0.365059056000057],[108.935019783,0.365035194000031],[108.935007852,0.36509484900006],[108.93505319,0.365147345000012],[108.935079438,0.365187910000027],[108.935096141,0.365204613000052],[108.935110458,0.365144959000018],[108.935127162,0.365121097000044],[108.935136706,0.365109166000017],[108.935193975,0.365111552000032],[108.935329988,0.365297675000014],[108.935380098,0.365371647000077],[108.935392029,0.365419371000026],[108.935399188,0.365462322000034],[108.935434981,0.365510046000046],[108.93545407,0.365550611000064],[108.935458843,0.365591177000045],[108.935489863,0.365603108000061],[108.935516111,0.365636514000068],[108.935556676,0.365739121000036],[108.935556676,0.365751052000068],[108.935568607,0.365762983000027],[108.935590083,0.365805934000032],[108.935633035,0.365836955000014],[108.9356736,0.365870361000023],[108.935690303,0.365867975000068],[108.93570462,0.365846499000036],[108.935690303,0.365794003000074],[108.935728482,0.365808320000034],[108.93575473,0.365846499000036],[108.935769048,0.365867975000068],[108.935761889,0.365887065000036],[108.935749958,0.365944333000073],[108.935790523,0.365968195000049],[108.935835861,0.36595387800002],[108.935857337,0.365932402000045],[108.935885971,0.365925244000032],[108.935916992,0.365944333000073],[108.935933695,0.365958650000038],[108.93601669,0.366070159000061],[108.936109594,0.366150767000015],[108.937312188,0.368323636000072],[108.937287772,0.368689879000045],[108.939603719,0.371874307000039],[108.940686513,0.373363149000063],[108.941034112,0.375217008000043],[108.941170564,0.375593875000045],[108.941845175,0.377457087000032],[108.941944937,0.377414764000043],[108.941924833,0.377389499000051],[108.942859131,0.377002280000055],[108.942944756,0.376925065000021],[108.944962096,0.376111953000017],[108.94497248,0.376102683000052],[108.9449802,0.376104712000022],[108.946866647,0.37606126200006],[108.947617315,0.37598455100004],[108.947626859,0.375994413000052],[108.949531189,0.376580569000054],[108.949682906,0.37662726800004],[108.95093581,0.377012913000043],[108.951029984,0.377041900000043],[108.951029147,0.377070352000027],[108.952253821,0.377823997000057],[108.952300583,0.378009173000058],[108.952654575,0.379410982000018],[108.953143128,0.38134565300004],[108.953467612,0.381662872000051],[108.953521711,0.381666289000066],[108.953610935,0.381759615000012],[108.95362591,0.381775279000055],[108.954245341,0.38242318900006],[108.955411778,0.383643256000022],[108.955457244,0.383607960000064],[108.958037147,0.381605140000023],[108.958038689,0.381603943000073],[108.95804444,0.381471658000063],[108.958081854,0.381365651000063],[108.958106797,0.381284587000036],[108.958144211,0.381197287000018],[108.958181625,0.381128695000031],[108.958268925,0.381066338000036],[108.958291182,0.381071976000045],[108.958343856,0.381059233000036],[108.958403309,0.381059233000036],[108.958557019,0.381048985000054],[108.95874147,0.381048985000054],[108.958912886,0.38102613000007],[108.958751661,0.38100414500001],[108.958699167,0.380997583000059],[108.958819572,0.380720652000033],[108.957862236,0.380465362000056],[108.957778223,0.380442959000044],[108.95766091,0.380411675000059],[108.957787268,0.38031113200002],[108.957832272,0.380275323000027],[108.958315959,0.379890453000026],[108.9582338,0.379665883000023],[108.958225154,0.379642251000053],[108.960531807,0.37771140200004],[108.960803177,0.377484244000067],[108.960789158,0.377431992000029],[108.960686083,0.377047802000046],[108.960643861,0.376890429000059],[108.95993418,0.376803530000069],[108.95834102,0.377513210000071],[108.956559577,0.378628422000025],[108.955256083,0.378918088000033],[108.954937451,0.37859945600008],[108.954965528,0.377785228000051],[108.954966417,0.37775942600006],[108.955038834,0.377049745000025],[108.955140217,0.37652834800002],[108.955183666,0.376470414000035],[108.955415399,0.376079366000061],[108.95578692,0.375696587000041],[108.955893347,0.375586935000056],[108.95603818,0.375239336000041],[108.956183012,0.375166920000022],[108.956230178,0.375178711000037],[108.956226462,0.375152437000048],[108.956380183,0.375010187000043],[108.956832968,0.374591192000016],[108.957196841,0.374254474000048],[108.957616856,0.373168228000057],[108.957611439,0.373125431000063],[108.957562015,0.372734984000029],[108.957472024,0.372024050000044],[108.957066492,0.371357819000023],[108.957168274,0.371163106000049],[108.957399607,0.37072055500004],[108.958138254,0.370677105000027],[108.958468002,0.37082699000007],[108.958649964,0.370746507000033],[108.958821266,0.370670739000038],[108.959772645,0.370249936000042],[108.959995629,0.369930186000032],[108.960031225,0.36987914300004],[108.960254104,0.369529629000052],[108.960259975,0.369520422000049],[108.960268408,0.369507197000064],[108.960295253,0.369465099000033],[108.96032089,0.36942489500006],[108.960332626,0.369402597000023],[108.960400434,0.369273761000052],[108.96051839,0.369049646000065],[108.960656639,0.368871897000014],[108.960880471,0.368674398000037],[108.961005554,0.368522982000052],[108.961124054,0.368364983000049],[108.96119647,0.368312316000069],[108.96122665,0.368296065000027],[108.961237924,0.368289995000043],[108.96123346,0.368282980000051],[108.96117672,0.368193817000018],[108.961308386,0.368135729000066],[108.961413719,0.36783831800005],[108.961512149,0.367709602000042],[108.962098383,0.366942989000055],[108.962598714,0.365968659000025],[108.963441378,0.365415661000039],[108.963602147,0.365344209000053],[108.96360543,0.365338148000023],[108.96364546,0.365264245000051],[108.965185619,0.364321760000051],[108.965409786,0.364184583000052],[108.965510148,0.363910869000046],[108.965622217,0.363605227000051],[108.965699452,0.363394587000062],[108.965693224,0.363379867000054],[108.965409786,0.362709923000064],[108.965223553,0.36262715200007],[108.964724658,0.362405421000056],[108.964728839,0.362393923000066],[108.964544626,0.362314377000062],[108.964350498,0.362211603000043],[108.964255791,0.362215782000021],[108.964036572,0.362267977000045],[108.963984012,0.362279403000057],[108.963092462,0.362262258000046],[108.962197133,0.362314924000025],[108.961381924,0.36190732000005],[108.961380649,0.361899035000027],[108.961384588,0.361839955000048],[108.96137522,0.361796237000018],[108.961377023,0.361704282000065],[108.961617802,0.361182596000044],[108.961662079,0.360996632000029],[108.961749468,0.360629598000066],[108.961786979,0.360588961000079],[108.961802134,0.360537432000065],[108.961989213,0.360163274000049],[108.962144466,0.359852768000049],[108.962513131,0.359168104000052],[108.962561535,0.359042254000032],[108.962776464,0.358483440000045],[108.96290813,0.357930442000052],[108.962884449,0.357885447000048],[108.962781105,0.357689095000061],[108.962644798,0.35743011100004],[108.962603721,0.357421463000029],[108.96266345,0.357200465000059],[108.962634993,0.357196670000058],[108.962633218,0.357194451000052],[108.962632949,0.357194626000011],[108.96256138,0.357223253000022],[108.962440736,0.357219163000025],[108.962377347,0.357198715000036],[108.962328271,0.357153729000057],[108.962313958,0.357092385000035],[108.962299644,0.357057623000058],[108.962279196,0.357006503000039],[108.962260793,0.356986055000056],[108.962238163,0.356940796000056],[108.962230121,0.356941069000062],[108.962186618,0.356901990000037],[108.962109477,0.356832694000044],[108.962111812,0.356823197000046],[108.961706349,0.356467411000045],[108.960992063,0.356045982000068],[108.960827919,0.355988048000026],[108.96080315,0.355988048000026],[108.960699983,0.355941280000019],[108.96069282,0.355954202000019],[108.960687914,0.355951840000039],[108.960462044,0.356353651000064],[108.960459554,0.356355879000026],[108.960456646,0.356368853000043],[108.960437749,0.356399616000031],[108.960319249,0.356361288000062],[108.959908363,0.356228390000071],[108.959669308,0.356151070000065],[108.959194359,0.355997451000056],[108.959180741,0.356026048000037],[108.958812681,0.355914936000031],[108.958834674,0.355876947000072],[108.958830178,0.355874485000067],[108.958829831,0.35587429400004],[108.958811693,0.355916488000048],[108.958435161,0.355818172000043],[108.957992936,0.35743280900005],[108.957983911,0.357429621000042],[108.95756429,0.357281390000026],[108.957265034,0.35717567700004],[108.95719522,0.35714394400003],[108.957105718,0.357103261000011],[108.957042366,0.357285559000038],[108.956941383,0.357576142000012],[108.955268756,0.356277714000036],[108.955266978,0.356279619000014],[108.955263324,0.356268964000032],[108.954625556,0.35687714500005],[108.954560886,0.356938815000025],[108.954549295,0.356954910000071],[108.954539161,0.356960540000041],[108.953835296,0.357629035000058],[108.953836124,0.357632501000071],[108.953804135,0.357648495000028],[108.953801679,0.357653758000023],[108.953801314,0.357654540000061],[108.953768486,0.357627545000078],[108.95317002,0.357135418000046],[108.952981915,0.356980736000025],[108.952974967,0.356985886000067],[108.952969434,0.356984502000042],[108.952536848,0.356565871000044],[108.952993922,0.356043501000048],[108.952985455,0.356036351000045],[108.953003934,0.356037231000059],[108.952629632,0.355782319000073],[108.950495916,0.354329185000035],[108.950483844,0.354320963000022],[108.95047049,0.354333015000061],[108.950456186,0.354334256000071],[108.945594603,0.354756128000011],[108.945593735,0.354757505000054],[108.945478603,0.354766194000041],[108.945399441,0.354772168000074],[108.945224304,0.354788261000056],[108.945010586,0.354806807000038],[108.944381886,0.354861364000043],[108.944316207,0.354824876000068],[108.944119905,0.354857593000013],[108.944081065,0.354890885000029],[108.943108698,0.353950012000033],[108.942451768,0.354287476000022],[108.94244559,0.354229350000019],[108.941934323,0.349418993000028],[108.941929848,0.349362306000039],[108.941920824,0.349248011000037],[108.942033312,0.349194017000061]]]]},"properties":{"gid":6510,"luas":9.68134206003596,"kdkab":"04","kdkec":"100","nmkab":"MEMPAWAH","nmkec":"MEMPAWAH HILIR","iddesa":"6104100008","kddesa":"008","kdprov":"61","nmdesa":"TERUSAN","nmprov":"KALIMANTAN BARAT","rw_dki":"","sumber":"BPS","periode":"2023_1"}},{"id":6511,"type":"Feature","geometry":{"type":"MultiPolygon","coordinates":[[[[109.147970133,0.199055499000044],[109.147749712,0.19885203300003],[109.147728817,0.198832746000052],[109.147561753,0.198628556000073],[109.147171935,0.198535742000044],[109.146782117,0.198517180000064],[109.146540802,0.198294427000055],[109.146373737,0.197941735000032],[109.146150984,0.19771898200002],[109.145779729,0.197440540000053],[109.145689842,0.197360115000033],[109.14564979,0.197403415000058],[109.145612664,0.197384852000025],[109.1454456,0.19732916400005],[109.145103105,0.197243541000037],[109.145000094,0.197217788000044],[109.144758778,0.196939346000021],[109.144350398,0.196475278000036],[109.144071957,0.196289650000037],[109.143570762,0.195992646000033],[109.143273759,0.195844144000038],[109.142865378,0.195639954000054],[109.142624062,0.195565703000048],[109.142104306,0.19526869900004],[109.141926565,0.195099845000062],[109.14186299,0.195175886000071],[109.141751613,0.195101635000075],[109.14145461,0.194804631000062],[109.141101917,0.194489064000036],[109.140842039,0.194303437000028],[109.140328265,0.193934162000057],[109.140248031,0.193876493000066],[109.139821088,0.193598052000024],[109.139412708,0.193375299000021],[109.139097141,0.193226797000028],[109.138558821,0.193041170000077],[109.13807619,0.192799854000036],[109.137450553,0.192527141000022],[109.137352243,0.192484288000048],[109.137036676,0.19233578600005],[109.136609733,0.192131595000027],[109.135867223,0.191871717000028],[109.135688591,0.191762233000017],[109.135523813,0.191862436000064],[109.132676932,0.190700444000064],[109.130762407,0.18991900500003],[109.128247217,0.188892397000077],[109.128250951,0.188883780000031],[109.128172966,0.188901678000028],[109.128172966,0.189022336000045],[109.127838836,0.189542093000048],[109.127577671,0.189694774000027],[109.126762197,0.191890280000049],[109.126154806,0.192939409000077],[109.125945436,0.193301048000023],[109.125125462,0.195883967000038],[109.124683966,0.197274680000018],[109.124460417,0.197978860000025],[109.123560139,0.198712419000058],[109.123972473,0.198996787000052],[109.123980843,0.199002560000057],[109.12386657,0.199460430000032],[109.12376364,0.199899820000038],[109.12367336,0.200269540000029],[109.12355555,0.200573450000023],[109.123497191,0.200676751000062],[109.12344233,0.200773860000024],[109.12330532,0.200968930000037],[109.1230827,0.201336010000035],[109.12281744,0.201822280000044],[109.122680585,0.202083987000039],[109.12258061,0.202275170000055],[109.12239113,0.202699470000029],[109.122321332,0.202860772000061],[109.12219928,0.203142830000045],[109.12214006,0.203276330000055],[109.12195297,0.203610030000038],[109.12173272,0.203974730000019],[109.1215243,0.204360880000011],[109.12134666,0.204761340000058],[109.12113587,0.205180880000053],[109.12095586,0.205583710000039],[109.120840625,0.205894652000042],[109.120758904,0.205936123000079],[109.120413738,0.20681472600006],[109.120223269,0.207290901000019],[109.120196289,0.207358350000057],[109.120116735,0.207557236000065],[109.119967401,0.207811981000012],[109.120061046,0.208021305000037],[109.122437078,0.208986568000054],[109.123854596,0.20993158000004],[109.123922097,0.210007519000036],[109.124200538,0.210230271000051],[109.124312786,0.210363566000074],[109.124497542,0.210582964000024],[109.124608919,0.210675777000063],[109.124924485,0.210898530000056],[109.125035862,0.210972781000058],[109.125314303,0.211102720000046],[109.12542568,0.211195534000069],[109.12562987,0.211344036000074],[109.125796934,0.211455413000067],[109.12603825,0.211603915000064],[109.126316691,0.211845230000047],[109.12657657,0.212049420000022],[109.126873574,0.212253611000052],[109.127226266,0.212457801000025],[109.127530702,0.212744330000029],[109.127541832,0.212754805000024],[109.127820274,0.212921869000058],[109.12834003,0.213255999000073],[109.128766974,0.213627254000078],[109.129045415,0.213942820000054],[109.12910489,0.213981304000063],[109.129360981,0.214147011000014],[109.129639423,0.214388326000052],[109.129899301,0.214573954000061],[109.13036337,0.214889520000046],[109.130530434,0.215075148000037],[109.130716062,0.215223650000033],[109.130957377,0.215372152000041],[109.131087317,0.215483528000055],[109.131140685,0.215510212000028],[109.131161568,0.215576342000013],[109.131458572,0.215724844000013],[109.131737013,0.215910471000026],[109.131941203,0.216151787000052],[109.13212683,0.216318852000014],[109.132312458,0.216485916000067],[109.132386709,0.216560167000064],[109.132590899,0.216745795000061],[109.132757964,0.216931422000062],[109.132943591,0.217079924000078],[109.133129219,0.217228426000016],[109.133333409,0.217414054000066],[109.133519036,0.217581118000053],[109.133778915,0.217711058000015],[109.133964542,0.217840997000047],[109.134075919,0.217952373000061],[109.134280109,0.218100875000061],[109.134521424,0.218230814000029],[109.134688489,0.218397879000053],[109.134911242,0.218732009000062],[109.135078307,0.218861948000041],[109.13517112,0.218991887000074],[109.135338185,0.219196077000037],[109.135542375,0.219474518000028],[109.135728003,0.219604458000042],[109.135867223,0.219548769000024],[109.135942205,0.219661242000022],[109.1359786,0.219715834000047],[109.136052851,0.219984994000077],[109.136089976,0.220207747000077],[109.13611782,0.220430500000019],[109.136123322,0.220499275000067],[109.136133336,0.220624447000031],[109.136136383,0.22066253400004],[109.136136383,0.220940975000079],[109.136148553,0.221030224000053],[109.136489075,0.221813424000058],[109.136511426,0.221866508000053],[109.137083083,0.223224193000024],[109.137825593,0.224486459000044],[109.138455541,0.225011416000031],[109.138540259,0.225303220000055],[109.138545205,0.225327950000055],[109.138651635,0.225860102000068],[109.138837263,0.226509799000032],[109.138930076,0.226862491000011],[109.139004327,0.227159495000026],[109.139007697,0.227164161000072],[109.138960113,0.227193125000042],[109.138991396,0.227235838000069],[109.140466373,0.229249750000063],[109.139983194,0.230727711000041],[109.139973942,0.230756011000027],[109.14046552,0.231586908000046],[109.143247074,0.236288472000068],[109.143247162,0.23628862100003],[109.143777822,0.237899897000026],[109.14427313,0.239403832000054],[109.144573777,0.241065035000008],[109.144628839,0.24136927600005],[109.145079853,0.241573306000008],[109.145080368,0.241577119000051],[109.145334787,0.241704328000026],[109.145317899,0.241717195000023],[109.145311158,0.242842960000077],[109.144976597,0.250902835000027],[109.144993761,0.250900037000052],[109.144556652,0.260904984000024],[109.144560764,0.26092061100007],[109.143793515,0.279404339000044],[109.169542995,0.281550129000028],[109.171257096,0.283264230000037],[109.173930131,0.288016293000052],[109.174836019,0.28982806700002],[109.177643232,0.289392465000051],[109.178801894,0.290340461000027],[109.178523147,0.292988556000061],[109.17885456,0.293237116000045],[109.178931273,0.293364971000073],[109.182840249,0.294253375000029],[109.189374335,0.293065359000017],[109.18991427,0.293065359000017],[109.190164218,0.293151879000049],[109.19098101,0.29343461500002],[109.194449594,0.293327889000067],[109.195070935,0.29094181100003],[109.195809278,0.288106424000037],[109.200408215,0.287843628000081],[109.202342268,0.285426061000054],[109.202510586,0.285215663000028],[109.202839082,0.284098779000022],[109.205007152,0.283376088000062],[109.204875754,0.275590745000048],[109.212641496,0.27513690300003],[109.207189826,0.259145335000024],[109.205783801,0.259169788000057],[109.200140727,0.25924403900006],[109.200140987,0.259271854000074],[109.198437828,0.256957562000028],[109.197944483,0.256287193000047],[109.191824502,0.247971219000014],[109.190741107,0.24649907600002],[109.190719206,0.24605010500005],[109.19056235,0.242834572000044],[109.190474458,0.241990811000042],[109.190322807,0.24053495600003],[109.190191096,0.239270525000042],[109.188186319,0.238008259000025],[109.185898924,0.238155833000053],[109.185820827,0.238113833000058],[109.185989318,0.23762657400004],[109.178795331,0.234066285000029],[109.181258321,0.228945859000016],[109.18097318,0.228798372000033],[109.178432154,0.227484048000065],[109.176798633,0.226667287000041],[109.176088947,0.225744696000039],[109.176056123,0.225702025000018],[109.175239362,0.225033766000014],[109.174496852,0.22429125600006],[109.172863331,0.223251742000055],[109.171155558,0.222434982000036],[109.17019672,0.220791258000011],[109.170160696,0.220729503000033],[109.169855358,0.220672028000018],[109.167715243,0.220269183000026],[109.167163092,0.219149959000054],[109.166950133,0.219053160000052],[109.165653017,0.216962286000059],[109.1651303,0.21686548700006],[109.164491421,0.216091090000013],[109.164355902,0.215626451000049],[109.163929984,0.215432852000044],[109.163020067,0.214329336000041],[109.163058786,0.21374853700006],[109.162555428,0.21299350000004],[109.16246343,0.212942659000017],[109.162467636,0.212912588000046],[109.161865452,0.211708220000037],[109.161932296,0.211280421000013],[109.161937517,0.211247006000059],[109.161855066,0.211186253000047],[109.161446686,0.210592245000047],[109.161075431,0.210109614000035],[109.160722738,0.209868298000056],[109.160332921,0.209459918000045],[109.16005448,0.209051537000043],[109.160067536,0.208463998000076],[109.160073042,0.208216214000062],[109.159887415,0.208030586000052],[109.159646099,0.207863522000024],[109.159638186,0.207860224000047],[109.159423346,0.207770708000052],[109.159274844,0.207715020000023],[109.158885027,0.207399453000048],[109.158792213,0.207009635000017],[109.158736525,0.206879696000045],[109.158513772,0.20678688200008],[109.158458665,0.206662891000054],[109.158439521,0.20661981800004],[109.158346707,0.206452753000063],[109.158105391,0.206285688000032],[109.157938327,0.205988684000019],[109.15802377,0.205589951000031],[109.157839418,0.205330708000012],[109.157823846,0.20530880900003],[109.15741857,0.205209049000064],[109.157242224,0.205060547000069],[109.157112285,0.204893482000038],[109.156833843,0.20473569900002],[109.156638935,0.204624323000073],[109.156379056,0.204457258000043],[109.156109896,0.204280912000064],[109.155989239,0.204095284000055],[109.15572936,0.203872531000057],[109.155599421,0.203714748000043],[109.155348824,0.203538402000047],[109.155070383,0.203473432000069],[109.154912599,0.203371337000018],[109.154801223,0.20317642900004],[109.154716306,0.203098588000048],[109.15457847,0.202972238000018],[109.15446491,0.202810633000062],[109.154326359,0.202764450000071],[109.154225778,0.202730923000042],[109.153780272,0.202471044000042],[109.153564852,0.202318983000052],[109.153464705,0.202248291000044],[109.153260515,0.202099789000035],[109.153227846,0.202075717000072],[109.152907823,0.201839911000033],[109.152592256,0.201635721000055],[109.15227669,0.201412968000055],[109.152219534,0.201355812000024],[109.152072499,0.20120877800003],[109.151722654,0.201150470000075],[109.151626994,0.20113452700001],[109.151237176,0.201023150000015],[109.151175027,0.200984904000038],[109.15099586,0.200874648000018],[109.150994346,0.200873471000024],[109.150828796,0.200744709000036],[109.15043316,0.20055327300002],[109.15025335,0.200466268000067],[109.150104849,0.200392017000074],[109.149724883,0.200039192000017],[109.149677905,0.200076450000028],[109.149572674,0.200041373000021],[109.149510841,0.200020762000058],[109.149438008,0.199954550000021],[109.149306651,0.199835134000066],[109.149296521,0.199828688000019],[109.14910246,0.199705195000033],[109.148768331,0.19948244200003],[109.148563527,0.199380040000045],[109.148508452,0.199352503000062],[109.148431557,0.199311098000054],[109.148267137,0.19922256400002],[109.147970133,0.199055499000044]]]]},"properties":{"gid":6511,"luas":52.86026146961385,"kdkab":"04","kdkec":"090","nmkab":"MEMPAWAH","nmkec":"SUNGAI PINYUH","iddesa":"6104090001","kddesa":"001","kdprov":"61","nmdesa":"SUNGAI PURUN KECIL","nmprov":"KALIMANTAN BARAT","rw_dki":"","sumber":"BPS","periode":"2023_1"}},{"id":6512,"type":"Feature","geometry":{"type":"MultiPolygon","coordinates":[[[[109.112688052,0.220202741000038],[109.111852562,0.221517409000058],[109.110929802,0.222969399000019],[109.110081249,0.224304623000018],[109.109517407,0.225191844000041],[109.109194391,0.225237397000062],[109.109282221,0.226086413000063],[109.10915974,0.226100900000062],[109.109136078,0.226107923000028],[109.10903187,0.226138850000036],[109.10889087,0.226236190000067],[109.1087466,0.226388010000045],[109.10860068,0.226556320000031],[109.10847115,0.226747740000059],[109.10833506,0.226939160000017],[109.10820226,0.227128930000041],[109.10809241,0.227295590000044],[109.10798748,0.227406150000024],[109.10787599,0.227480400000045],[109.10775466,0.227647070000049],[109.10770547,0.227775790000066],[109.1076284,0.227952360000061],[109.10753166,0.228092630000046],[109.107461383,0.228154177000013],[109.10740543,0.228203180000027],[109.10725787,0.228391300000055],[109.10714637,0.22854477000004],[109.107075009,0.228623477000031],[109.10702669,0.228676770000048],[109.10686929,0.22885498000004],[109.10677091,0.229061260000035],[109.106686763,0.229178956000046],[109.10654793,0.229373140000069],[109.10630855,0.229648710000051],[109.10612164,0.229887990000065],[109.10591669,0.23015531000003],[109.10572978,0.230407790000064],[109.10560025,0.230638810000065],[109.105550172,0.230757130000034],[109.10552482,0.230817030000017],[109.10551169,0.230939160000045],[109.10544938,0.231034860000013],[109.10535102,0.23109427000003],[109.10522479,0.231147060000066],[109.10511987,0.231211410000065],[109.10493133,0.231381370000055],[109.10472146,0.231656940000047],[109.10454275,0.231914360000067],[109.10435419,0.232180040000057],[109.10427877,0.232275750000039],[109.104269142,0.232286248000037],[109.10410171,0.232468810000046],[109.10389677,0.232671780000025],[109.10373937,0.232868140000056],[109.10360329,0.233066160000024],[109.10344588,0.233308740000036],[109.103427237,0.233335043000064],[109.103411471,0.23335728700005],[109.10327044,0.233556260000045],[109.10310156,0.233774070000038],[109.10298843,0.233930840000028],[109.10286908,0.234113140000024],[109.10271333,0.23429740000006],[109.10253512,0.234483320000028],[109.10229247,0.234713220000052],[109.10204873,0.234956340000045],[109.102020013,0.234993729000046],[109.10179187,0.23529077000006],[109.10163118,0.235525100000077],[109.10146395,0.235737400000057],[109.1013,0.235926620000039],[109.10111309,0.236136740000056],[109.10100269,0.236311650000057],[109.10086497,0.236449160000053],[109.10071523,0.236622980000053],[109.10059279,0.236833100000065],[109.10037748,0.237056410000031],[109.1002026,0.237221420000015],[109.09991514,0.237473320000054],[109.099702,0.237668030000059],[109.09950308,0.237912250000009],[109.09931179,0.238179580000054],[109.09914565,0.238376490000052],[109.098967892,0.238563880000061],[109.09889207,0.238643810000041],[109.09869861,0.238812110000017],[109.09857511,0.238910010000039],[109.09848657,0.238978220000038],[109.09825595,0.239201520000049],[109.09799144,0.239456740000031],[109.097808824,0.239607584000053],[109.097798142,0.239706391000032],[109.100405639,0.241155001000037],[109.101901885,0.242498087000051],[109.102228497,0.242791267000015],[109.104084391,0.244457187000021],[109.104089514,0.244462705000035],[109.104837521,0.245268251000021],[109.110225298,0.249120801000062],[109.112077267,0.251077106000018],[109.112281923,0.251293292000065],[109.112658765,0.251437280000055],[109.118089105,0.253512156000054],[109.121985717,0.25500101000005],[109.122033833,0.255037805000035],[109.122075104,0.255031456000033],[109.12623963,0.25421177200008],[109.127039992,0.254054239000022],[109.133703066,0.252742777000045],[109.133769633,0.252729675000068],[109.137154159,0.252177966000028],[109.139593313,0.251780361000034],[109.144976597,0.250902835000027],[109.145311158,0.242842960000077],[109.145317899,0.241717195000023],[109.145334787,0.241704328000026],[109.145080368,0.241577119000051],[109.145079853,0.241573306000008],[109.144628839,0.24136927600005],[109.144573777,0.241065035000008],[109.14427313,0.239403832000054],[109.143777822,0.237899897000026],[109.143247162,0.23628862100003],[109.143247074,0.236288472000068],[109.14046552,0.231586908000046],[109.139973942,0.230756011000027],[109.139983194,0.230727711000041],[109.140466373,0.229249750000063],[109.138991396,0.227235838000069],[109.138960113,0.227193125000042],[109.139007697,0.227164161000072],[109.139004327,0.227159495000026],[109.138930076,0.226862491000011],[109.138837263,0.226509799000032],[109.138651635,0.225860102000068],[109.138545205,0.225327950000055],[109.138540259,0.225303220000055],[109.138455541,0.225011416000031],[109.137825593,0.224486459000044],[109.137083083,0.223224193000024],[109.136511426,0.221866508000053],[109.136489075,0.221813424000058],[109.136148553,0.221030224000053],[109.136136383,0.220940975000079],[109.136136383,0.22066253400004],[109.136133336,0.220624447000031],[109.136123322,0.220499275000067],[109.13611782,0.220430500000019],[109.136089976,0.220207747000077],[109.136052851,0.219984994000077],[109.1359786,0.219715834000047],[109.135942205,0.219661242000022],[109.135867223,0.219548769000024],[109.135728003,0.219604458000042],[109.135542375,0.219474518000028],[109.135338185,0.219196077000037],[109.13517112,0.218991887000074],[109.135078307,0.218861948000041],[109.134911242,0.218732009000062],[109.134688489,0.218397879000053],[109.134521424,0.218230814000029],[109.134280109,0.218100875000061],[109.134075919,0.217952373000061],[109.133964542,0.217840997000047],[109.133778915,0.217711058000015],[109.133519036,0.217581118000053],[109.133333409,0.217414054000066],[109.133129219,0.217228426000016],[109.132943591,0.217079924000078],[109.132757964,0.216931422000062],[109.132590899,0.216745795000061],[109.132386709,0.216560167000064],[109.132312458,0.216485916000067],[109.13212683,0.216318852000014],[109.131941203,0.216151787000052],[109.131737013,0.215910471000026],[109.131458572,0.215724844000013],[109.131161568,0.215576342000013],[109.131140685,0.215510212000028],[109.131087317,0.215483528000055],[109.130957377,0.215372152000041],[109.130716062,0.215223650000033],[109.130530434,0.215075148000037],[109.13036337,0.214889520000046],[109.129899301,0.214573954000061],[109.129639423,0.214388326000052],[109.129360981,0.214147011000014],[109.12910489,0.213981304000063],[109.129045415,0.213942820000054],[109.128766974,0.213627254000078],[109.12834003,0.213255999000073],[109.127820274,0.212921869000058],[109.127541832,0.212754805000024],[109.127530702,0.212744330000029],[109.127226266,0.212457801000025],[109.126873574,0.212253611000052],[109.12657657,0.212049420000022],[109.126316691,0.211845230000047],[109.12603825,0.211603915000064],[109.125796934,0.211455413000067],[109.12562987,0.211344036000074],[109.12542568,0.211195534000069],[109.125314303,0.211102720000046],[109.125035862,0.210972781000058],[109.124924485,0.210898530000056],[109.124608919,0.210675777000063],[109.124497542,0.210582964000024],[109.124312786,0.210363566000074],[109.124200538,0.210230271000051],[109.123922097,0.210007519000036],[109.123854596,0.20993158000004],[109.122437078,0.208986568000054],[109.120061046,0.208021305000037],[109.119967401,0.207811981000012],[109.119485601,0.208633875000034],[109.119098262,0.20905179400005],[109.11879878,0.209821891000044],[109.116533046,0.213796863000016],[109.114566474,0.217246989000045],[109.113151364,0.219473706000022],[109.112688052,0.220202741000038]]]]},"properties":{"gid":6512,"luas":16.601643751360847,"kdkab":"04","kdkec":"090","nmkab":"MEMPAWAH","nmkec":"SUNGAI PINYUH","iddesa":"6104090003","kddesa":"003","kdprov":"61","nmdesa":"PENIRAMAN","nmprov":"KALIMANTAN BARAT","rw_dki":"","sumber":"BPS","periode":"2023_1"}},{"id":6513,"type":"Feature","geometry":{"type":"MultiPolygon","coordinates":[[[[109.224508172,0.327372301000011],[109.224497216,0.327374552000034],[109.223540249,0.325907440000038],[109.223494777,0.325837727000028],[109.222958165,0.32535728700003],[109.222763664,0.325516226000042],[109.22263668,0.325619993000035],[109.222635949,0.32562063900002],[109.222611039,0.325642676000028],[109.222610854,0.325696324000026],[109.22210223,0.325776634000017],[109.221766507,0.325832941000039],[109.221765825,0.325838983000041],[109.221378663,0.325907146000019],[109.220633359,0.325738927000032],[109.220436852,0.32569735800006],[109.218295677,0.325783005000055],[109.218194947,0.325594136000059],[109.215414808,0.324820532000053],[109.215097073,0.324751167000049],[109.215094747,0.324753673000029],[109.21397717,0.325957217000042],[109.213973499,0.325945317000047],[109.213741747,0.326207060000065],[109.213741449,0.326216440000047],[109.210377948,0.328641290000053],[109.210373161,0.328637732000064],[109.210341855,0.328667311000055],[109.210337486,0.328671438000062],[109.2102058,0.32879586000007],[109.21017549,0.328824497000019],[109.210176357,0.328828697000062],[109.210152064,0.32885299000003],[109.208963033,0.330042021000051],[109.208880688,0.330043811000056],[109.208842095,0.330044650000042],[109.207019866,0.330084263000054],[109.206997948,0.330037295000073],[109.206175771,0.330054074000025],[109.204331351,0.330091716000023],[109.203981664,0.330098852000047],[109.203844744,0.330143516000017],[109.203832051,0.330132636000031],[109.203811995,0.330092525000053],[109.203765198,0.330092525000053],[109.203731772,0.330092525000053],[109.203691661,0.330112580000051],[109.203662258,0.33011846100004],[109.203609508,0.33006985500003],[109.203590979,0.330052782000044],[109.203539632,0.330005469000076],[109.203537898,0.330005545000062],[109.203535449,0.330003365000035],[109.203535764,0.33000636900004],[109.203525186,0.330007299000045],[109.203524543,0.330007370000028],[109.203522576,0.330013822000056],[109.203400133,0.330183970000054],[109.20327966,0.330351380000021],[109.203228321,0.330422721000045],[109.203107573,0.330590514000047],[109.203093907,0.330609504000052],[109.202646336,0.331231455000021],[109.202580046,0.33132357300002],[109.202274445,0.331748238000049],[109.20227781,0.331784129000019],[109.201893316,0.332428562000079],[109.201712694,0.332731295000034],[109.201700554,0.332735004000014],[109.201082779,0.332923769000035],[109.200953082,0.333012342000078],[109.200860634,0.333075477000027],[109.20044995,0.333355945000038],[109.200433297,0.333367318000056],[109.19971517,0.33372638100002],[109.199712501,0.333732805000063],[109.199336305,0.333894032000051],[109.199280133,0.33388779000006],[109.19925314,0.333884791000062],[109.199226147,0.333911784000052],[109.198971207,0.334166724000058],[109.198932529,0.334205402000061],[109.198928399,0.334206892000048],[109.198926884,0.334211047000053],[109.198926572,0.334211359000047],[109.198883524,0.334209252000047],[109.198817588,0.334267861000062],[109.197537208,0.337639527000018],[109.197622028,0.337652920000039],[109.197615769,0.337670058000075],[109.197563429,0.337813368000064],[109.197589277,0.337821530000038],[109.197584551,0.337834489000038],[109.197599912,0.337846010000015],[109.197457823,0.338130188000029],[109.197246609,0.338679344000056],[109.197246609,0.338946205000058],[109.197038035,0.339555881000012],[109.196869064,0.340083916000028],[109.196758074,0.34042857000003],[109.196467758,0.341330077000067],[109.196383272,0.341731383000011],[109.196383272,0.341783623000013],[109.196383272,0.34200741800003],[109.196374648,0.342021990000036],[109.196374648,0.342076546000038],[109.196186301,0.342340232000014],[109.196013597,0.342632043000028],[109.195834117,0.342935302000061],[109.195894785,0.343253811000062],[109.195946911,0.343527472000061],[109.195977646,0.34368883300004],[109.196003088,0.343822400000019],[109.196166018,0.343918241000036],[109.196316978,0.344007041000049],[109.196302039,0.344171371000066],[109.196331024,0.34443223900007],[109.196374648,0.344781230000023],[109.196374648,0.344824854000021],[109.196374648,0.344868478000014],[109.196321971,0.344973832000047],[109.196317686,0.345071849000012],[109.196255761,0.345106252000041],[109.196243776,0.345130222000023],[109.196200152,0.345391965000025],[109.196200152,0.345626681000058],[109.196198408,0.345626454000067],[109.196200152,0.345634475000054],[109.196201399,0.34564021100004],[109.196200152,0.345641266000033],[109.196192356,0.345647862000012],[109.19619054,0.345649399000022],[109.196231534,0.345874865000034],[109.196230785,0.345876387000029],[109.196251018,0.345881329000063],[109.196398197,0.347842930000064],[109.196923296,0.354841432000053],[109.196927998,0.354904106000042],[109.197437422,0.361693674000033],[109.198010834,0.362190631000029],[109.198012816,0.36219895800002],[109.198062711,0.362226677000011],[109.198597528,0.362708013000032],[109.199239309,0.363349793000051],[109.199453235,0.363991574000069],[109.199560199,0.364954245000036],[109.199560199,0.364970958000069],[109.200362424,0.365221653000041],[109.201111168,0.365275135000049],[109.202073839,0.365061208000041],[109.202769102,0.364740318000032],[109.203089992,0.364472909000016],[109.203336831,0.364267210000024],[109.203410882,0.364205501000063],[109.203571327,0.363777647000054],[109.203571327,0.362868458000033],[109.203571327,0.362280159000015],[109.203571327,0.362112636000055],[109.203591383,0.362099658000027],[109.203965755,0.360762616000048],[109.204393609,0.358676829000044],[109.20444709,0.356430597000041],[109.204500572,0.355628371000009],[109.204607535,0.354612219000034],[109.204607535,0.354449878000011],[109.204607535,0.35397043800003],[109.204393609,0.35322169400006],[109.204273275,0.352981026000066],[109.204554054,0.352900804000059],[109.205249316,0.352900804000059],[109.205837615,0.352900804000059],[109.206693322,0.353061249000055],[109.207091888,0.353260532000035],[109.207107806,0.353235064000042],[109.20725488,0.352793840000049],[109.207468807,0.352339246000039],[109.207736216,0.351777688000018],[109.20786992,0.351349834000079],[109.208057106,0.350694683000031],[109.208257662,0.349959310000027],[109.2085117,0.348702489000061],[109.208618664,0.348087450000036],[109.208712257,0.347566003000045],[109.208733954,0.347363495000023],[109.208752368,0.347191631000045],[109.208726866,0.34710662300006],[109.208717992,0.34707704400006],[109.208761068,0.346944072000041],[109.208788404,0.346909902000043],[109.208794062,0.346902829000047],[109.208803216,0.346862550000022],[109.208806586,0.346851780000057],[109.208829062,0.346792283000074],[109.208831025,0.34679194200004],[109.208838952,0.346766104000041],[109.208992553,0.346265480000053],[109.209063579,0.346033986000064],[109.209718122,0.344014481000041],[109.209702898,0.34400771400004],[109.209786909,0.343737340000066],[109.208197116,0.341840886000058],[109.20948618,0.341154692000032],[109.210496604,0.340616824000053],[109.210525838,0.340618596000066],[109.212049429,0.339770854000042],[109.213457559,0.338674730000027],[109.213458494,0.338674953000056],[109.213778429,0.33842860300007],[109.213796249,0.338432515000017],[109.21466658,0.337726397000028],[109.214663516,0.337701888000022],[109.214668633,0.337697660000067],[109.214881383,0.337965243000038],[109.215060517,0.338190546000021],[109.215060609,0.338190557000074],[109.216542598,0.336966495000064],[109.216346287,0.336629494000022],[109.216357685,0.336526919000043],[109.217959013,0.335681229000032],[109.217940608,0.335600708000072],[109.218130457,0.335528533000053],[109.218179339,0.335509950000067],[109.219447226,0.33502794300005],[109.219740231,0.334866285000033],[109.219881724,0.334731695000068],[109.220368888,0.334251113000051],[109.220875803,0.333592783000023],[109.221356384,0.332802786000063],[109.22168555,0.332394621000049],[109.221801434,0.332341341000073],[109.22178273,0.332332839000052],[109.22181175,0.332314372000034],[109.221876466,0.332078622000039],[109.224048957,0.330274796000019],[109.224539054,0.329913672000025],[109.224554225,0.329873215000017],[109.224909724,0.329672424000014],[109.225189514,0.329537466000026],[109.225393597,0.329494675000033],[109.225515388,0.329494675000033],[109.225613767,0.329511540000051],[109.225678624,0.329487498000044],[109.225829282,0.329431650000053],[109.225832952,0.329430290000059],[109.22583912,0.329431808000037],[109.225338086,0.328663679000037],[109.224763649,0.327758941000073],[109.224508172,0.327372301000011]]]]},"properties":{"gid":6513,"luas":6.051890995607316,"kdkab":"04","kdkec":"091","nmkab":"MEMPAWAH","nmkec":"ANJONGAN","iddesa":"6104091004","kddesa":"004","kdprov":"61","nmdesa":"PAK BULU","nmprov":"KALIMANTAN BARAT","rw_dki":"","sumber":"BPS","periode":"2023_1"}},{"id":6514,"type":"Feature","geometry":{"type":"MultiPolygon","coordinates":[[[[109.101901885,0.242498087000051],[109.100405639,0.241155001000037],[109.097798142,0.239706391000032],[109.097796839,0.239718441000038],[109.09636461,0.241150671000068],[109.095319267,0.242196014000049],[109.095261037,0.24225424300004],[109.094343648,0.243171633000021],[109.094167421,0.243347859000035],[109.093741523,0.243773758000026],[109.093644966,0.243776160000037],[109.093728129,0.243883467000044],[109.093685341,0.243924180000021],[109.093553017,0.244050089000045],[109.093402027,0.244193758000044],[109.092028717,0.245500484000044],[109.09088422,0.246589489000025],[109.090122928,0.24731387000003],[109.089856618,0.247567269000065],[109.088818968,0.248554608000061],[109.088839781,0.248624978000065],[109.08878911,0.248673520000069],[109.088770545,0.248694254000033],[109.088726954,0.248643275000055],[109.088630949,0.24873328000006],[109.088516943,0.248799284000022],[109.088398438,0.248921081000045],[109.088300932,0.249021295000018],[109.088006916,0.249165303000034],[109.087622896,0.249507321000068],[109.087430886,0.249771334000049],[109.087280878,0.24992134200004],[109.087142871,0.250029348000052],[109.087184873,0.250131353000016],[109.087280843,0.250162201000028],[109.087249668,0.250187420000033],[109.08722351,0.25020858000005],[109.087212154,0.250219024000041],[109.087160872,0.250113352000023],[109.087100869,0.250119352000071],[109.087010864,0.250203357000033],[109.086968862,0.250293362000029],[109.08692086,0.250359365000068],[109.086830855,0.250455370000041],[109.08673485,0.250569376000035],[109.086632845,0.250599378000052],[109.086632845,0.250521373000024],[109.086650846,0.250461370000025],[109.086626844,0.250431369000059],[109.086554841,0.250545375000051],[109.08654284,0.250635379000071],[109.086494837,0.250779387000013],[109.086434834,0.250959396000043],[109.086362831,0.251079403000059],[109.086367145,0.251102052000015],[109.086243806,0.251177670000058],[109.086221376,0.251191421000051],[109.0861997,0.251204710000026],[109.08597191,0.251310100000069],[109.08585934,0.251341720000031],[109.08569701,0.251436570000064],[109.08557395,0.251505090000016],[109.08540638,0.251613120000056],[109.08526237,0.251710620000044],[109.08510265,0.251821300000073],[109.08492199,0.251947780000016],[109.08475965,0.25206373000003],[109.08462088,0.252216580000043],[109.08447162,0.252393140000027],[109.08429096,0.252543350000053],[109.08407362,0.252719900000034],[109.08375681,0.252967610000043],[109.083556315,0.253134082000019],[109.08333788,0.253315450000048],[109.08311531,0.253481470000043],[109.08291633,0.253621130000057],[109.082808793,0.253693276000028],[109.08273566,0.253742340000024],[109.08253405,0.253887270000061],[109.08231149,0.254045370000035],[109.08206275,0.254221930000026],[109.08186638,0.254345780000042],[109.08167,0.254482800000058],[109.08145531,0.254638270000034],[109.081424067,0.254661099000034],[109.08126416,0.254777940000053],[109.08109659,0.254914960000056],[109.08090283,0.255088890000025],[109.08070384,0.255249640000045],[109.080442,0.255449900000033],[109.08020373,0.255618550000062],[109.07998904,0.255781930000071],[109.07981623,0.255916320000038],[109.07962508,0.256069160000038],[109.07943918,0.256193010000062],[109.07919569,0.25634321000006],[109.07894956,0.256493400000058],[109.07874272,0.256622520000059],[109.07849399,0.256764800000038],[109.07827929,0.256888650000062],[109.07808554,0.257023030000029],[109.07791011,0.25714952000003],[109.077845389,0.257202202000025],[109.07773206,0.257294450000073],[109.07754092,0.257463100000047],[109.07731573,0.257655480000039],[109.07708009,0.257829390000035],[109.07689418,0.257961150000016],[109.076672889,0.258100010000017],[109.076674338,0.258122471000034],[109.076658714,0.258139793000052],[109.076573248,0.258234549000067],[109.076389821,0.258437914000064],[109.076348318,0.258483928000031],[109.077316489,0.259555096000038],[109.077415355,0.259664479000033],[109.077466255,0.259667706000077],[109.077460761,0.259702318000047],[109.078550501,0.261072060000053],[109.079836999,0.262093691000074],[109.079844713,0.262089317000056],[109.079844567,0.262093691000074],[109.081184039,0.263751004000025],[109.081880262,0.264689391000044],[109.082145129,0.265075341000055],[109.082546214,0.265650481000025],[109.082311617,0.265809402000049],[109.082523511,0.266233190000039],[109.082575829,0.266214862000025],[109.082582904,0.266212383000034],[109.082585149,0.266233334000037],[109.08259162,0.266293731000069],[109.082699589,0.266514434000046],[109.083106219,0.26734563200006],[109.083741901,0.267920773000065],[109.083774005,0.267909314000063],[109.083772171,0.267935908000019],[109.08543679,0.269464330000061],[109.0854367,0.269465317000019],[109.085439324,0.269469189000069],[109.0854914,0.269444900000054],[109.085496111,0.269442673000065],[109.086110572,0.269214839000026],[109.087979778,0.268329425000037],[109.087953121,0.268240567000024],[109.089159565,0.267663320000051],[109.089414232,0.267937961000037],[109.089764369,0.268315559000024],[109.090675136,0.269261810000043],[109.090912128,0.269168116000059],[109.091661622,0.27029731000005],[109.091646891,0.270312294000055],[109.091674828,0.270307215000061],[109.092219615,0.271281227000028],[109.09217959,0.271302110000016],[109.092225958,0.271281783000069],[109.092271027,0.271361520000017],[109.092228509,0.271494744000042],[109.092225658,0.271557466000047],[109.092607489,0.272268463000044],[109.092818155,0.272768794000053],[109.092923488,0.273216459000023],[109.092910322,0.273532458000033],[109.092911872,0.273533122000056],[109.092933733,0.273542491000048],[109.092939833,0.273487591000046],[109.095491257,0.271074082000032],[109.095511116,0.271055296000046],[109.095728285,0.271098729000071],[109.095893334,0.27124640500005],[109.095982971,0.271341021000065],[109.095991437,0.271381535000039],[109.096243999,0.271964113000014],[109.096826588,0.27258688100005],[109.096833312,0.27261067400001],[109.096913742,0.272672996000033],[109.096556204,0.27301776400002],[109.097042782,0.273372495000049],[109.098056599,0.274111601000065],[109.100299382,0.275742715000029],[109.100366586,0.275549388000056],[109.102317057,0.27705447600004],[109.102293606,0.277082290000071],[109.102483665,0.277208995000018],[109.107796579,0.280133821000053],[109.109695339,0.281179112000072],[109.109712565,0.28115973200005],[109.110148541,0.281399834000064],[109.110186042,0.281419835000055],[109.112151312,0.282467979000036],[109.112490064,0.282648647000028],[109.113431241,0.283150608000028],[109.114188174,0.283554306000033],[109.114992386,0.283983219000047],[109.115040472,0.284060896000025],[109.118885805,0.285574484000056],[109.121799583,0.286721397000056],[109.122046281,0.286253970000072],[109.122096283,0.286290531000022],[109.129245487,0.291517906000017],[109.134822243,0.295595534000017],[109.141014131,0.298916638000038],[109.141181133,0.29955895200004],[109.145623646,0.302869059000041],[109.149717726,0.304872545000019],[109.151027611,0.304799774000047],[109.151285671,0.305177424000015],[109.15423698,0.30639585400007],[109.154253657,0.306365834000068],[109.154268997,0.306373385000021],[109.154288753,0.306383109000012],[109.154718545,0.306594665000029],[109.154889131,0.30667863200005],[109.154895966,0.306667912000015],[109.15517287,0.306233609000055],[109.157459025,0.307158542000021],[109.160390372,0.308604673000039],[109.161421965,0.308247054000044],[109.162791293,0.308247054000044],[109.163396517,0.309538197000052],[109.16358129,0.30993238000001],[109.163791956,0.310775044000018],[109.16431862,0.311723040000047],[109.165845947,0.312565703000065],[109.167215275,0.312776369000052],[109.1692166,0.312091705000058],[109.17069126,0.310827710000072],[109.171849922,0.309247717000071],[109.17321925,0.306930393000077],[109.174219913,0.305719064000076],[109.17485191,0.305192400000067],[109.17485191,0.305044839000052],[109.17485191,0.304941037000045],[109.175325908,0.304876401000059],[109.17648457,0.304349737000055],[109.177432566,0.303717739000031],[109.178327896,0.302822410000029],[109.178622967,0.302396196000065],[109.178801894,0.302137746000025],[109.179012559,0.301400416000033],[109.179170559,0.299767756000042],[109.179272366,0.299177274000046],[109.179433891,0.298240429000028],[109.179486557,0.29629177000003],[109.179539224,0.295238441000031],[109.179433891,0.294290445000051],[109.179012559,0.293500448000037],[109.178931273,0.293364971000073],[109.17885456,0.293237116000045],[109.178523147,0.292988556000061],[109.178801894,0.290340461000027],[109.177643232,0.289392465000051],[109.174836019,0.28982806700002],[109.173930131,0.288016293000052],[109.171257096,0.283264230000037],[109.169542995,0.281550129000028],[109.143793515,0.279404339000044],[109.144560764,0.26092061100007],[109.144556652,0.260904984000024],[109.144993761,0.250900037000052],[109.144976597,0.250902835000027],[109.139593313,0.251780361000034],[109.137154159,0.252177966000028],[109.133769633,0.252729675000068],[109.133703066,0.252742777000045],[109.127039992,0.254054239000022],[109.12623963,0.25421177200008],[109.122075104,0.255031456000033],[109.122033833,0.255037805000035],[109.121985717,0.25500101000005],[109.118089105,0.253512156000054],[109.112658765,0.251437280000055],[109.112281923,0.251293292000065],[109.112077267,0.251077106000018],[109.110225298,0.249120801000062],[109.104837521,0.245268251000021],[109.104089514,0.244462705000035],[109.104084391,0.244457187000021],[109.102228497,0.242791267000015],[109.101901885,0.242498087000051]]]]},"properties":{"gid":6514,"luas":36.69022431695567,"kdkab":"04","kdkec":"090","nmkab":"MEMPAWAH","nmkec":"SUNGAI PINYUH","iddesa":"6104090004","kddesa":"004","kdprov":"61","nmdesa":"NUSAPATI","nmprov":"KALIMANTAN BARAT","rw_dki":"","sumber":"BPS","periode":"2023_1"}},{"id":6515,"type":"Feature","geometry":{"type":"MultiPolygon","coordinates":[[[[109.08738015,0.275277664000047],[109.087671031,0.275814095000041],[109.087673292,0.275818264000067],[109.087691312,0.275821868000032],[109.087696201,0.275826313000046],[109.087720893,0.275848760000023],[109.088769967,0.277547732000064],[109.088981266,0.277889930000075],[109.088997116,0.277915600000027],[109.088992875,0.277932565000064],[109.089603343,0.279000883000041],[109.089618532,0.279001983000054],[109.088795855,0.279540727000037],[109.088794658,0.279539806000055],[109.088796765,0.279505038000032],[109.088249205,0.279852711000034],[109.082122914,0.283742590000026],[109.082061597,0.283831779000026],[109.082029785,0.283777513000081],[109.081191626,0.282334017000032],[109.081063574,0.282334017000032],[109.081049344,0.282341085000049],[109.08069307,0.282518058000046],[109.080692747,0.282518218000066],[109.079942626,0.282890828000048],[109.079502904,0.283109251000027],[109.079383985,0.283168322000043],[109.079282486,0.283218740000046],[109.079573514,0.283637820000022],[109.076663239,0.284860135000029],[109.076542027,0.285015017000032],[109.07648,0.285041900000054],[109.076496624,0.285073032000066],[109.076453699,0.285127881000042],[109.076954266,0.286059168000058],[109.077303499,0.28661794100003],[109.077955401,0.287153432000022],[109.0779813,0.287160034000055],[109.07803793,0.287174469000034],[109.078020664,0.287194613000045],[109.078008009,0.287209376000016],[109.077966663,0.287218773000053],[109.078029545,0.287339701000055],[109.078198844,0.287465466000068],[109.078300424,0.287567045000051],[109.078387492,0.287639602000063],[109.078450374,0.287716996000023],[109.078537015,0.287823631000037],[109.078554981,0.287845742000056],[109.078576139,0.287871783000063],[109.078716416,0.287920155000044],[109.078734368,0.287929131000044],[109.078813158,0.287968526000041],[109.078909901,0.288103965000053],[109.078930023,0.288168358000073],[109.07895005,0.288232442000029],[109.078958272,0.288258753000034],[109.079006643,0.288365169000017],[109.079023417,0.288373556000059],[109.079142082,0.288432889000037],[109.079248499,0.288476423000018],[109.079286635,0.288514559000022],[109.079321753,0.288549677000053],[109.079345241,0.288573165000055],[109.079422635,0.288713442000069],[109.079426456,0.288749743000041],[109.079432309,0.288805347000041],[109.079432309,0.288840456000054],[109.079432309,0.288882741000062],[109.079445446,0.288914270000025],[109.079456495,0.288940786000074],[109.079495192,0.289013343000014],[109.079519377,0.289047203000052],[109.079547434,0.289042527000042],[109.079688439,0.289280473000016],[109.07979664,0.289448785000039],[109.079815788,0.289478571000078],[109.0801059,0.28956686600002],[109.080141234,0.289577620000035],[109.080509129,0.289747418000039],[109.080587531,0.289851953000038],[109.080745063,0.290061996000014],[109.080763826,0.290087014000047],[109.080858466,0.290228974000049],[109.080877025,0.290256812000044],[109.081113603,0.290368142000031],[109.081117572,0.29037001000006],[109.081119194,0.290372491000024],[109.081249703,0.290572093000025],[109.081358119,0.290737906000063],[109.081388683,0.290749661000065],[109.081542067,0.290808655000026],[109.082277858,0.291049202000055],[109.082271623,0.291057784000016],[109.082290754,0.29105406400003],[109.082345947,0.291265636000037],[109.082389036,0.29143080800003],[109.082457518,0.291468854000065],[109.082683879,0.291594610000061],[109.082759534,0.291758529000047],[109.082880441,0.292020495000029],[109.083092813,0.29215027800006],[109.083175285,0.292200677000036],[109.08323617,0.292474660000033],[109.083306327,0.292790365000026],[109.083349054,0.292875819000068],[109.083371847,0.292921406000062],[109.083395966,0.292901881000029],[109.083715831,0.292642943000029],[109.083863253,0.292708464000039],[109.084008967,0.292999892000062],[109.084043435,0.293068828000058],[109.084033277,0.293080700000064],[109.084076196,0.293134349000064],[109.084174477,0.293101588000063],[109.0844038,0.293068828000058],[109.084698643,0.293314531000017],[109.084616742,0.293445572000045],[109.084654897,0.293545729000065],[109.084747784,0.293789556000033],[109.084810756,0.294030949000034],[109.084846065,0.294166301000072],[109.084895205,0.294297343000033],[109.085091768,0.294248202000067],[109.085550413,0.294280962000072],[109.085681455,0.294477525000043],[109.085812496,0.294805129000048],[109.08607458,0.294870649000069],[109.086438428,0.294940620000034],[109.086500465,0.294952550000051],[109.086585269,0.294928320000042],[109.086729006,0.294887253000059],[109.086729787,0.294887030000042],[109.087024631,0.294936170000031],[109.087204813,0.295099972000049],[109.087499657,0.295280154000068],[109.087728979,0.295427576000062],[109.088040203,0.295673279000014],[109.088220385,0.295902602000072],[109.08834547,0.296027687000042],[109.088351427,0.296017263000064],[109.088596637,0.296229778000054],[109.08859713,0.296230206000067],[109.088597504,0.296230206000067],[109.088777312,0.296230206000067],[109.089055775,0.295968123000015],[109.089268718,0.295902602000072],[109.089678223,0.29624658600004],[109.089818293,0.296302614000066],[109.089842025,0.296312107000057],[109.09031705,0.296426768000054],[109.090369535,0.296383030000078],[109.090415331,0.296344867000067],[109.090628274,0.296492289000076],[109.090808456,0.296557810000024],[109.090939498,0.296787132000008],[109.091037779,0.297000075000027],[109.091201581,0.297229398000075],[109.09121421,0.297276999000071],[109.091215714,0.297278850000053],[109.091211357,0.29725706800001],[109.091303493,0.297270888000063],[109.091415251,0.297286304000063],[109.09143709,0.297289316000032],[109.09147712,0.297293764000076],[109.091520012,0.297298529000043],[109.091653608,0.297270888000063],[109.091682401,0.297248951000026],[109.091730327,0.297212436000051],[109.09175035,0.297197180000066],[109.091860913,0.297160326000028],[109.091976083,0.297187966000018],[109.092017693,0.297357181000045],[109.092087674,0.29746565200003],[109.092192267,0.297627772000059],[109.092422643,0.297814952000063],[109.092753807,0.297800553000062],[109.093041776,0.297728561000035],[109.093160003,0.297696317000021],[109.093200159,0.297685366000049],[109.093516925,0.297742959000051],[109.093552282,0.297794387000069],[109.093573671,0.297825498000065],[109.093598339,0.297861380000016],[109.093675308,0.297973335000051],[109.093757249,0.298137215000057],[109.093804894,0.29813171800004],[109.093782217,0.298211089000062],[109.093747301,0.298333296000067],[109.093704105,0.298448484000058],[109.093862488,0.298606867000044],[109.094136059,0.298650062000037],[109.094294442,0.298621265000057],[109.09450423,0.298607279000066],[109.094510419,0.298606867000044],[109.094611208,0.298635664000072],[109.094841583,0.29876525000002],[109.09487613,0.29881707000004],[109.094899177,0.298851641000053],[109.095129552,0.299067617000042],[109.095215943,0.299110813000021],[109.095388724,0.299110813000021],[109.095518311,0.298995625000019],[109.095676694,0.298822844000024],[109.095935866,0.298664461000041],[109.096195038,0.298578070000072],[109.096350328,0.298567717000023],[109.096519702,0.298619266000059],[109.096583223,0.298608219000064],[109.096590995,0.298606867000044],[109.096713382,0.298599668000066],[109.096900562,0.298599668000066],[109.097102141,0.298635664000072],[109.097253324,0.298736453000058],[109.09739011,0.29881564400006],[109.097541266,0.298894022000075],[109.097584489,0.298916434000035],[109.097728473,0.298988426000037],[109.097886856,0.299038820000012],[109.098045239,0.299053219000029],[109.098218021,0.299010024000039],[109.098285526,0.298958402000035],[109.098340408,0.298916434000035],[109.098426798,0.298866039000071],[109.098541986,0.298858840000023],[109.098750764,0.298974027000041],[109.098879518,0.299119949000047],[109.098999041,0.299199631000016],[109.099016952,0.299210825000044],[109.099269108,0.299247598000017],[109.099413093,0.299319590000034],[109.099629069,0.29939878200002],[109.099701062,0.299477973000013],[109.09999623,0.299585962000041],[109.100147414,0.299600360000046],[109.100269801,0.299621958000046],[109.100284199,0.299621958000046],[109.100514574,0.299708349000071],[109.100672957,0.299737145000043],[109.100713294,0.29973240000003],[109.100795344,0.299722747000028],[109.100841498,0.299699670000048],[109.100881735,0.299679552000041],[109.101013258,0.299567757000027],[109.101025719,0.299557165000062],[109.10111211,0.299434778000032],[109.101198501,0.299319590000034],[109.101443275,0.299182805000044],[109.101680849,0.299067617000042],[109.101911224,0.299017223000026],[109.102069607,0.299002824000066],[109.102083859,0.299003333000026],[109.102271186,0.299010024000039],[109.10241517,0.299024422000053],[109.102478635,0.299016144000061],[109.102580753,0.298920033000059],[109.102659944,0.298855240000017],[109.102767932,0.298790447000041],[109.102850724,0.298754451000032],[109.102937114,0.29875805100005],[109.103030704,0.298776049000013],[109.103113495,0.298833642000037],[109.103128865,0.298872066000061],[109.103142292,0.298905635000038],[109.103189087,0.298981227000058],[109.103250281,0.299042420000028],[109.103340271,0.299146809000034],[109.103430261,0.299254797000055],[109.103484256,0.299308791000042],[109.103559847,0.299369985000047],[109.103797422,0.29946357500006],[109.103869414,0.299499571000069],[109.103887438,0.299529985000045],[109.103927008,0.299596761000026],[109.103963004,0.29972634700004],[109.103975611,0.299787806000037],[109.103991801,0.299866732000046],[109.104034997,0.300068310000026],[109.104081791,0.300161900000039],[109.104207778,0.300205095000023],[109.104253457,0.300231198000059],[109.10428337,0.300248291000065],[109.104358962,0.300320283000075],[109.104391358,0.300385076000048],[109.104412956,0.300532660000038],[109.104423755,0.300655047000026],[109.104448952,0.300781033000024],[109.104499347,0.300853026000023],[109.104549741,0.300914219000044],[109.104582138,0.300950215000062],[109.104679327,0.301090600000061],[109.10468169,0.301094855000034],[109.104697325,0.301122997000045],[109.104780117,0.301284979000054],[109.104808913,0.30143976300007],[109.104812513,0.301842919000026],[109.104816113,0.301853718000064],[109.104830644,0.302062004000048],[109.104852109,0.302129975000067],[109.104852109,0.302282072000017],[109.10484491,0.302494450000036],[109.104805314,0.302656432000047],[109.104798115,0.302746423000035],[109.104823312,0.302958800000058],[109.104823312,0.303077587000074],[109.104826446,0.303193526000028],[109.104826912,0.303210773000038],[109.104909703,0.30328996400004],[109.104970896,0.303451947000044],[109.105021291,0.303613929000057],[109.105021291,0.303624728000039],[109.104988894,0.303887500000031],[109.1049313,0.304053082000048],[109.104866507,0.304215065000047],[109.104819712,0.304387846000047],[109.104758519,0.304571427000032],[109.104697325,0.304697413000035],[109.104592937,0.304852197000057],[109.104625333,0.304992581000027],[109.104675728,0.305093371000054],[109.104740521,0.305269752000064],[109.104780117,0.305334545000045],[109.104790915,0.305435334000033],[109.104790915,0.305507326000052],[109.104794515,0.305820493000043],[109.104824704,0.30594426900006],[109.104830511,0.305968077000043],[109.104848509,0.306072466000045],[109.104891705,0.306202052000053],[109.1049313,0.306292042000045],[109.104974496,0.306382032000046],[109.105046488,0.306529617000025],[109.105071685,0.306590810000048],[109.105158076,0.306695199000041],[109.105266064,0.306810386000053],[109.105374053,0.306918375000066],[109.105510838,0.307022764000072],[109.105626026,0.307116354000072],[109.105723215,0.307191945000053],[109.105906796,0.307299934000067],[109.106032782,0.307339530000021],[109.10624156,0.307400723000057],[109.106507931,0.30749791300002],[109.106594322,0.307523110000033],[109.106871492,0.307577104000075],[109.10698308,0.307584303000045],[109.10717386,0.307584303000045],[109.10718242,0.30758463700004],[109.10726385,0.307656296000062],[109.10754462,0.307771483000057],[109.107667007,0.30791546800002],[109.107998171,0.308016257000022],[109.1080144,0.308021082000033],[109.108264543,0.308095448000076],[109.108418038,0.308130533000055],[109.108516516,0.308153042000063],[109.108689297,0.308181839000045],[109.108948469,0.308181839000045],[109.109286833,0.308181839000045],[109.109524407,0.308138644000052],[109.109653993,0.308066652000037],[109.109848373,0.307994659000026],[109.109970759,0.307958663000014],[109.110273127,0.307929866000055],[109.110373916,0.307929866000055],[109.110739277,0.308012657000059],[109.110843666,0.308145843000038],[109.110921057,0.308262831000039],[109.110975052,0.308349221000062],[109.111187429,0.308966555000029],[109.111214426,0.309222128000043],[109.111279219,0.309335515000033],[109.11136201,0.309486699000053],[109.111540191,0.309889856000043],[109.11164278,0.310044639000065],[109.111734934,0.310140027000043],[109.111745369,0.310150828000065],[109.111973945,0.310352406000048],[109.112114329,0.310462194000023],[109.112211519,0.310514389000039],[109.112283511,0.310543186000068],[109.112452693,0.310597180000048],[109.112586253,0.310650282000038],[109.112602077,0.310656574000061],[109.112825253,0.310676371000049],[109.112980037,0.310679971000069],[109.113154618,0.310670972000027],[109.113287803,0.310850953000051],[109.113354396,0.310935544000073],[109.113377794,0.310998537000052],[109.113455186,0.311129923000063],[109.113532577,0.311198315000068],[109.113631567,0.311250510000036],[109.113748554,0.311311703000053],[109.113905137,0.311392695000046],[109.11397533,0.311425091000051],[109.114306494,0.311693262000057],[109.114322095,0.311709978000067],[109.114407283,0.311801251000011],[109.114461408,0.311916060000037],[109.115262497,0.312084710000021],[109.115229859,0.312378456000032],[109.115262782,0.312409628000058],[109.115268941,0.31243118300006],[109.115340566,0.312483274000035],[109.115427324,0.312546371000045],[109.115528113,0.312603965000045],[109.115550343,0.312611375000059],[109.116421159,0.312611375000059],[109.117632488,0.312664041000068],[109.117818164,0.312717091000014],[109.117884451,0.312692233000059],[109.117947053,0.312704754000036],[109.118049553,0.312720938000035],[109.118220624,0.312747949000025],[109.118542414,0.312789922000025],[109.118551789,0.312791145000053],[109.118753367,0.312819941000039],[109.119026938,0.312877535000042],[109.119271711,0.312920731000024],[109.119674868,0.312992723000022],[109.119736119,0.313020286000046],[109.119962837,0.313122309000046],[109.120394791,0.31325189500006],[109.120668361,0.313295090000046],[109.120812346,0.313309489000062],[109.121129112,0.313511067000027],[109.121201104,0.31352546600004],[109.121460276,0.313640653000041],[109.121777042,0.313640653000041],[109.122367379,0.313597458000055],[109.122856927,0.313683849000024],[109.123404068,0.313871029000037],[109.123749631,0.314029412000027],[109.124267975,0.314173396000057],[109.124714327,0.314317381000021],[109.125117484,0.314374975000018],[109.125592633,0.314432568000034],[109.126442142,0.314590951000066],[109.126744509,0.314619748000039],[109.127752401,0.314547756000011],[109.128587512,0.314490162000022],[109.129278637,0.314475764000061],[109.129768185,0.314475764000061],[109.130128146,0.314432568000034],[109.130401717,0.314374975000018],[109.130920061,0.314158998000045],[109.131236827,0.314029412000027],[109.131654382,0.313899826000065],[109.131750905,0.313859608000032],[109.131938815,0.313781312000049],[109.131999945,0.31375584100004],[109.132244719,0.313655052000054],[109.132662274,0.313640653000041],[109.132964642,0.313640653000041],[109.1333534,0.313712646000055],[109.133577814,0.313734363000029],[109.133799752,0.31375584100004],[109.134087721,0.31375584100004],[109.134299183,0.313702976000054],[109.134318097,0.313698247000033],[109.134473085,0.313656917000047],[109.134939864,0.313509262000016],[109.134946348,0.313513765000037],[109.135066816,0.313467872000046],[109.135340387,0.313410278000042],[109.135556364,0.313352684000055],[109.135815536,0.31325189500006],[109.13595952,0.313208700000076],[109.135963795,0.313209650000027],[109.136218586,0.313266270000039],[109.136218693,0.313266294000072],[109.13652106,0.313424677000053],[109.136794631,0.313583060000037],[109.137111397,0.313712646000055],[109.13735617,0.313799036000039],[109.137485757,0.313943021000058],[109.137557749,0.314029412000027],[109.13783132,0.314072607000061],[109.138119289,0.313957419000084],[109.138464852,0.313856630000029],[109.138594438,0.313813435000037],[109.138997594,0.313799036000039],[109.139141579,0.313799036000039],[109.139440347,0.313795437000067],[109.139634726,0.313687448000047],[109.139713917,0.313644253000055],[109.139830842,0.313620868000042],[109.139893898,0.313608257000052],[109.140102676,0.313586659000061],[109.140203465,0.313593858000045],[109.140549028,0.313579460000028],[109.140693012,0.313586659000061],[109.140916188,0.313464272000035],[109.141009778,0.313464272000035],[109.14108897,0.313464272000035],[109.141247353,0.313521866000024],[109.141362541,0.313557862000029],[109.141520924,0.313622655000068],[109.141664908,0.313622655000068],[109.141960076,0.313629855000043],[109.142010471,0.313629855000043],[109.142043756,0.313652045000022],[109.142075264,0.31367305000003],[109.142168854,0.313709046000047],[109.142370432,0.313723444000053],[109.142507218,0.313694648000021],[109.142622405,0.313629855000043],[109.142683898,0.313579892000067],[109.142737593,0.313536265000041],[109.14276639,0.313521866000024],[109.142874378,0.313500268000033],[109.142917368,0.313496360000042],[109.14295357,0.313550663000053],[109.143068757,0.313601058000066],[109.14322714,0.313629855000043],[109.143349527,0.313579460000028],[109.143403013,0.313540561000015],[109.143428719,0.313521866000024],[109.143493512,0.313493069000056],[109.143587102,0.313464272000035],[109.143630297,0.313464272000035],[109.143723887,0.313442675000028],[109.143795879,0.313399479000053],[109.143860672,0.313356284000068],[109.143947063,0.313291491000028],[109.144011856,0.313226698000056],[109.144076649,0.313176303000034],[109.144148642,0.313176303000034],[109.144231225,0.313182656000022],[109.144242231,0.313183502000073],[109.144262689,0.313182041000066],[109.144308372,0.313096050000068],[109.144689876,0.313072206000075],[109.14525604,0.312927373000037],[109.145940704,0.31276937400002],[109.146467368,0.312795707000016],[109.146704367,0.312848374000052],[109.147138866,0.312901040000039],[109.147810363,0.312914207000065],[109.148692526,0.312822040000065],[109.149029508,0.312687247000033],[109.149680022,0.312427042000021],[109.15007502,0.312097877000043],[109.150641184,0.311742378000008],[109.151128349,0.311228880000039],[109.151655014,0.310728549000023],[109.151918346,0.310373050000059],[109.151984179,0.310149218000042],[109.15198058,0.310071833000047],[109.152307839,0.309959490000038],[109.152323364,0.309925852000034],[109.152330563,0.309897055000028],[109.152376458,0.309759371000037],[109.152380958,0.309745871000074],[109.152380958,0.309717074000045],[109.152380958,0.309673879000051],[109.152388157,0.309573090000068],[109.152380958,0.309472301000025],[109.152380958,0.309393109000033],[109.152395356,0.309335515000033],[109.152424153,0.309292320000046],[109.152474548,0.309234726000057],[109.152510544,0.309155535000051],[109.152560939,0.309083542000042],[109.15263293,0.308999552000038],[109.152647329,0.308982753000056],[109.152676126,0.308961156000069],[109.152740919,0.30887476500004],[109.152748119,0.308867566000067],[109.152763237,0.308849929000066],[109.152807881,0.30879784300003],[109.152871939,0.308723109000016],[109.1529209,0.308665987000041],[109.15292181,0.308628690000024],[109.152924762,0.308507664000045],[109.15292727,0.308404828000043],[109.152928099,0.308370819000053],[109.152964095,0.308291627000079],[109.153078801,0.308242467000063],[109.153216068,0.308183639000038],[109.153354313,0.307976271000027],[109.153374451,0.30794606500006],[109.153446444,0.30788127100004],[109.153504038,0.307780482000045],[109.153540034,0.307701291000052],[109.153581777,0.307624762000048],[109.153583229,0.307622099000066],[109.153584964,0.307616026000057],[109.153597627,0.307571705000041],[109.153648022,0.307521310000018],[109.153705616,0.307485314000073],[109.153777608,0.307398923000035],[109.153786523,0.307388734000024],[109.153828003,0.307341329000052],[109.153873173,0.307279733000033],[109.153907194,0.30723334100003],[109.153979187,0.307175747000019],[109.154051179,0.307089356000066],[109.154064412,0.307062890000055],[109.154079976,0.307031763000049],[109.154087476,0.306971766000051],[109.154090775,0.306945372000023],[109.154108773,0.306840983000032],[109.154115208,0.306831330000019],[109.154124071,0.306788789000051],[109.154140269,0.306723996000068],[109.154152868,0.306704198000037],[109.154185264,0.306630406000061],[109.154187064,0.306594410000061],[109.154197863,0.306536816000069],[109.154214061,0.30648462100004],[109.15422306,0.306439626000032],[109.154235659,0.306398231000062],[109.15423698,0.30639585400007],[109.151285671,0.305177424000015],[109.151027611,0.304799774000047],[109.149717726,0.304872545000019],[109.145623646,0.302869059000041],[109.141181133,0.29955895200004],[109.141014131,0.298916638000038],[109.134822243,0.295595534000017],[109.129245487,0.291517906000017],[109.122096283,0.286290531000022],[109.122046281,0.286253970000072],[109.121799583,0.286721397000056],[109.118885805,0.285574484000056],[109.115040472,0.284060896000025],[109.114992386,0.283983219000047],[109.114188174,0.283554306000033],[109.113431241,0.283150608000028],[109.112490064,0.282648647000028],[109.112151312,0.282467979000036],[109.110186042,0.281419835000055],[109.110148541,0.281399834000064],[109.109712565,0.28115973200005],[109.109695339,0.281179112000072],[109.107796579,0.280133821000053],[109.102483665,0.277208995000018],[109.102293606,0.277082290000071],[109.102317057,0.27705447600004],[109.100366586,0.275549388000056],[109.100299382,0.275742715000029],[109.098056599,0.274111601000065],[109.097042782,0.273372495000049],[109.096556204,0.27301776400002],[109.096913742,0.272672996000033],[109.096833312,0.27261067400001],[109.096826588,0.27258688100005],[109.096243999,0.271964113000014],[109.095991437,0.271381535000039],[109.095982971,0.271341021000065],[109.095893334,0.27124640500005],[109.095728285,0.271098729000071],[109.095511116,0.271055296000046],[109.095491257,0.271074082000032],[109.092939833,0.273487591000046],[109.092933733,0.273542491000048],[109.092911872,0.273533122000056],[109.092910322,0.273532458000033],[109.092923488,0.273216459000023],[109.092818155,0.272768794000053],[109.092607489,0.272268463000044],[109.092225658,0.271557466000047],[109.092228509,0.271494744000042],[109.092271027,0.271361520000017],[109.092225958,0.271281783000069],[109.09217959,0.271302110000016],[109.092143675,0.271320848000074],[109.092141302,0.271318893000051],[109.091223612,0.271721168000062],[109.09122289,0.271720092000064],[109.086576143,0.273844473000046],[109.086593763,0.273877258000027],[109.086594602,0.273878819000048],[109.087232281,0.27506531900001],[109.087270469,0.275080007000041],[109.087380127,0.275277622000029],[109.08738015,0.275277664000047]]]]},"properties":{"gid":6515,"luas":18.503678384029307,"kdkab":"04","kdkec":"090","nmkab":"MEMPAWAH","nmkec":"SUNGAI PINYUH","iddesa":"6104090005","kddesa":"005","kdprov":"61","nmdesa":"GALANG","nmprov":"KALIMANTAN BARAT","rw_dki":"","sumber":"BPS","periode":"2023_1"}},{"id":6516,"type":"Feature","geometry":{"type":"MultiPolygon","coordinates":[[[[109.091201581,0.297229398000075],[109.091037779,0.297000075000027],[109.090939498,0.296787132000008],[109.090808456,0.296557810000024],[109.090628274,0.296492289000076],[109.090415331,0.296344867000067],[109.090369535,0.296383030000078],[109.09031705,0.296426768000054],[109.089842025,0.296312107000057],[109.089818293,0.296302614000066],[109.089678223,0.29624658600004],[109.089268718,0.295902602000072],[109.089055775,0.295968123000015],[109.088777312,0.296230206000067],[109.088597504,0.296230206000067],[109.08859713,0.296230206000067],[109.088596637,0.296229778000054],[109.088351427,0.296017263000064],[109.08834547,0.296027687000042],[109.088220385,0.295902602000072],[109.088040203,0.295673279000014],[109.087728979,0.295427576000062],[109.087499657,0.295280154000068],[109.087204813,0.295099972000049],[109.087024631,0.294936170000031],[109.086729787,0.294887030000042],[109.086729006,0.294887253000059],[109.086585269,0.294928320000042],[109.086500465,0.294952550000051],[109.086438428,0.294940620000034],[109.08607458,0.294870649000069],[109.085812496,0.294805129000048],[109.085681455,0.294477525000043],[109.085550413,0.294280962000072],[109.085091768,0.294248202000067],[109.084895205,0.294297343000033],[109.084846065,0.294166301000072],[109.084810756,0.294030949000034],[109.084747784,0.293789556000033],[109.084654897,0.293545729000065],[109.084616742,0.293445572000045],[109.084698643,0.293314531000017],[109.0844038,0.293068828000058],[109.084174477,0.293101588000063],[109.084076196,0.293134349000064],[109.084033277,0.293080700000064],[109.084043435,0.293068828000058],[109.084008967,0.292999892000062],[109.083863253,0.292708464000039],[109.083715831,0.292642943000029],[109.083395966,0.292901881000029],[109.083371847,0.292921406000062],[109.083349054,0.292875819000068],[109.083306327,0.292790365000026],[109.08323617,0.292474660000033],[109.083175285,0.292200677000036],[109.083092813,0.29215027800006],[109.082880441,0.292020495000029],[109.082759534,0.291758529000047],[109.082683879,0.291594610000061],[109.082457518,0.291468854000065],[109.082389036,0.29143080800003],[109.082345947,0.291265636000037],[109.082290754,0.29105406400003],[109.082271623,0.291057784000016],[109.082277858,0.291049202000055],[109.081542067,0.290808655000026],[109.081388683,0.290749661000065],[109.081358119,0.290737906000063],[109.081249703,0.290572093000025],[109.081119194,0.290372491000024],[109.081117572,0.29037001000006],[109.081113603,0.290368142000031],[109.080877025,0.290256812000044],[109.080858466,0.290228974000049],[109.080763826,0.290087014000047],[109.080745063,0.290061996000014],[109.080587531,0.289851953000038],[109.080509129,0.289747418000039],[109.080141234,0.289577620000035],[109.0801059,0.28956686600002],[109.079815788,0.289478571000078],[109.07979664,0.289448785000039],[109.079688439,0.289280473000016],[109.079547434,0.289042527000042],[109.079519377,0.289047203000052],[109.079495192,0.289013343000014],[109.079456495,0.288940786000074],[109.079445446,0.288914270000025],[109.076971672,0.29127559900007],[109.077028516,0.291438011000026],[109.077056366,0.291564659000073],[109.077042788,0.291567892000036],[109.077030384,0.29157084600007],[109.077031099,0.291573781000065],[109.076684139,0.291742924000059],[109.07666482,0.291734969000052],[109.076666791,0.291742924000059],[109.075760359,0.292536594000063],[109.07572579,0.292530309000035],[109.07573,0.292540931000073],[109.075452433,0.292775129000063],[109.074965007,0.292349143000018],[109.074972696,0.292243413000044],[109.074006971,0.291411403000043],[109.07345725,0.289435380000039],[109.073392224,0.289424542000059],[109.073368106,0.289420522000052],[109.069594346,0.290118817000055],[109.069605693,0.290144192000056],[109.068933231,0.29029129300005],[109.06870489,0.290332472000046],[109.068708468,0.29034046000004],[109.068702907,0.290341676000014],[109.070005587,0.293368490000034],[109.070218354,0.293862861000023],[109.07021756,0.293864528000027],[109.0702057,0.293845120000068],[109.068820426,0.294565850000026],[109.068463596,0.29475781600007],[109.066122535,0.296017248000048],[109.066084053,0.296037950000026],[109.064589603,0.296841926000064],[109.064270514,0.297013588000024],[109.063161553,0.297712636000031],[109.062108606,0.298376374000048],[109.062089148,0.298388640000034],[109.062188969,0.298621555000074],[109.062283527,0.298842192000051],[109.062319451,0.298840232000022],[109.062704232,0.299686751000017],[109.06385341,0.301454717000058],[109.064662422,0.30109779900004],[109.0664434,0.303807984000047],[109.067023769,0.304035084000024],[109.067599707,0.304495835000071],[109.068175645,0.305474930000063],[109.068578802,0.306108462000047],[109.069026182,0.306779533000056],[109.069442709,0.306626806000057],[109.070111514,0.307566749000042],[109.070191429,0.307548307000041],[109.070748969,0.307845662000037],[109.071055336,0.308009058000041],[109.071688868,0.308469808000032],[109.071848225,0.308589326000052],[109.071895047,0.30868671600007],[109.072293603,0.308671387000059],[109.07329602,0.310946713000024],[109.074086047,0.312739950000036],[109.07409026,0.312743900000044],[109.074133456,0.312844689000029],[109.074219846,0.312916681000051],[109.073831088,0.313067865000042],[109.073678727,0.313062005000061],[109.07296006,0.313254124000026],[109.07298203,0.313326111000032],[109.074057414,0.316849709000043],[109.074026076,0.316858179000064],[109.074100609,0.317137678000037],[109.073999538,0.317155104000051],[109.074436535,0.318660317000018],[109.074837507,0.320041442000047],[109.074855093,0.32010201800006],[109.076872312,0.320420526000019],[109.078035233,0.320669723000027],[109.078502478,0.321305696000009],[109.079806679,0.323080858000021],[109.085425542,0.325229247000039],[109.085730029,0.325345668000064],[109.087253889,0.325746684000011],[109.087356309,0.32568523200006],[109.089040136,0.32700072200003],[109.090989358,0.326367225000072],[109.091740487,0.32669584400003],[109.093723541,0.32669584400003],[109.09299173,0.329806030000045],[109.09338808,0.332580430000067],[109.09338808,0.334665292000061],[109.096313662,0.340339148000059],[109.095515604,0.342683443000041],[109.098041307,0.343737160000052],[109.100380346,0.344713001000059],[109.110519914,0.335766324000071],[109.106209113,0.32742586200003],[109.124946094,0.320312748000038],[109.124940448,0.320308796000059],[109.124940448,0.320308201000035],[109.124940448,0.320177924000053],[109.124940448,0.320177329000041],[109.124940448,0.32013430000006],[109.124879375,0.319951079000015],[109.124875101,0.319938257000034],[109.124738194,0.319842422000021],[109.124738194,0.319841827000061],[109.124738194,0.319711550000019],[109.124738194,0.319710955000059],[109.124738194,0.319688545000015],[109.124738194,0.319667926000016],[109.124677121,0.319484705000036],[109.124650947,0.319406182000027],[109.124432827,0.319057191000073],[109.124389203,0.318926319000069],[109.124047182,0.318470290000049],[109.123865716,0.318228336000063],[109.123865716,0.318227741000048],[109.123865716,0.318097464000058],[109.12369122,0.31731223300006],[109.123603972,0.317181361000056],[109.123551581,0.316910674000047],[109.123533998,0.316882541000032],[109.123533673,0.316882021000026],[109.12353113,0.316877952000023],[109.123504526,0.316888747000065],[109.123501126,0.316890127000013],[109.12268919,0.317219609000061],[109.122646665,0.317087310000034],[109.12262838,0.317091530000021],[109.122138842,0.316003669000052],[109.121658245,0.315212098000069],[109.121657598,0.315211033000025],[109.119923696,0.313950012000017],[109.11809149,0.312815789000067],[109.118049553,0.312720938000035],[109.117947053,0.312704754000036],[109.117884451,0.312692233000059],[109.117818164,0.312717091000014],[109.117632488,0.312664041000068],[109.116421159,0.312611375000059],[109.115550343,0.312611375000059],[109.115528113,0.312603965000045],[109.115427324,0.312546371000045],[109.115340566,0.312483274000035],[109.115268941,0.31243118300006],[109.115262782,0.312409628000058],[109.115229859,0.312378456000032],[109.115262497,0.312084710000021],[109.114461408,0.311916060000037],[109.114407283,0.311801251000011],[109.114322095,0.311709978000067],[109.114306494,0.311693262000057],[109.11397533,0.311425091000051],[109.113905137,0.311392695000046],[109.113748554,0.311311703000053],[109.113631567,0.311250510000036],[109.113532577,0.311198315000068],[109.113455186,0.311129923000063],[109.113377794,0.310998537000052],[109.113354396,0.310935544000073],[109.113287803,0.310850953000051],[109.113154618,0.310670972000027],[109.112980037,0.310679971000069],[109.112825253,0.310676371000049],[109.112602077,0.310656574000061],[109.112586253,0.310650282000038],[109.112452693,0.310597180000048],[109.112283511,0.310543186000068],[109.112211519,0.310514389000039],[109.112114329,0.310462194000023],[109.111973945,0.310352406000048],[109.111745369,0.310150828000065],[109.111734934,0.310140027000043],[109.11164278,0.310044639000065],[109.111540191,0.309889856000043],[109.11136201,0.309486699000053],[109.111279219,0.309335515000033],[109.111214426,0.309222128000043],[109.111187429,0.308966555000029],[109.110975052,0.308349221000062],[109.110921057,0.308262831000039],[109.110843666,0.308145843000038],[109.110739277,0.308012657000059],[109.110373916,0.307929866000055],[109.110273127,0.307929866000055],[109.109970759,0.307958663000014],[109.109848373,0.307994659000026],[109.109653993,0.308066652000037],[109.109524407,0.308138644000052],[109.109286833,0.308181839000045],[109.108948469,0.308181839000045],[109.108689297,0.308181839000045],[109.108516516,0.308153042000063],[109.108418038,0.308130533000055],[109.108264543,0.308095448000076],[109.1080144,0.308021082000033],[109.107998171,0.308016257000022],[109.107667007,0.30791546800002],[109.10754462,0.307771483000057],[109.10726385,0.307656296000062],[109.10718242,0.30758463700004],[109.10717386,0.307584303000045],[109.10698308,0.307584303000045],[109.106871492,0.307577104000075],[109.106594322,0.307523110000033],[109.106507931,0.30749791300002],[109.10624156,0.307400723000057],[109.106032782,0.307339530000021],[109.105906796,0.307299934000067],[109.105723215,0.307191945000053],[109.105626026,0.307116354000072],[109.105510838,0.307022764000072],[109.105374053,0.306918375000066],[109.105266064,0.306810386000053],[109.105158076,0.306695199000041],[109.105071685,0.306590810000048],[109.105046488,0.306529617000025],[109.104974496,0.306382032000046],[109.1049313,0.306292042000045],[109.104891705,0.306202052000053],[109.104848509,0.306072466000045],[109.104830511,0.305968077000043],[109.104824704,0.30594426900006],[109.104794515,0.305820493000043],[109.104790915,0.305507326000052],[109.104790915,0.305435334000033],[109.104780117,0.305334545000045],[109.104740521,0.305269752000064],[109.104675728,0.305093371000054],[109.104625333,0.304992581000027],[109.104592937,0.304852197000057],[109.104697325,0.304697413000035],[109.104758519,0.304571427000032],[109.104819712,0.304387846000047],[109.104866507,0.304215065000047],[109.1049313,0.304053082000048],[109.104988894,0.303887500000031],[109.105021291,0.303624728000039],[109.105021291,0.303613929000057],[109.104970896,0.303451947000044],[109.104909703,0.30328996400004],[109.104826912,0.303210773000038],[109.104826446,0.303193526000028],[109.104823312,0.303077587000074],[109.104823312,0.302958800000058],[109.104798115,0.302746423000035],[109.104805314,0.302656432000047],[109.10484491,0.302494450000036],[109.104852109,0.302282072000017],[109.104852109,0.302129975000067],[109.104830644,0.302062004000048],[109.104816113,0.301853718000064],[109.104812513,0.301842919000026],[109.104808913,0.30143976300007],[109.104780117,0.301284979000054],[109.104697325,0.301122997000045],[109.10468169,0.301094855000034],[109.104679327,0.301090600000061],[109.104582138,0.300950215000062],[109.104549741,0.300914219000044],[109.104499347,0.300853026000023],[109.104448952,0.300781033000024],[109.104423755,0.300655047000026],[109.104412956,0.300532660000038],[109.104391358,0.300385076000048],[109.104358962,0.300320283000075],[109.10428337,0.300248291000065],[109.104253457,0.300231198000059],[109.104207778,0.300205095000023],[109.104081791,0.300161900000039],[109.104034997,0.300068310000026],[109.103991801,0.299866732000046],[109.103975611,0.299787806000037],[109.103963004,0.29972634700004],[109.103927008,0.299596761000026],[109.103887438,0.299529985000045],[109.103869414,0.299499571000069],[109.103797422,0.29946357500006],[109.103559847,0.299369985000047],[109.103484256,0.299308791000042],[109.103430261,0.299254797000055],[109.103340271,0.299146809000034],[109.103250281,0.299042420000028],[109.103189087,0.298981227000058],[109.103142292,0.298905635000038],[109.103128865,0.298872066000061],[109.103113495,0.298833642000037],[109.103030704,0.298776049000013],[109.102937114,0.29875805100005],[109.102850724,0.298754451000032],[109.102767932,0.298790447000041],[109.102659944,0.298855240000017],[109.102580753,0.298920033000059],[109.102478635,0.299016144000061],[109.10241517,0.299024422000053],[109.102271186,0.299010024000039],[109.102083859,0.299003333000026],[109.102069607,0.299002824000066],[109.101911224,0.299017223000026],[109.101680849,0.299067617000042],[109.101443275,0.299182805000044],[109.101198501,0.299319590000034],[109.10111211,0.299434778000032],[109.101025719,0.299557165000062],[109.101013258,0.299567757000027],[109.100881735,0.299679552000041],[109.100841498,0.299699670000048],[109.100795344,0.299722747000028],[109.100713294,0.29973240000003],[109.100672957,0.299737145000043],[109.100514574,0.299708349000071],[109.100284199,0.299621958000046],[109.100269801,0.299621958000046],[109.100147414,0.299600360000046],[109.09999623,0.299585962000041],[109.099701062,0.299477973000013],[109.099629069,0.29939878200002],[109.099413093,0.299319590000034],[109.099269108,0.299247598000017],[109.099016952,0.299210825000044],[109.098999041,0.299199631000016],[109.098879518,0.299119949000047],[109.098750764,0.298974027000041],[109.098541986,0.298858840000023],[109.098426798,0.298866039000071],[109.098340408,0.298916434000035],[109.098285526,0.298958402000035],[109.098218021,0.299010024000039],[109.098045239,0.299053219000029],[109.097886856,0.299038820000012],[109.097728473,0.298988426000037],[109.097584489,0.298916434000035],[109.097541266,0.298894022000075],[109.09739011,0.29881564400006],[109.097253324,0.298736453000058],[109.097102141,0.298635664000072],[109.096900562,0.298599668000066],[109.096713382,0.298599668000066],[109.096590995,0.298606867000044],[109.096583223,0.298608219000064],[109.096519702,0.298619266000059],[109.096350328,0.298567717000023],[109.096195038,0.298578070000072],[109.095935866,0.298664461000041],[109.095676694,0.298822844000024],[109.095518311,0.298995625000019],[109.095388724,0.299110813000021],[109.095215943,0.299110813000021],[109.095129552,0.299067617000042],[109.094899177,0.298851641000053],[109.09487613,0.29881707000004],[109.094841583,0.29876525000002],[109.094611208,0.298635664000072],[109.094510419,0.298606867000044],[109.09450423,0.298607279000066],[109.094294442,0.298621265000057],[109.094136059,0.298650062000037],[109.093862488,0.298606867000044],[109.093704105,0.298448484000058],[109.093747301,0.298333296000067],[109.093782217,0.298211089000062],[109.093804894,0.29813171800004],[109.093757249,0.298137215000057],[109.093675308,0.297973335000051],[109.093598339,0.297861380000016],[109.093573671,0.297825498000065],[109.093552282,0.297794387000069],[109.093516925,0.297742959000051],[109.093200159,0.297685366000049],[109.093160003,0.297696317000021],[109.093041776,0.297728561000035],[109.092753807,0.297800553000062],[109.092422643,0.297814952000063],[109.092192267,0.297627772000059],[109.092087674,0.29746565200003],[109.092017693,0.297357181000045],[109.091976083,0.297187966000018],[109.091860913,0.297160326000028],[109.09175035,0.297197180000066],[109.091730327,0.297212436000051],[109.091682401,0.297248951000026],[109.091653608,0.297270888000063],[109.091520012,0.297298529000043],[109.09147712,0.297293764000076],[109.09143709,0.297289316000032],[109.091415251,0.297286304000063],[109.091303493,0.297270888000063],[109.091211357,0.29725706800001],[109.091215714,0.297278850000053],[109.09121421,0.297276999000071],[109.091201581,0.297229398000075]]]]},"properties":{"gid":6516,"luas":18.744675170389883,"kdkab":"04","kdkec":"090","nmkab":"MEMPAWAH","nmkec":"SUNGAI PINYUH","iddesa":"6104090008","kddesa":"008","kdprov":"61","nmdesa":"SUNGAI RASAU","nmprov":"KALIMANTAN BARAT","rw_dki":"","sumber":"BPS","periode":"2023_1"}},{"id":6517,"type":"Feature","geometry":{"type":"MultiPolygon","coordinates":[[[[109.173179035,0.364022679000066],[109.173220455,0.363884611000054],[109.1733809,0.36356372000005],[109.173514605,0.363323053000046],[109.173888977,0.362868458000033],[109.17395433,0.362705074000068],[109.174049422,0.362467345000027],[109.174183126,0.362226677000011],[109.174236608,0.362039491000072],[109.174370312,0.361772083000059],[109.174443151,0.361480729000052],[109.174450535,0.361451193000049],[109.174450872,0.36144815400007],[109.174410735,0.361446770000038],[109.174377344,0.361445619000047],[109.173935152,0.360914988000036],[109.174204137,0.360545134000053],[109.174482169,0.360162840000041],[109.174631266,0.360146634000045],[109.174935828,0.359938250000031],[109.175192301,0.359673762000061],[109.175424729,0.359289053000046],[109.175585025,0.358848240000043],[109.175785394,0.358455516000052],[109.176001793,0.358126910000061],[109.176073926,0.357830364000049],[109.176073926,0.357493743000015],[109.176073926,0.357309403000032],[109.175973936,0.357135508000057],[109.175889586,0.356988812000047],[109.175856084,0.356952630000019],[109.175878906,0.356894395000044],[109.175954622,0.35626342700005],[109.175935138,0.356231869000051],[109.175940096,0.356226778000055],[109.175924989,0.35619656400008],[109.175898656,0.35593981500005],[109.175922843,0.355879346000051],[109.17587742,0.355417217000012],[109.175853752,0.354817612000027],[109.175852572,0.354787737000037],[109.175946973,0.354720798000073],[109.175884537,0.354502271000055],[109.175898656,0.354494780000046],[109.176050072,0.353869365000029],[109.176069822,0.35309911900003],[109.175845989,0.352427621000064],[109.174858493,0.351815374000065],[109.174700055,0.351757760000061],[109.174236905,0.350685202000012],[109.174206961,0.350615858000025],[109.174177061,0.35054661600003],[109.173826089,0.349733840000054],[109.17378661,0.34964241600005],[109.173860996,0.349603606000076],[109.172970287,0.344713436000059],[109.172719137,0.343562333000024],[109.172148258,0.340945802000015],[109.172119738,0.340964136000016],[109.171250429,0.337704229000042],[109.171247259,0.337692340000045],[109.171254557,0.337693614000039],[109.171263266,0.337695135000039],[109.171259198,0.337683337000033],[109.171247259,0.337648716000049],[109.171209842,0.337652224000052],[109.171400643,0.337229890000062],[109.171401221,0.337230825000063],[109.172627636,0.334369191000053],[109.173234277,0.332953694000024],[109.173302196,0.332795217000072],[109.171055927,0.330411019000047],[109.169044286,0.328275856000055],[109.168364979,0.327554837000033],[109.167676052,0.326823607000059],[109.168073779,0.326028152000034],[109.168034829,0.32591130300005],[109.168007946,0.325830653000027],[109.167718281,0.325514655000064],[109.16709945,0.324895824000062],[109.166335786,0.324408659000026],[109.165651122,0.324171660000032],[109.165102839,0.324092390000032],[109.165003397,0.323986842000063],[109.163952629,0.323552829000051],[109.163583964,0.323368497000033],[109.163373299,0.322999832000037],[109.163109966,0.322394167000031],[109.162978141,0.322139306000046],[109.162714968,0.321630504000046],[109.162668866,0.321508963000032],[109.162143867,0.320951727000019],[109.161990804,0.320945840000042],[109.161608972,0.320893174000036],[109.161398307,0.320827341000031],[109.161292974,0.320643008000045],[109.161279807,0.320471842000063],[109.161266641,0.32027434300005],[109.161266641,0.320052979000027],[109.161253474,0.320050510000045],[109.160779476,0.319918844000025],[109.160621477,0.319708179000032],[109.160516144,0.319339513000046],[109.160441134,0.319151989000038],[109.160042146,0.318812849000039],[109.159699814,0.318523183000026],[109.159304815,0.318233518000058],[109.15893615,0.317785853000034],[109.158751818,0.317548854000056],[109.15811982,0.317180189000061],[109.158075369,0.317145096000037],[109.157119158,0.316390192000025],[109.156908492,0.316205860000027],[109.156724159,0.315889861000064],[109.156724159,0.315521196000015],[109.156618826,0.315126197000031],[109.15648716,0.314678533000063],[109.156276495,0.314099202000025],[109.156250161,0.313598870000015],[109.156171162,0.313335538000042],[109.155802496,0.312966873000054],[109.155196832,0.312835207000036],[109.1550125,0.312808874000036],[109.1548545,0.312808874000036],[109.154591168,0.312808874000036],[109.154301503,0.312703541000079],[109.154248836,0.312519208000017],[109.153985504,0.312387542000062],[109.153880171,0.312255876000046],[109.153853838,0.312203210000061],[109.153616839,0.311781878000033],[109.15337984,0.311439546000029],[109.15321695,0.310950877000038],[109.153108767,0.310941861000049],[109.152421622,0.309920430000029],[109.152325832,0.30995331300005],[109.152307839,0.309959490000038],[109.15198058,0.310071833000047],[109.151984179,0.310149218000042],[109.151918346,0.310373050000059],[109.151655014,0.310728549000023],[109.151128349,0.311228880000039],[109.150641184,0.311742378000008],[109.15007502,0.312097877000043],[109.149680022,0.312427042000021],[109.149029508,0.312687247000033],[109.148692526,0.312822040000065],[109.147810363,0.312914207000065],[109.147138866,0.312901040000039],[109.146704367,0.312848374000052],[109.146467368,0.312795707000016],[109.145940704,0.31276937400002],[109.14525604,0.312927373000037],[109.144689876,0.313072206000075],[109.144308372,0.313096050000068],[109.144262689,0.313182041000066],[109.144242231,0.313183502000073],[109.144231225,0.313182656000022],[109.144148642,0.313176303000034],[109.144076649,0.313176303000034],[109.144011856,0.313226698000056],[109.143947063,0.313291491000028],[109.143860672,0.313356284000068],[109.143795879,0.313399479000053],[109.143723887,0.313442675000028],[109.143630297,0.313464272000035],[109.143587102,0.313464272000035],[109.143493512,0.313493069000056],[109.143428719,0.313521866000024],[109.143403013,0.313540561000015],[109.143349527,0.313579460000028],[109.14322714,0.313629855000043],[109.143068757,0.313601058000066],[109.14295357,0.313550663000053],[109.142917368,0.313496360000042],[109.142874378,0.313500268000033],[109.14276639,0.313521866000024],[109.142737593,0.313536265000041],[109.142683898,0.313579892000067],[109.142622405,0.313629855000043],[109.142507218,0.313694648000021],[109.142370432,0.313723444000053],[109.142168854,0.313709046000047],[109.142075264,0.31367305000003],[109.142043756,0.313652045000022],[109.142010471,0.313629855000043],[109.141960076,0.313629855000043],[109.141664908,0.313622655000068],[109.141520924,0.313622655000068],[109.141362541,0.313557862000029],[109.141247353,0.313521866000024],[109.14108897,0.313464272000035],[109.141009778,0.313464272000035],[109.140916188,0.313464272000035],[109.140693012,0.313586659000061],[109.140549028,0.313579460000028],[109.140203465,0.313593858000045],[109.140102676,0.313586659000061],[109.139893898,0.313608257000052],[109.139830842,0.313620868000042],[109.139713917,0.313644253000055],[109.139634726,0.313687448000047],[109.139440347,0.313795437000067],[109.139141579,0.313799036000039],[109.138997594,0.313799036000039],[109.138594438,0.313813435000037],[109.138464852,0.313856630000029],[109.138119289,0.313957419000084],[109.13783132,0.314072607000061],[109.137557749,0.314029412000027],[109.137485757,0.313943021000058],[109.13735617,0.313799036000039],[109.137111397,0.313712646000055],[109.136794631,0.313583060000037],[109.13652106,0.313424677000053],[109.136218693,0.313266294000072],[109.136218586,0.313266270000039],[109.135963795,0.313209650000027],[109.13595952,0.313208700000076],[109.135815536,0.31325189500006],[109.135556364,0.313352684000055],[109.135340387,0.313410278000042],[109.135066816,0.313467872000046],[109.134946348,0.313513765000037],[109.134939864,0.313509262000016],[109.134473085,0.313656917000047],[109.134318097,0.313698247000033],[109.134299183,0.313702976000054],[109.134087721,0.31375584100004],[109.133799752,0.31375584100004],[109.133577814,0.313734363000029],[109.1333534,0.313712646000055],[109.132964642,0.313640653000041],[109.132662274,0.313640653000041],[109.132244719,0.313655052000054],[109.131999945,0.31375584100004],[109.131938815,0.313781312000049],[109.131750905,0.313859608000032],[109.131654382,0.313899826000065],[109.131236827,0.314029412000027],[109.130920061,0.314158998000045],[109.130401717,0.314374975000018],[109.130128146,0.314432568000034],[109.129768185,0.314475764000061],[109.129278637,0.314475764000061],[109.128587512,0.314490162000022],[109.127752401,0.314547756000011],[109.126744509,0.314619748000039],[109.126442142,0.314590951000066],[109.125592633,0.314432568000034],[109.125117484,0.314374975000018],[109.124714327,0.314317381000021],[109.124267975,0.314173396000057],[109.123749631,0.314029412000027],[109.123404068,0.313871029000037],[109.122856927,0.313683849000024],[109.122367379,0.313597458000055],[109.121777042,0.313640653000041],[109.121460276,0.313640653000041],[109.121201104,0.31352546600004],[109.121129112,0.313511067000027],[109.120812346,0.313309489000062],[109.120668361,0.313295090000046],[109.120394791,0.31325189500006],[109.119962837,0.313122309000046],[109.119736119,0.313020286000046],[109.119674868,0.312992723000022],[109.119271711,0.312920731000024],[109.119026938,0.312877535000042],[109.118753367,0.312819941000039],[109.118551789,0.312791145000053],[109.118542414,0.312789922000025],[109.118220624,0.312747949000025],[109.118049553,0.312720938000035],[109.11809149,0.312815789000067],[109.119923696,0.313950012000017],[109.121657598,0.315211033000025],[109.121658245,0.315212098000069],[109.122138842,0.316003669000052],[109.12262838,0.317091530000021],[109.122646665,0.317087310000034],[109.12268919,0.317219609000061],[109.123501126,0.316890127000013],[109.123504526,0.316888747000065],[109.12353113,0.316877952000023],[109.123533673,0.316882021000026],[109.123533998,0.316882541000032],[109.123551581,0.316910674000047],[109.123603972,0.317181361000056],[109.12369122,0.31731223300006],[109.123865716,0.318097464000058],[109.123865716,0.318227741000048],[109.123865716,0.318228336000063],[109.124047182,0.318470290000049],[109.124389203,0.318926319000069],[109.124432827,0.319057191000073],[109.124650947,0.319406182000027],[109.124677121,0.319484705000036],[109.124738194,0.319667926000016],[109.124738194,0.319688545000015],[109.124738194,0.319710955000059],[109.124738194,0.319711550000019],[109.124738194,0.319841827000061],[109.124738194,0.319842422000021],[109.124875101,0.319938257000034],[109.124879375,0.319951079000015],[109.124940448,0.32013430000006],[109.124940448,0.320177329000041],[109.124940448,0.320177924000053],[109.124940448,0.320308201000035],[109.124940448,0.320308796000059],[109.124946094,0.320312748000038],[109.106209113,0.32742586200003],[109.110519914,0.335766324000071],[109.100380346,0.344713001000059],[109.119552153,0.35271143000005],[109.127232837,0.355915792000077],[109.127740911,0.355440149000048],[109.129418967,0.353869202000049],[109.129586053,0.354010746000022],[109.129528577,0.353677385000027],[109.131618941,0.350277059000064],[109.135636699,0.343741507000056],[109.135636916,0.34374115300005],[109.135637459,0.343740271000062],[109.135637674,0.34373992100007],[109.128740008,0.33872740000003],[109.134260469,0.330325189000058],[109.134270473,0.330565273000047],[109.134299649,0.33056944100003],[109.134313779,0.330571459000054],[109.134275971,0.330647074000058],[109.134329079,0.330685008000042],[109.134275971,0.330777946000077],[109.137643546,0.334229710000033],[109.139382381,0.336012016000045],[109.139413946,0.336044370000022],[109.13946722,0.336098976000065],[109.13946722,0.336187314000019],[109.139440527,0.336202886000012],[109.143089935,0.338741604000056],[109.14321579,0.338854551000051],[109.14324336,0.338879294000036],[109.143205706,0.338905809000028],[109.143719205,0.339222970000035],[109.147014161,0.34206861400002],[109.147014161,0.342163794000033],[109.147319529,0.342425538000041],[109.147523423,0.341936191000054],[109.147930264,0.34124769100003],[109.147942094,0.341200370000019],[109.148017512,0.341269503000038],[109.14832288,0.341269503000038],[109.14943529,0.341465811000036],[109.149871529,0.341618495000028],[109.150416829,0.341792990000039],[109.150613136,0.341880238000046],[109.151420179,0.342098358000044],[109.151943666,0.342469162000041],[109.152362291,0.342668506000045],[109.152379906,0.342665469000062],[109.152400525,0.342686713000031],[109.152401918,0.342688148000027],[109.152852341,0.343152221000027],[109.153099701,0.343407076000054],[109.153107044,0.343439386000058],[109.153143325,0.343472512000057],[109.153149273,0.343482427000027],[109.153143325,0.343494324000069],[109.153165137,0.343508865000046],[109.153204911,0.343535382000024],[109.153208761,0.34353794800007],[109.153405068,0.343777880000052],[109.153423711,0.343824487000069],[109.153492316,0.343995999000075],[109.153601376,0.344170495000064],[109.153710436,0.344410427000072],[109.153797684,0.344563111000067],[109.153928556,0.344824854000021],[109.154037615,0.344999350000011],[109.154124863,0.345173846000028],[109.154190299,0.345326529000028],[109.154233923,0.345435589000034],[109.154255735,0.345719145000028],[109.154255735,0.345959077000037],[109.154255735,0.346068136000029],[109.154255735,0.346286256000041],[109.154255735,0.346460752000043],[109.154255735,0.346657060000028],[109.154255735,0.346766119000043],[109.154299359,0.346940615000042],[109.154364795,0.347136923000049],[109.154408419,0.347267795000047],[109.154430231,0.347376855000054],[109.154430231,0.347638598000053],[109.154430231,0.34781309400005],[109.154408419,0.348031214000058],[109.154344586,0.348222714000027],[109.154373184,0.34825772300007],[109.154375447,0.348260493000049],[109.15529955,0.349391723000054],[109.155346334,0.349405368000015],[109.155347239,0.349399210000058],[109.155698431,0.349830884000027],[109.156684161,0.351125124000012],[109.158499251,0.353508295000035],[109.158642738,0.353449927000038],[109.158752386,0.35340532500003],[109.1589559,0.353322540000007],[109.159179733,0.353618788000066],[109.159179443,0.353622621000051],[109.159177932,0.353642649000046],[109.159469935,0.354094614000065],[109.160206475,0.355234640000057],[109.162400362,0.358630366000058],[109.16253931,0.358812801000053],[109.162701801,0.359059891000079],[109.162704139,0.359060319000036],[109.162714968,0.359092807000029],[109.163313462,0.360040157000075],[109.163314007,0.360044752000014],[109.163479675,0.360303708000068],[109.163481005,0.360302363000077],[109.163563823,0.360431190000038],[109.163565868,0.360439029000027],[109.163565414,0.36043896800004],[109.163838078,0.360870565000027],[109.163836984,0.360872755000051],[109.163890323,0.360971111000022],[109.163893558,0.360971590000008],[109.163893734,0.360971902000076],[109.163951667,0.361074686000044],[109.163950723,0.361075189000068],[109.164572934,0.36187416400003],[109.16508825,0.362535877000031],[109.165109853,0.362540434000031],[109.16512429,0.362543479000063],[109.165121166,0.362555626000065],[109.165468692,0.362986257000042],[109.165473563,0.362983063000056],[109.165475895,0.362985138000049],[109.165804699,0.363277677000043],[109.165814375,0.363263892000022],[109.165817751,0.363268089000038],[109.165864815,0.363326602000029],[109.165864161,0.363332534000055],[109.167432528,0.365083034000057],[109.167454458,0.365087949000043],[109.16789234,0.365629451000075],[109.167912106,0.36565975900003],[109.170388328,0.364791137000051],[109.170385125,0.364788895000062],[109.170459462,0.364726948000053],[109.170553055,0.364686836000028],[109.170646648,0.36463335500003],[109.170793723,0.36457987300003],[109.170954168,0.364526391000025],[109.170989591,0.364518520000046],[109.171194835,0.364472909000016],[109.171515726,0.364365946000015],[109.171890098,0.364285723000018],[109.172411544,0.364205501000063],[109.172638247,0.364224933000056],[109.172665582,0.364192130000047],[109.172852768,0.364111908000038],[109.173013214,0.364018315000061],[109.173179035,0.364022679000066]]]]},"properties":{"gid":6517,"luas":25.634736194948808,"kdkab":"04","kdkec":"091","nmkab":"MEMPAWAH","nmkec":"ANJONGAN","iddesa":"6104091002","kddesa":"002","kdprov":"61","nmdesa":"ANJUNGAN MELANCAR","nmprov":"KALIMANTAN BARAT","rw_dki":"","sumber":"BPS","periode":"2023_1"}},{"id":6518,"type":"Feature","geometry":{"type":"MultiPolygon","coordinates":[[[[109.066993906,0.265518920000022],[109.066947536,0.265536953000034],[109.066848989,0.265571171000031],[109.066846907,0.265570496000071],[109.066793544,0.265578119000053],[109.066735606,0.265591841000054],[109.06669139,0.265597940000022],[109.066644125,0.265608613000044],[109.066642952,0.265613304000043],[109.066543497,0.265633008000068],[109.066487084,0.265645205000052],[109.066439819,0.265649779000054],[109.066342239,0.265660452000024],[109.066230938,0.265677223000057],[109.066183673,0.265686371000065],[109.066122686,0.265700093000017],[109.066075421,0.265700093000017],[109.066065792,0.265698837000059],[109.065618,0.265783700000044],[109.065574501,0.265815256000042],[109.065529586,0.265808346000015],[109.065438106,0.265759556000036],[109.06518196,0.265875431000036],[109.065139269,0.266003504000025],[109.065136881,0.266091880000026],[109.06504169,0.266027899000048],[109.064938012,0.266052294000069],[109.06485263,0.266113281000054],[109.06480384,0.266180367000057],[109.064785544,0.26628404500002],[109.064795439,0.266337479000075],[109.064706261,0.266265749000063],[109.064584287,0.266259650000042],[109.064529398,0.266320637000041],[109.06447451,0.266485302000023],[109.064463443,0.266579369000059],[109.064383029,0.266527993000061],[109.06423666,0.266601178000019],[109.064114686,0.266735349000033],[109.064182992,0.266784139000035],[109.064053699,0.266784139000035],[109.063895133,0.266820731000049],[109.063821948,0.266832929000033],[109.063773158,0.266906113000055],[109.063834145,0.267052482000047],[109.063842928,0.267070046000073],[109.063760961,0.267076877000025],[109.063626789,0.267101272000051],[109.063456026,0.267162259000025],[109.063248669,0.267223246000068],[109.063090103,0.267491589000018],[109.0631023,0.26766235300004],[109.063129895,0.267752036000043],[109.06290164,0.267950666000045],[109.062626601,0.267881906000067],[109.06249243,0.267942894000035],[109.062321666,0.26804047300004],[109.062163099,0.26818684200003],[109.062028928,0.268296619000064],[109.061784979,0.268442988000059],[109.062077717,0.268638146000055],[109.062092375,0.268654897000027],[109.061929821,0.268796353000018],[109.061923555,0.268819329000057],[109.061887553,0.268855330000056],[109.061842551,0.268882332000022],[109.061737545,0.268954336000039],[109.061698543,0.268957336000015],[109.061677542,0.268936335000032],[109.061650541,0.268891332000054],[109.061662541,0.268849330000026],[109.061683542,0.268795327000007],[109.061682475,0.268788925000016],[109.061602018,0.268821108000042],[109.061289282,0.268977475000036],[109.061284522,0.268987337000052],[109.061194517,0.26914034500004],[109.061155515,0.269203349000056],[109.06106551,0.269257351000022],[109.061011507,0.269308354000028],[109.0608705,0.269383358000018],[109.060832408,0.26939008000005],[109.060687212,0.269504163000021],[109.060662817,0.269577347000048],[109.060589633,0.26987008500003],[109.060431066,0.269918875000025],[109.060284697,0.269906678000035],[109.060235907,0.269943270000058],[109.060162723,0.27007744200006],[109.060187118,0.270223811000043],[109.060229843,0.270275691000041],[109.0599915,0.270483100000034],[109.060001485,0.270519470000065],[109.060068761,0.270488560000044],[109.060742025,0.273029897000067],[109.060720586,0.273068827000034],[109.060751508,0.273058344000047],[109.061195585,0.274665904000069],[109.061225638,0.274774695000072],[109.061185731,0.274790189000037],[109.061652355,0.276604837000035],[109.061622747,0.276621756000049],[109.061659876,0.276811768000071],[109.061656504,0.276811768000071],[109.061706321,0.277074692000033],[109.061709772,0.277074736000016],[109.061745067,0.277362524000068],[109.061760465,0.277363094000055],[109.061933265,0.278048892000074],[109.061940226,0.278047378000043],[109.06199692,0.278317350000056],[109.061998954,0.278316741000017],[109.062268146,0.278602414000026],[109.06231372,0.278592738000044],[109.062922412,0.279204089000075],[109.062918535,0.279205754000027],[109.063842883,0.280091473000021],[109.063842266,0.280094390000046],[109.064256467,0.280596452000043],[109.064257642,0.280595864000015],[109.06471792,0.28128514700005],[109.064750972,0.281274630000042],[109.064755708,0.28127312300006],[109.064756831,0.281274751000073],[109.064765812,0.281287768000026],[109.064784424,0.281280999999992],[109.065066228,0.281738930000074],[109.065064317,0.281742273000017],[109.065086776,0.281747736000051],[109.065753123,0.282769273000034],[109.065749384,0.282772208000037],[109.065770735,0.282772208000037],[109.065876503,0.282941247000046],[109.066099506,0.283297653000021],[109.066087121,0.283308991000069],[109.066107194,0.283322115000031],[109.066465039,0.284485112000012],[109.066460388,0.284487423000026],[109.066488111,0.284496983000046],[109.06658008,0.284810905000021],[109.066846559,0.285720487000051],[109.06685629,0.285725838000077],[109.067186216,0.286734743000072],[109.067182778,0.286739026000013],[109.067234031,0.286763432000033],[109.067908228,0.288365247000057],[109.067891577,0.288374101000041],[109.067946103,0.288395305000051],[109.068748158,0.29027257800004],[109.068704512,0.290331628000044],[109.06870489,0.290332472000046],[109.068933231,0.29029129300005],[109.069605693,0.290144192000056],[109.069594346,0.290118817000055],[109.073368106,0.289420522000052],[109.073392224,0.289424542000059],[109.07345725,0.289435380000039],[109.074006971,0.291411403000043],[109.074972696,0.292243413000044],[109.074965007,0.292349143000018],[109.075452433,0.292775129000063],[109.07573,0.292540931000073],[109.07572579,0.292530309000035],[109.075760359,0.292536594000063],[109.076666791,0.291742924000059],[109.07666482,0.291734969000052],[109.076684139,0.291742924000059],[109.077031099,0.291573781000065],[109.077030384,0.29157084600007],[109.077042788,0.291567892000036],[109.077056366,0.291564659000073],[109.077028516,0.291438011000026],[109.076971672,0.29127559900007],[109.079445446,0.288914270000025],[109.079432309,0.288882741000062],[109.079432309,0.288840456000054],[109.079432309,0.288805347000041],[109.079426456,0.288749743000041],[109.079422635,0.288713442000069],[109.079345241,0.288573165000055],[109.079321753,0.288549677000053],[109.079286635,0.288514559000022],[109.079248499,0.288476423000018],[109.079142082,0.288432889000037],[109.079023417,0.288373556000059],[109.079006643,0.288365169000017],[109.078958272,0.288258753000034],[109.07895005,0.288232442000029],[109.078930023,0.288168358000073],[109.078909901,0.288103965000053],[109.078813158,0.287968526000041],[109.078734368,0.287929131000044],[109.078716416,0.287920155000044],[109.078576139,0.287871783000063],[109.078554981,0.287845742000056],[109.078537015,0.287823631000037],[109.078450374,0.287716996000023],[109.078387492,0.287639602000063],[109.078300424,0.287567045000051],[109.078198844,0.287465466000068],[109.078029545,0.287339701000055],[109.077966663,0.287218773000053],[109.078008009,0.287209376000016],[109.078020664,0.287194613000045],[109.07803793,0.287174469000034],[109.0779813,0.287160034000055],[109.077955401,0.287153432000022],[109.077303499,0.28661794100003],[109.076954266,0.286059168000058],[109.076453699,0.285127881000042],[109.076496624,0.285073032000066],[109.07648,0.285041900000054],[109.076542027,0.285015017000032],[109.076663239,0.284860135000029],[109.079573514,0.283637820000022],[109.079282486,0.283218740000046],[109.079383985,0.283168322000043],[109.079502904,0.283109251000027],[109.079942626,0.282890828000048],[109.080692747,0.282518218000066],[109.08069307,0.282518058000046],[109.081049344,0.282341085000049],[109.081063574,0.282334017000032],[109.081191626,0.282334017000032],[109.082029785,0.283777513000081],[109.082061597,0.283831779000026],[109.082122914,0.283742590000026],[109.088249205,0.279852711000034],[109.088796765,0.279505038000032],[109.088794658,0.279539806000055],[109.088795855,0.279540727000037],[109.089618532,0.279001983000054],[109.089603343,0.279000883000041],[109.088992875,0.277932565000064],[109.088997116,0.277915600000027],[109.088981266,0.277889930000075],[109.088769967,0.277547732000064],[109.087720893,0.275848760000023],[109.087696201,0.275826313000046],[109.087691312,0.275821868000032],[109.087673292,0.275818264000067],[109.087671031,0.275814095000041],[109.08738015,0.275277664000047],[109.087380127,0.275277622000029],[109.087270469,0.275080007000041],[109.087232281,0.27506531900001],[109.086594602,0.273878819000048],[109.086593763,0.273877258000027],[109.086576143,0.273844473000046],[109.09122289,0.271720092000064],[109.091223612,0.271721168000062],[109.092141302,0.271318893000051],[109.092143675,0.271320848000074],[109.09217959,0.271302110000016],[109.092219615,0.271281227000028],[109.091674828,0.270307215000061],[109.091646891,0.270312294000055],[109.091661622,0.27029731000005],[109.090912128,0.269168116000059],[109.090675136,0.269261810000043],[109.089764369,0.268315559000024],[109.089414232,0.267937961000037],[109.089159565,0.267663320000051],[109.087953121,0.268240567000024],[109.087979778,0.268329425000037],[109.086110572,0.269214839000026],[109.085496111,0.269442673000065],[109.0854914,0.269444900000054],[109.085439324,0.269469189000069],[109.0854367,0.269465317000019],[109.08543679,0.269464330000061],[109.083772171,0.267935908000019],[109.083774005,0.267909314000063],[109.083741901,0.267920773000065],[109.083106219,0.26734563200006],[109.082699589,0.266514434000046],[109.08259162,0.266293731000069],[109.082585149,0.266233334000037],[109.082582904,0.266212383000034],[109.082575829,0.266214862000025],[109.082523511,0.266233190000039],[109.082311617,0.265809402000049],[109.082546214,0.265650481000025],[109.082145129,0.265075341000055],[109.081880262,0.264689391000044],[109.081184039,0.263751004000025],[109.079844567,0.262093691000074],[109.079844713,0.262089317000056],[109.079836999,0.262093691000074],[109.078550501,0.261072060000053],[109.077460761,0.259702318000047],[109.077466255,0.259667706000077],[109.077415355,0.259664479000033],[109.077316489,0.259555096000038],[109.076348318,0.258483928000031],[109.076389821,0.258437914000064],[109.0734322,0.260502500000019],[109.070995645,0.262268073000028],[109.0709933,0.26226620000006],[109.0670987,0.265313200000027],[109.0670988,0.265316700000014],[109.067065932,0.265380881000059],[109.067067986,0.265381436000042],[109.067002425,0.265515608000049],[109.066995572,0.265518272000064],[109.066993906,0.265518920000022]]]]},"properties":{"gid":6518,"luas":7.188998320884225,"kdkab":"04","kdkec":"090","nmkab":"MEMPAWAH","nmkec":"SUNGAI PINYUH","iddesa":"6104090009","kddesa":"009","kdprov":"61","nmdesa":"SUNGAI PINYUH","nmprov":"KALIMANTAN BARAT","rw_dki":"","sumber":"BPS","periode":"2023_1"}},{"id":6519,"type":"Feature","geometry":{"type":"MultiPolygon","coordinates":[[[[109.139440527,0.336202886000012],[109.13946722,0.336187314000019],[109.13946722,0.336098976000065],[109.139413946,0.336044370000022],[109.139382381,0.336012016000045],[109.137643546,0.334229710000033],[109.134275971,0.330777946000077],[109.134329079,0.330685008000042],[109.134275971,0.330647074000058],[109.134313779,0.330571459000054],[109.134299649,0.33056944100003],[109.134270473,0.330565273000047],[109.134260469,0.330325189000058],[109.128740008,0.33872740000003],[109.135637674,0.34373992100007],[109.135637459,0.343740271000062],[109.135636916,0.34374115300005],[109.135636699,0.343741507000056],[109.131618941,0.350277059000064],[109.129528577,0.353677385000027],[109.129586053,0.354010746000022],[109.129418967,0.353869202000049],[109.127740911,0.355440149000048],[109.127232837,0.355915792000077],[109.119552153,0.35271143000005],[109.100380346,0.344713001000059],[109.098041307,0.343737160000052],[109.096618265,0.360418382000032],[109.075083902,0.363217849000027],[109.074305364,0.37586908200005],[109.075244373,0.375873350000056],[109.074309552,0.389470749000059],[109.088118356,0.396339378000046],[109.094912062,0.39971863100004],[109.098483211,0.401648981000042],[109.099038154,0.401948950000073],[109.099559381,0.401862079000057],[109.099684709,0.404812120000033],[109.099815673,0.407894820000021],[109.100235093,0.417767306000035],[109.10178183,0.419048559000029],[109.100981423,0.419833863000063],[109.101036518,0.419939045000039],[109.101130108,0.420061432000069],[109.10130289,0.420212616000063],[109.101382081,0.420313405000047],[109.101504468,0.420442991000063],[109.101691648,0.420586976000028],[109.101756441,0.420601374000062],[109.101900426,0.420644570000032],[109.101907625,0.420651769000066],[109.101978991,0.420667062000065],[109.102008414,0.420673367000056],[109.102217192,0.420687765000019],[109.102404372,0.420802953000013],[109.102721138,0.420910941000047],[109.102901118,0.421033328000011],[109.103052302,0.42106932400002],[109.103304275,0.421177313000044],[109.103477056,0.421278102000031],[109.103613842,0.421386090000044],[109.10372183,0.421522875000056],[109.103887412,0.421638063000037],[109.104031397,0.421782048000065],[109.104204178,0.42188283700006],[109.104276171,0.421947630000037],[109.10447055,0.422034021000052],[109.104772917,0.422098814000027],[109.104974496,0.422055618000057],[109.105291262,0.42198362600004],[109.105644024,0.421890036000034],[109.105975188,0.42181084500004],[109.106219962,0.421753251000046],[109.10670231,0.421674059000055],[109.106896689,0.421674059000055],[109.107105467,0.421688458000059],[109.107139272,0.421695970000028],[109.107242252,0.421681258000035],[109.107465428,0.421681258000035],[109.107602214,0.421774848000031],[109.10764697,0.421806551000027],[109.107774995,0.421897235000069],[109.107926179,0.421940431000054],[109.108077363,0.421976427000066],[109.108307738,0.42198362600004],[109.108415726,0.421998024000056],[109.108653301,0.421998024000056],[109.108876477,0.421933231000016],[109.108948469,0.421890036000034],[109.109042059,0.42182524300005],[109.109085255,0.421695657000036],[109.109092454,0.421580469000048],[109.109092454,0.42140768800004],[109.109070856,0.421299699000028],[109.109020461,0.421170113000073],[109.108955668,0.420997332000066],[109.108898075,0.420817351000032],[109.108854879,0.420680566000032],[109.108801223,0.420549406000021],[109.108790086,0.420522183000057],[109.108739692,0.420421394000075],[109.108653301,0.420270210000067],[109.108595707,0.420169421000032],[109.108509316,0.419996639000033],[109.108437324,0.419838256000033],[109.108314937,0.419615080000017],[109.10821143,0.419433943000056],[109.108170953,0.419363107000039],[109.108091761,0.419255119000056],[109.107933378,0.419017544000038],[109.107919724,0.419005132000042],[109.107854187,0.418945552000015],[109.107792993,0.418884359000052],[109.107760597,0.418880759000043],[109.10763821,0.418815966000066],[109.107523022,0.418736774000018],[109.107379038,0.418657583000025],[109.107235053,0.418556794000024],[109.107163061,0.418456005000042],[109.107069471,0.418362415000037],[109.106961482,0.418247227000052],[109.106911642,0.418207354000048],[109.10688949,0.418189633000047],[109.106752705,0.418024051000028],[109.106731107,0.417858469000058],[109.106803099,0.417779277000025],[109.106968682,0.417692887000038],[109.107105467,0.417656890000033],[109.107307045,0.417656890000033],[109.107501424,0.417685687000067],[109.107724601,0.417772078000041],[109.107954976,0.417851270000018],[109.10819255,0.417916063000052],[109.108401328,0.418024051000028],[109.108552512,0.418081645000028],[109.108811684,0.418132039000047],[109.10903486,0.418160836000012],[109.109229239,0.418088844000059],[109.109373224,0.417916063000052],[109.109488411,0.417714484000047],[109.109582001,0.417484109000031],[109.109668392,0.417167343000064],[109.109725986,0.417016159000062],[109.10987717,0.416677795000052],[109.109833974,0.416433022000032],[109.109833974,0.416224244000034],[109.109833974,0.416037064000021],[109.109855572,0.415792290000057],[109.10987717,0.415612310000028],[109.109920365,0.415381935000027],[109.109985158,0.415108364000041],[109.110078748,0.414978778000032],[109.110323522,0.41486359000003],[109.110561096,0.414813196000064],[109.110791471,0.414841992000046],[109.110942655,0.414892387000065],[109.111101038,0.414978778000032],[109.111281019,0.415122762000061],[109.111439402,0.415245149000041],[109.111590586,0.415417931000034],[109.111662578,0.415576314000013],[109.111820961,0.415756294000066],[109.111986543,0.415907478000061],[109.11210893,0.416065861000035],[109.112139037,0.416126074000029],[109.112089374,0.416200569000076],[109.112101731,0.416217045000046],[109.112209719,0.416303436000017],[109.112288911,0.416411424000044],[109.112375301,0.416526612000047],[109.112454493,0.416641799000037],[109.11257688,0.416828979000058],[109.112684868,0.417030558000025],[109.112742462,0.417332925000037],[109.112771259,0.417563300000038],[109.11275686,0.417707285000071],[109.11267047,0.417786476000058],[109.112548083,0.417822473000056],[109.112375301,0.417793676000026],[109.112065735,0.417642492000024],[109.111684176,0.417512906000069],[109.111425003,0.417455312000076],[109.111187429,0.417541703000039],[109.111007448,0.417793676000026],[109.110928257,0.417966457000033],[109.110870663,0.418240028000075],[109.110863464,0.418506399000016],[109.11099305,0.418801568000041],[109.111093839,0.418895157000052],[109.111374609,0.419139931000074],[109.111612183,0.419219123000058],[109.111698574,0.419269517000032],[109.111950547,0.419427900000062],[109.112005258,0.419506927000036],[109.112049313,0.419519514000053],[109.112080133,0.419593483000022],[109.112137727,0.419672674000032],[109.112180922,0.419737467000049],[109.112267313,0.419802260000036],[109.112360903,0.419852655000054],[109.112490489,0.419903049000026],[109.112605677,0.419924647000078],[109.112800056,0.419917448000025],[109.11294404,0.419895850000044],[109.11313842,0.419802260000036],[109.113224553,0.419744838000044],[109.113246408,0.419730268000022],[109.113426389,0.419651076000027],[109.113555975,0.419615080000017],[109.113735955,0.419593483000022],[109.113901538,0.419593483000022],[109.114052721,0.419629479000035],[109.114175108,0.419658276000055],[109.114340691,0.419730268000022],[109.114484675,0.419802260000036],[109.114571066,0.419859854000036],[109.114635735,0.419944421000021],[109.114664656,0.419982241000065],[109.114765445,0.420119026000062],[109.114851836,0.420212616000063],[109.114938226,0.420270210000067],[109.115017418,0.420320605000025],[109.115183,0.420356601000038],[109.115406176,0.420370999000058],[109.115499766,0.420356601000038],[109.11555736,0.420306206000022],[109.115614954,0.420183819000039],[109.115593356,0.420090229000037],[109.115580623,0.420060519000049],[109.115506965,0.419888651000071],[109.115413375,0.419708670000027],[109.115348582,0.419600682000061],[109.115269391,0.419442299000019],[109.115240594,0.419226322000043],[109.115233395,0.419060740000022],[109.115226195,0.418866361000026],[109.115254992,0.418635985000033],[109.115319785,0.418506399000016],[109.11537018,0.41839841100005],[109.115456571,0.418261625000064],[109.115643751,0.418110442000059],[109.115713026,0.418055021000029],[109.11574454,0.417988055000016],[109.115830931,0.417901664000053],[109.115917321,0.417800875000068],[109.116026221,0.417758525000062],[109.116046907,0.417750480000038],[109.116154896,0.417714484000047],[109.116378072,0.417642492000024],[109.116558053,0.41759929700004],[109.116846022,0.417505707000028],[109.116961209,0.417469710000029],[109.117133991,0.417419316000054],[109.117681132,0.417332925000037],[109.117868312,0.417282531000068],[109.118185078,0.417167343000064],[109.118451449,0.417095351000062],[109.118703422,0.416900972000055],[109.11881861,0.416792983000048],[109.118948196,0.416648999000078],[109.119020188,0.416461819000058],[109.119077782,0.416303436000017],[109.119120977,0.416202646000049],[109.119250564,0.41613785300006],[109.119444943,0.41613785300006],[109.11966092,0.416289037000065],[109.119768908,0.416404225000065],[109.119927291,0.416656198000058],[109.120042479,0.41680018200003],[109.120208061,0.417080952000045],[109.120272854,0.417232136000048],[109.120344846,0.417383320000049],[109.120460034,0.417563300000038],[109.120575221,0.417649691000055],[109.120647214,0.417649691000055],[109.120855991,0.417577699000053],[109.120942382,0.417476910000059],[109.121064769,0.417332925000037],[109.121129562,0.417253734000042],[109.121165558,0.417188941000058],[109.121446328,0.417037757000048],[109.121633508,0.417005360000069],[109.121781092,0.416998161000025],[109.121957473,0.416987362000038],[109.122141053,0.416936968000065],[109.122281438,0.416882973000043],[109.122364229,0.416789383000041],[109.122439821,0.416641799000037],[109.122486616,0.416515813000041],[109.122465019,0.416371828000017],[109.122425423,0.416242242000074],[109.12236063,0.416105457000075],[109.122215402,0.41599421800004],[109.122191448,0.415975871000049],[109.121917877,0.415860683000058],[109.121763094,0.415770693000066],[109.121579514,0.415619509000066],[109.121489523,0.415558316000045],[109.121259148,0.415227151000067],[109.121228041,0.415116056000041],[109.121129562,0.415090366000071],[109.121093566,0.414946381000046],[109.121107964,0.414859991000058],[109.121172757,0.414766401000058],[109.121173548,0.414765530000077],[109.12124475,0.414687209000014],[109.121446328,0.414543225000047],[109.121547117,0.41446403300005],[109.121719899,0.414356045000029],[109.121899879,0.414255255000058],[109.122087059,0.414226459000024],[109.122310235,0.414204861000018],[109.122569407,0.414204861000018],[109.122850177,0.414183263000033],[109.123051756,0.414190462000017],[109.123238936,0.414226459000024],[109.123397319,0.414233658000048],[109.123598897,0.414190462000017],[109.123742881,0.414053677000021],[109.123908464,0.413895294000037],[109.123987655,0.413614524000026],[109.124066847,0.413369750000067],[109.12413164,0.412995391000036],[109.124146038,0.41279381200007],[109.124160437,0.412599433000023],[109.124182034,0.412477046000049],[109.124196433,0.412282667000047],[109.124167636,0.41211708500003],[109.124074046,0.411922706000038],[109.123966058,0.411800319000053],[109.123922062,0.411724327000064],[109.123872468,0.411699530000018],[109.123858069,0.411634737000036],[109.123875474,0.411589484000039],[109.123872468,0.411569944000057],[109.123873794,0.411547399000018],[109.123900665,0.411534547000033],[109.123969657,0.41150155100007],[109.12403445,0.411443957000061],[109.124142439,0.411400762000028],[109.124214431,0.411371965000057],[109.124286423,0.411357566000036],[109.124394412,0.411321570000036],[109.124409324,0.411306658000053],[109.124430408,0.411285574000032],[109.124430408,0.411278825000065],[109.124477203,0.411296373000026],[109.124577992,0.411332369000043],[109.12477957,0.411382764000046],[109.124850234,0.411400616000027],[109.125463497,0.411555545000055],[109.125930763,0.411378742000061],[109.12599624,0.41135396700002],[109.126071362,0.411256308000016],[109.126181363,0.411113307000041],[109.126212216,0.411073197000063],[109.126392197,0.410857220000018],[109.126416826,0.410798490000041],[109.126485787,0.410634044000061],[109.126507384,0.410419867000026],[109.126517932,0.41031526900002],[109.126572178,0.409777336000044],[109.126572178,0.409748539000018],[109.126617251,0.409571063000033],[109.126687365,0.409294988000049],[109.126701764,0.409244593000037],[109.126795354,0.409028616000051],[109.126960936,0.408927827000075],[109.127169714,0.408841436000042],[109.127267987,0.408797472000044],[109.127443284,0.408719050000053],[109.127652062,0.408618260000017],[109.127925633,0.408488674000065],[109.128062841,0.408420070000036],[109.128084016,0.40840948300007],[109.128107263,0.40837798600006],[109.128307192,0.408107115000055],[109.128429578,0.408027924000052],[109.128559165,0.407948732000016],[109.128635956,0.407915136000039],[109.128674352,0.407898338000044],[109.128746344,0.407840744000047],[109.128761828,0.407815307000022],[109.128775141,0.407804748000046],[109.128839934,0.407703959000057],[109.129113505,0.407761552000053],[109.1291567,0.407955931000057],[109.1291567,0.408207904000041],[109.129012716,0.408539069000033],[109.128926325,0.408848636000072],[109.128832735,0.409316585000048],[109.12882862,0.409509999999991],[109.128825536,0.409654949000064],[109.128933524,0.409971715000034],[109.128998317,0.410122899000033],[109.129171099,0.410338876000015],[109.129214294,0.410461263000051],[109.129300685,0.410706036000017],[109.129356677,0.410769332000024],[109.129466267,0.410893216000038],[109.129502263,0.411058798000052],[109.12953106,0.411267576000046],[109.129533394,0.411315415000034],[109.129545459,0.41156274400004],[109.129545459,0.411713928000034],[109.129574256,0.411850714000018],[109.129631849,0.411958702000042],[109.129696643,0.411973100000064],[109.129829551,0.411995252000048],[109.129887422,0.411947903000055],[109.129937817,0.411868712000055],[109.129973813,0.411854313000044],[109.130067403,0.411854313000044],[109.130153793,0.411825516000019],[109.130240184,0.411775122000055],[109.130333774,0.411652735000074],[109.130420165,0.411566344000042],[109.130513755,0.411472754000041],[109.130657739,0.411271176000072],[109.13074413,0.411184785000044],[109.130842227,0.411086688000062],[109.130880915,0.411047999999992],[109.130938509,0.410990406000047],[109.131132888,0.410868019000011],[109.13130567,0.410788827000019],[109.131471252,0.41072403400005],[109.131716026,0.410666441000047],[109.131939202,0.410652042000034],[109.132371155,0.410738433000055],[109.132601531,0.410817624000052],[109.132788711,0.410918414000027],[109.132961492,0.410997605000035],[109.13317027,0.411155988000073],[109.13335745,0.411328770000062],[109.133501434,0.411472754000041],[109.133753407,0.41167433200007],[109.133839798,0.411739125000045],[109.134019779,0.411832715000055],[109.134307748,0.411962302000058],[109.134516525,0.412077489000072],[109.1347541,0.412135083000062],[109.13493408,0.412178278000049],[109.13522205,0.41225747000004],[109.13530052,0.412270548000037],[109.135438026,0.412293466000041],[109.136042761,0.412322263000027],[109.136402723,0.412315064000041],[109.136633098,0.412358259000026],[109.136791481,0.412466247000046],[109.136936056,0.412493785000038],[109.136971462,0.412466247000046],[109.137007458,0.412462648000022],[109.137104647,0.412451849000039],[109.137165841,0.412419452000041],[109.137230634,0.412387056000064],[109.137254953,0.412369685000048],[109.137306226,0.412333062000069],[109.137374619,0.412271868000062],[109.137407568,0.412235923000026],[109.13745381,0.412185478000026],[109.137529402,0.41212788400002],[109.137709383,0.411969501000038],[109.13782817,0.411883110000017],[109.138018949,0.411706729000059],[109.138039441,0.411696483000062],[109.138191731,0.411620338000028],[109.138407708,0.411458356000016],[109.1384833,0.411400762000028],[109.138501847,0.411389722000015],[109.138634483,0.411310771000038],[109.138695677,0.411278375000059],[109.138796466,0.411235180000061],[109.138954849,0.411155988000073],[109.139242818,0.41106959700005],[109.139458795,0.411040800000023],[109.139653174,0.411033601000045],[109.139804358,0.41101920300002],[109.139955542,0.41101920300002],[109.140149921,0.411040800000023],[109.140279507,0.41105519900003],[109.140430691,0.411076797000025],[109.140729979,0.411109446000061],[109.140826648,0.411119992000066],[109.14090584,0.411155988000073],[109.141078621,0.411249578000024],[109.141222606,0.411321570000036],[109.141395387,0.411407961000074],[109.141510575,0.411472754000041],[109.141676157,0.411580742000069],[109.141723609,0.411605864000019],[109.141798544,0.411645536000034],[109.141971325,0.411724727000028],[109.14211531,0.411832715000055],[109.142216099,0.411904708000071],[109.142352504,0.411993896000065],[109.142403279,0.412027095000029],[109.142547263,0.412142282000039],[109.142612056,0.412192677000055],[109.142748842,0.412286267000061],[109.142957619,0.412394255000046],[109.143051209,0.412451849000039],[109.14323119,0.412502244000043],[109.143490362,0.412581435000052],[109.143706339,0.412653427000061],[109.143821527,0.412660627000045],[109.143951,0.412651697000055],[109.144030304,0.412646228000027],[109.144224683,0.412639029000041],[109.144318273,0.412639029000041],[109.1447436,0.412779193000054],[109.144951805,0.412847806000051],[109.145182181,0.412977393000062],[109.145340564,0.413070983000068],[109.145441353,0.413150174000059],[109.145671728,0.413286959000062],[109.145801314,0.413294159000037],[109.145995693,0.413265362000049],[109.146197272,0.413157373000051],[109.146269264,0.413114178000059],[109.146341256,0.413006189000029],[109.146391651,0.412876603000025],[109.14639885,0.412754217000041],[109.146326858,0.412559837000053],[109.146240467,0.412365458000065],[109.146146877,0.412156681000049],[109.146103682,0.41200549700005],[109.146074885,0.411789520000061],[109.146074885,0.411667133000035],[109.146110881,0.411544746000064],[109.146122713,0.411525027000029],[109.146082084,0.411451156000047],[109.146096482,0.411371965000057],[109.1461375,0.411339151000051],[109.146168475,0.411314371000046],[109.146254865,0.411256777000054],[109.146283212,0.411221344000069],[109.146341256,0.411148789000033],[109.146478042,0.410961609000022],[109.146614827,0.410860820000031],[109.146845202,0.410767230000034],[109.146996386,0.41073123400002],[109.147043504,0.410744977000035],[109.147169167,0.410781628000046],[109.147365816,0.410936877000034],[109.147442738,0.410997605000035],[109.14752193,0.41113439000002],[109.147565125,0.411364766000015],[109.147637117,0.411652735000074],[109.147653083,0.411699037000063],[109.147709109,0.411861512000036],[109.147824297,0.412019895000063],[109.147939485,0.41208468800005],[109.148077704,0.412093327000034],[109.14816986,0.412099087000051],[109.148313845,0.41208468800005],[109.148490918,0.412056044000038],[109.148803392,0.41200549700005],[109.149019369,0.411983899000067],[109.149268651,0.412041026000059],[109.149364932,0.412063091000048],[109.149652901,0.412214274000067],[109.149796885,0.412329462000049],[109.150077655,0.412459048000068],[109.150351226,0.412538240000056],[109.150826375,0.412552638000022],[109.151092746,0.412502244000043],[109.151231697,0.412502244000043],[109.151330319,0.412502244000043],[109.151359118,0.412502244000043],[109.151474305,0.412509443000023],[109.151589493,0.412574236000064],[109.151639888,0.412610232000016],[109.151920657,0.412847806000051],[109.151935056,0.412970193000032],[109.151949454,0.413056584000061],[109.151920657,0.413250963000049],[109.151783872,0.413466940000032],[109.151675884,0.413618124000035],[109.15163192,0.413690665000046],[109.151531899,0.413855698000014],[109.151395114,0.413985284000028],[109.151301524,0.414100472000022],[109.151171938,0.414431637000062],[109.151159695,0.414535699000041],[109.151157539,0.414554023000039],[109.151135942,0.41494278200002],[109.151171938,0.415050770000048],[109.15124393,0.415093965000042],[109.151373516,0.415187555000043],[109.151488704,0.415540318000066],[109.151560696,0.415641107000056],[109.151683083,0.415849884000073],[109.151783872,0.416015467000025],[109.151949454,0.416159451000057],[109.152050244,0.416260240000038],[109.152223025,0.416418623000021],[109.152352611,0.416490616000029],[109.152496596,0.416541010000056],[109.152597385,0.416562608000045],[109.152762967,0.41658420600003],[109.15292135,0.416497815000062],[109.153058135,0.416425823000058],[109.153173323,0.416310635000059],[109.153245315,0.416195447000055],[109.153302909,0.416073060000024],[109.153338905,0.415900279000019],[109.153439694,0.415525919000048],[109.153454093,0.415281145000055],[109.153454093,0.415120363000027],[109.153367702,0.415086766000052],[109.153431739,0.414894655000069],[109.153432495,0.414892387000065],[109.15348289,0.414770000000003],[109.153554882,0.41464041400007],[109.153626874,0.414590020000047],[109.153770859,0.414489230000067],[109.153806855,0.414453234000055],[109.15385725,0.414402840000039],[109.153914843,0.414244457000048],[109.15404443,0.414143667000071],[109.154202813,0.414107671000064],[109.154247927,0.414103912000024],[109.154247927,0.41192599000004],[109.154323112,0.410096488000019],[109.154500871,0.407830057000054],[109.154355749,0.407818105000035],[109.150135386,0.402391925000073],[109.150596172,0.401700746000068],[109.150711071,0.401528397000056],[109.149624065,0.397232134000034],[109.155687206,0.39406419500005],[109.155762536,0.393951200000057],[109.157466022,0.392659847000055],[109.157306342,0.39237597100004],[109.157305639,0.392346427000057],[109.157250103,0.390013921000045],[109.157232472,0.389273440000076],[109.157189035,0.387449094000037],[109.157350864,0.386882694000056],[109.157194534,0.382401244000045],[109.158404258,0.380949575000036],[109.159711259,0.378887231000025],[109.159708581,0.378870272000032],[109.160043436,0.378326133000025],[109.160050252,0.378316946000043],[109.160619854,0.377549221000026],[109.161070964,0.376596878000045],[109.161156895,0.376354708000061],[109.161221334,0.376321200000061],[109.161337468,0.376321200000061],[109.161447573,0.376147461000071],[109.162145241,0.375046596000056],[109.162098544,0.374857685000051],[109.162086586,0.374809308000058],[109.163307057,0.372661551000021],[109.164019906,0.371407097000024],[109.165169508,0.369384054000024],[109.165571697,0.368540911000016],[109.166539145,0.366512767000067],[109.166547634,0.366494970000075],[109.16668271,0.366211799000029],[109.167327057,0.365900364000026],[109.167837591,0.365718030000034],[109.167840712,0.365711357000057],[109.167942479,0.36570633100006],[109.167912106,0.36565975900003],[109.16789234,0.365629451000075],[109.167454458,0.365087949000043],[109.167432528,0.365083034000057],[109.165864161,0.363332534000055],[109.165864815,0.363326602000029],[109.165817751,0.363268089000038],[109.165814375,0.363263892000022],[109.165804699,0.363277677000043],[109.165475895,0.362985138000049],[109.165473563,0.362983063000056],[109.165468692,0.362986257000042],[109.165121166,0.362555626000065],[109.16512429,0.362543479000063],[109.165109853,0.362540434000031],[109.16508825,0.362535877000031],[109.164572934,0.36187416400003],[109.163950723,0.361075189000068],[109.163951667,0.361074686000044],[109.163893734,0.360971902000076],[109.163893558,0.360971590000008],[109.163890323,0.360971111000022],[109.163836984,0.360872755000051],[109.163838078,0.360870565000027],[109.163565414,0.36043896800004],[109.163565868,0.360439029000027],[109.163563823,0.360431190000038],[109.163481005,0.360302363000077],[109.163479675,0.360303708000068],[109.163314007,0.360044752000014],[109.163313462,0.360040157000075],[109.162714968,0.359092807000029],[109.162704139,0.359060319000036],[109.162701801,0.359059891000079],[109.16253931,0.358812801000053],[109.162400362,0.358630366000058],[109.160206475,0.355234640000057],[109.159469935,0.354094614000065],[109.159177932,0.353642649000046],[109.159179443,0.353622621000051],[109.159179733,0.353618788000066],[109.1589559,0.353322540000007],[109.158752386,0.35340532500003],[109.158642738,0.353449927000038],[109.158499251,0.353508295000035],[109.156684161,0.351125124000012],[109.155698431,0.349830884000027],[109.155347239,0.349399210000058],[109.155346334,0.349405368000015],[109.15529955,0.349391723000054],[109.154375447,0.348260493000049],[109.154373184,0.34825772300007],[109.154344586,0.348222714000027],[109.154408419,0.348031214000058],[109.154430231,0.34781309400005],[109.154430231,0.347638598000053],[109.154430231,0.347376855000054],[109.154408419,0.347267795000047],[109.154364795,0.347136923000049],[109.154299359,0.346940615000042],[109.154255735,0.346766119000043],[109.154255735,0.346657060000028],[109.154255735,0.346460752000043],[109.154255735,0.346286256000041],[109.154255735,0.346068136000029],[109.154255735,0.345959077000037],[109.154255735,0.345719145000028],[109.154233923,0.345435589000034],[109.154190299,0.345326529000028],[109.154124863,0.345173846000028],[109.154037615,0.344999350000011],[109.153928556,0.344824854000021],[109.153797684,0.344563111000067],[109.153710436,0.344410427000072],[109.153601376,0.344170495000064],[109.153492316,0.343995999000075],[109.153423711,0.343824487000069],[109.153405068,0.343777880000052],[109.153208761,0.34353794800007],[109.153204911,0.343535382000024],[109.153165137,0.343508865000046],[109.153143325,0.343494324000069],[109.153149273,0.343482427000027],[109.153143325,0.343472512000057],[109.153107044,0.343439386000058],[109.153099701,0.343407076000054],[109.152852341,0.343152221000027],[109.152401918,0.342688148000027],[109.152400525,0.342686713000031],[109.152379906,0.342665469000062],[109.152362291,0.342668506000045],[109.151943666,0.342469162000041],[109.151420179,0.342098358000044],[109.150613136,0.341880238000046],[109.150416829,0.341792990000039],[109.149871529,0.341618495000028],[109.14943529,0.341465811000036],[109.14832288,0.341269503000038],[109.148017512,0.341269503000038],[109.147942094,0.341200370000019],[109.147930264,0.34124769100003],[109.147523423,0.341936191000054],[109.147319529,0.342425538000041],[109.147014161,0.342163794000033],[109.147014161,0.34206861400002],[109.143719205,0.339222970000035],[109.143205706,0.338905809000028],[109.14324336,0.338879294000036],[109.14321579,0.338854551000051],[109.143089935,0.338741604000056],[109.139440527,0.336202886000012]]]]},"properties":{"gid":6519,"luas":61.015562426041456,"kdkab":"04","kdkec":"091","nmkab":"MEMPAWAH","nmkec":"ANJONGAN","iddesa":"6104091003","kddesa":"003","kdprov":"61","nmdesa":"ANJUNGAN DALAM","nmprov":"KALIMANTAN BARAT","rw_dki":"","sumber":"BPS","periode":"2023_1"}},{"id":6520,"type":"Feature","geometry":{"type":"MultiPolygon","coordinates":[[[[109.225613767,0.329511540000051],[109.225515388,0.329494675000033],[109.225393597,0.329494675000033],[109.225189514,0.329537466000026],[109.224909724,0.329672424000014],[109.224554225,0.329873215000017],[109.224539054,0.329913672000025],[109.224048957,0.330274796000019],[109.221876466,0.332078622000039],[109.22181175,0.332314372000034],[109.22178273,0.332332839000052],[109.221801434,0.332341341000073],[109.22168555,0.332394621000049],[109.221356384,0.332802786000063],[109.220875803,0.333592783000023],[109.220368888,0.334251113000051],[109.219881724,0.334731695000068],[109.219740231,0.334866285000033],[109.219447226,0.33502794300005],[109.218179339,0.335509950000067],[109.218130457,0.335528533000053],[109.217940608,0.335600708000072],[109.217959013,0.335681229000032],[109.216357685,0.336526919000043],[109.216346287,0.336629494000022],[109.216542598,0.336966495000064],[109.215060609,0.338190557000074],[109.215060517,0.338190546000021],[109.214881383,0.337965243000038],[109.214668633,0.337697660000067],[109.214663516,0.337701888000022],[109.21466658,0.337726397000028],[109.213796249,0.338432515000017],[109.213778429,0.33842860300007],[109.213458494,0.338674953000056],[109.213457559,0.338674730000027],[109.212049429,0.339770854000042],[109.210525838,0.340618596000066],[109.210496604,0.340616824000053],[109.20948618,0.341154692000032],[109.208197116,0.341840886000058],[109.209786909,0.343737340000066],[109.209702898,0.34400771400004],[109.209718122,0.344014481000041],[109.209063579,0.346033986000064],[109.208992553,0.346265480000053],[109.208838952,0.346766104000041],[109.208831025,0.34679194200004],[109.208829062,0.346792283000074],[109.208806586,0.346851780000057],[109.208803216,0.346862550000022],[109.208794062,0.346902829000047],[109.208788404,0.346909902000043],[109.208761068,0.346944072000041],[109.208717992,0.34707704400006],[109.208726866,0.34710662300006],[109.208752368,0.347191631000045],[109.208733954,0.347363495000023],[109.208712257,0.347566003000045],[109.208618664,0.348087450000036],[109.2085117,0.348702489000061],[109.208257662,0.349959310000027],[109.208057106,0.350694683000031],[109.20786992,0.351349834000079],[109.207736216,0.351777688000018],[109.207468807,0.352339246000039],[109.20725488,0.352793840000049],[109.207107806,0.353235064000042],[109.207091888,0.353260532000035],[109.206693322,0.353061249000055],[109.205837615,0.352900804000059],[109.205249316,0.352900804000059],[109.204554054,0.352900804000059],[109.204273275,0.352981026000066],[109.204393609,0.35322169400006],[109.204607535,0.35397043800003],[109.204607535,0.354449878000011],[109.204607535,0.354612219000034],[109.204500572,0.355628371000009],[109.20444709,0.356430597000041],[109.204393609,0.358676829000044],[109.203965755,0.360762616000048],[109.203591383,0.362099658000027],[109.203571327,0.362112636000055],[109.203571327,0.362280159000015],[109.203571327,0.362868458000033],[109.203571327,0.363777647000054],[109.203410882,0.364205501000063],[109.203336831,0.364267210000024],[109.203517846,0.36431246400002],[109.203678291,0.364526391000025],[109.203838736,0.364900763000024],[109.203892218,0.365328617000038],[109.204052663,0.366184324000082],[109.204287339,0.367029159000014],[109.205088871,0.367340866000063],[109.205730651,0.367447830000066],[109.206479395,0.367447830000066],[109.206563264,0.367423867000076],[109.20666176,0.367705283000011],[109.231551429,0.364437913000062],[109.238301525,0.37567128100005],[109.238467529,0.375947542000057],[109.238508114,0.375968717000034],[109.238508114,0.375114101000063],[109.240117077,0.373397874000031],[109.241311706,0.372501902000064],[109.239488835,0.37019932900006],[109.239880097,0.368396120000055],[109.240006178,0.368445966000018],[109.240042539,0.368452383000021],[109.240498441,0.366821657000058],[109.240513091,0.366840741000023],[109.241128044,0.365649271000047],[109.242262361,0.364602209000048],[109.243510566,0.363853286000053],[109.244407645,0.363315039000036],[109.245149336,0.362744508000044],[109.245252931,0.362664819000025],[109.24505123,0.362349661000048],[109.244943966,0.361277019000047],[109.24505123,0.36009711300005],[109.245942747,0.359057010000069],[109.245138872,0.357746991000062],[109.24470304,0.357420117000047],[109.24470304,0.356615635000015],[109.245090331,0.355727146000037],[109.24470304,0.355113937000052],[109.245103126,0.353593613000046],[109.244971201,0.35318318100002],[109.244649408,0.350823369000063],[109.245507522,0.348999877000035],[109.245711975,0.34828429100002],[109.24605804,0.347073065000077],[109.246269098,0.346334362000038],[109.246365636,0.345996480000051],[109.247170117,0.345111550000074],[109.247821364,0.344395178000063],[109.24851092,0.343636667000058],[109.250598569,0.341896959000049],[109.249059009,0.341269731000074],[109.24903479,0.341075980000035],[109.248828919,0.339429013000023],[109.249176757,0.33916301900006],[109.250700632,0.337997703000039],[109.252705301,0.336464721000023],[109.253110862,0.33605916100004],[109.2541061,0.335063923000059],[109.254295149,0.334496774000067],[109.253654084,0.334609903000048],[109.25312742,0.334425571000056],[109.252995754,0.333925240000042],[109.252807165,0.333698933000053],[109.253136415,0.333534309000071],[109.250939792,0.330154888000037],[109.249179045,0.331266939000038],[109.249203769,0.331186584000009],[109.24906908,0.330994754000067],[109.248334773,0.329948923000077],[109.248413773,0.329343259000039],[109.247580538,0.327940647000042],[109.247518443,0.32795418100005],[109.247507277,0.327935723000053],[109.24734803,0.328023933000045],[109.24590585,0.328431630000067],[109.245828124,0.328453603000068],[109.243594991,0.329084898000077],[109.242723569,0.329429705000056],[109.241294597,0.326095437000049],[109.24110508,0.326167878000025],[109.241104548,0.326168370000061],[109.241073785,0.326197664000059],[109.240947212,0.326318193000016],[109.240877804,0.326384287000057],[109.240877751,0.326384345000059],[109.240324209,0.327081563000028],[109.240309723,0.327137851000031],[109.239908949,0.327436101000046],[109.238584896,0.327894931000051],[109.238519782,0.327947953000033],[109.238483836,0.327944781000034],[109.238426897,0.327960764000066],[109.238294552,0.327988998000018],[109.238084565,0.328039764000027],[109.238070679,0.328036758000049],[109.237933149,0.328066097000033],[109.237557901,0.328052931000057],[109.237477684,0.328044703000042],[109.237376458,0.328034321000083],[109.237044403,0.328000264000028],[109.236743733,0.327960506000063],[109.236247823,0.327894931000051],[109.236192983,0.327866627000046],[109.234898245,0.327993681000074],[109.233268557,0.328360630000016],[109.233237729,0.328367572000049],[109.232910087,0.328441346000035],[109.232854543,0.328485397000051],[109.232593151,0.328547747000062],[109.232489174,0.328572549000054],[109.232376839,0.328599345000045],[109.232356352,0.328618159000036],[109.23217934,0.328665178000045],[109.230553263,0.329442008000064],[109.230482895,0.329478599000016],[109.229901522,0.329584304000033],[109.229726422,0.329642670000049],[109.229317856,0.329759403000026],[109.22873419,0.329759403000026],[109.228383991,0.329759403000026],[109.227625225,0.329701037000051],[109.227216659,0.329642670000049],[109.227182881,0.329625781000058],[109.227026694,0.32963647900004],[109.226813496,0.329606959000037],[109.226678259,0.329588234000024],[109.226037923,0.329499572000024],[109.22604223,0.329481805000059],[109.225839156,0.329431817000053],[109.22583912,0.329431808000037],[109.225832952,0.329430290000059],[109.225829282,0.329431650000053],[109.225678624,0.329487498000044],[109.225613767,0.329511540000051]]]]},"properties":{"gid":6520,"luas":17.773084747344118,"kdkab":"04","kdkec":"091","nmkab":"MEMPAWAH","nmkec":"ANJONGAN","iddesa":"6104091005","kddesa":"005","kdprov":"61","nmdesa":"DEMA","nmprov":"KALIMANTAN BARAT","rw_dki":"","sumber":"BPS","periode":"2023_1"}},{"id":6521,"type":"Feature","geometry":{"type":"MultiPolygon","coordinates":[[[[109.146954338,0.497871760000068],[109.146940617,0.497886254000027],[109.144450168,0.497767661000065],[109.142334606,0.49906954600005],[109.140471214,0.500216248000066],[109.140144173,0.500590009000056],[109.140144173,0.503240581000062],[109.13994604,0.504379848000044],[109.139744949,0.505536120000035],[109.139618989,0.50626038800004],[109.139554328,0.506632189000072],[109.138226184,0.506702092000071],[109.137255352,0.507256853000056],[109.137186671,0.507160700000041],[109.136605767,0.509086856000067],[109.136512276,0.509309300000041],[109.136465582,0.509420399000015],[109.135719124,0.511196456000039],[109.134618463,0.512480560000022],[109.134678393,0.512529450000046],[109.134587889,0.51251113400002],[109.134385444,0.513978861000049],[109.134343298,0.514284421000064],[109.135291089,0.51498762100005],[109.135302798,0.515018845000042],[109.135107646,0.515262786000047],[109.134098707,0.515904838000035],[109.133356157,0.515904838000035],[109.133231812,0.51591946700005],[109.133233902,0.515904838000035],[109.133234994,0.515897194000047],[109.132378924,0.515897194000047],[109.13186801,0.516241279000033],[109.131842941,0.516258162000044],[109.130880803,0.516906133000016],[109.12913809,0.519688359000036],[109.12913455,0.519734374000048],[109.129092229,0.519718933000033],[109.128941119,0.520580263000043],[109.12893936,0.520590289000037],[109.128941091,0.520602006000038],[109.12913809,0.521935541000051],[109.129168664,0.522363576000026],[109.129186886,0.522565839000037],[109.129421318,0.525168039000048],[109.129887151,0.525459184000051],[109.129829101,0.525807484000032],[109.129795429,0.526009514000068],[109.129381898,0.526781439000036],[109.12933682,0.526865584000069],[109.127869273,0.52762993100003],[109.127441894,0.527823461000019],[109.129605612,0.529446249000041],[109.132207235,0.531129653000052],[109.132761584,0.531530017000025],[109.13724559,0.534768465000076],[109.136664319,0.536253934000047],[109.136664319,0.538033988000045],[109.137257671,0.53993271300004],[109.137257671,0.540014527000047],[109.142712875,0.544816112000021],[109.144035987,0.54598069500002],[109.144037002,0.545981588000074],[109.144863411,0.54670898000007],[109.146721151,0.54854091800007],[109.148344743,0.550141961000065],[109.148720678,0.549857162000021],[109.148860885,0.549483278000027],[109.149218038,0.549452665000035],[109.154091477,0.54903494100005],[109.163428373,0.544955715000063],[109.166705293,0.546503149000045],[109.168430482,0.547317821000035],[109.170303471,0.548321208000061],[109.170429357,0.54838864700003],[109.17621947,0.551490494000067],[109.183173923,0.55204685000007],[109.184283711,0.55165049700003],[109.183609643,0.554886010000063],[109.183766623,0.554585132000059],[109.1839132,0.55447304300002],[109.184397756,0.55410250100004],[109.184843262,0.553991125000044],[109.185822517,0.553739316000064],[109.186142654,0.553656995000036],[109.187850427,0.553285740000021],[109.18922407,0.552951611000024],[109.189418894,0.552931256000022],[109.191815013,0.551253973000025],[109.192053015,0.551238106000023],[109.196406113,0.550947900000033],[109.204057946,0.552172193000046],[109.206362886,0.551595958000063],[109.207284278,0.552701628000025],[109.207375422,0.552881384000035],[109.207425399,0.552870973000035],[109.215099635,0.551272174000067],[109.2158725,0.551111160000056],[109.220591362,0.547965252000033],[109.212124243,0.536953103000026],[109.203594619,0.525859662000068],[109.196592899,0.516753378000032],[109.187454231,0.504867827000052],[109.186929868,0.502840292000032],[109.184266328,0.492541269000067],[109.181653676,0.482439016000055],[109.166369423,0.481605329000043],[109.166316773,0.48168430300007],[109.166296047,0.481974462000025],[109.166029118,0.482020598000017],[109.162409826,0.48264615500005],[109.162338549,0.482885083000033],[109.162274735,0.482863038000056],[109.161810667,0.482695973000029],[109.160437024,0.482157653000055],[109.15987086,0.481860650000044],[109.159583137,0.481721429000063],[109.15933254,0.481628615000036],[109.159202601,0.481572927000055],[109.158961285,0.481433706000073],[109.158627156,0.481238798000056],[109.15811668,0.481071733000021],[109.157921772,0.480960356000017],[109.157717581,0.48105317000004],[109.15764333,0.481071733000021],[109.157513391,0.481248079000072],[109.15750418,0.481264747000058],[109.155175213,0.480270676000037],[109.154911395,0.48088625200006],[109.154217344,0.48131768900003],[109.152286818,0.485624246000045],[109.151258945,0.489530166000057],[109.151173054,0.489856552000043],[109.151689748,0.492013751000052],[109.151853342,0.492696755000045],[109.150405711,0.494225943000052],[109.146954338,0.497871760000068]]]]},"properties":{"gid":6521,"luas":49.38775214394134,"kdkab":"04","kdkec":"121","nmkab":"MEMPAWAH","nmkec":"SADANIANG","iddesa":"6104121001","kddesa":"001","kdprov":"61","nmdesa":"PENTEK","nmprov":"KALIMANTAN BARAT","rw_dki":"","sumber":"BPS","periode":"2023_1"}},{"id":6522,"type":"Feature","geometry":{"type":"MultiPolygon","coordinates":[[[[109.199560199,0.364970958000069],[109.199560199,0.364954245000036],[109.199453235,0.363991574000069],[109.199239309,0.363349793000051],[109.198597528,0.362708013000032],[109.198062711,0.362226677000011],[109.198012816,0.36219895800002],[109.198010834,0.362190631000029],[109.197437422,0.361693674000033],[109.196927998,0.354904106000042],[109.196923296,0.354841432000053],[109.196398197,0.347842930000064],[109.196251018,0.345881329000063],[109.196230785,0.345876387000029],[109.196231534,0.345874865000034],[109.19619054,0.345649399000022],[109.196192356,0.345647862000012],[109.196200152,0.345641266000033],[109.196201399,0.34564021100004],[109.196200152,0.345634475000054],[109.196198408,0.345626454000067],[109.196200152,0.345626681000058],[109.196200152,0.345391965000025],[109.196243776,0.345130222000023],[109.196255761,0.345106252000041],[109.196317686,0.345071849000012],[109.196321971,0.344973832000047],[109.196374648,0.344868478000014],[109.196374648,0.344824854000021],[109.196374648,0.344781230000023],[109.196331024,0.34443223900007],[109.196302039,0.344171371000066],[109.196316978,0.344007041000049],[109.196166018,0.343918241000036],[109.196003088,0.343822400000019],[109.195977646,0.34368883300004],[109.195946911,0.343527472000061],[109.195894785,0.343253811000062],[109.195834117,0.342935302000061],[109.196013597,0.342632043000028],[109.196186301,0.342340232000014],[109.196374648,0.342076546000038],[109.196374648,0.342021990000036],[109.196383272,0.34200741800003],[109.196383272,0.341783623000013],[109.196383272,0.341731383000011],[109.196467758,0.341330077000067],[109.196758074,0.34042857000003],[109.196869064,0.340083916000028],[109.197038035,0.339555881000012],[109.197246609,0.338946205000058],[109.197246609,0.338679344000056],[109.197457823,0.338130188000029],[109.197599912,0.337846010000015],[109.197584551,0.337834489000038],[109.197589277,0.337821530000038],[109.197563429,0.337813368000064],[109.197615769,0.337670058000075],[109.197622028,0.337652920000039],[109.197537208,0.337639527000018],[109.198817588,0.334267861000062],[109.198883524,0.334209252000047],[109.198926572,0.334211359000047],[109.198926884,0.334211047000053],[109.198928399,0.334206892000048],[109.198932529,0.334205402000061],[109.198971207,0.334166724000058],[109.199226147,0.333911784000052],[109.19925314,0.333884791000062],[109.199280133,0.33388779000006],[109.199336305,0.333894032000051],[109.199712501,0.333732805000063],[109.19971517,0.33372638100002],[109.200433297,0.333367318000056],[109.20044995,0.333355945000038],[109.200860634,0.333075477000027],[109.200953082,0.333012342000078],[109.201082779,0.332923769000035],[109.201700554,0.332735004000014],[109.201712694,0.332731295000034],[109.201893316,0.332428562000079],[109.20227781,0.331784129000019],[109.202274445,0.331748238000049],[109.202580046,0.33132357300002],[109.202646336,0.331231455000021],[109.203093907,0.330609504000052],[109.203107573,0.330590514000047],[109.203228321,0.330422721000045],[109.20327966,0.330351380000021],[109.203400133,0.330183970000054],[109.203522576,0.330013822000056],[109.203524543,0.330007370000028],[109.203525186,0.330007299000045],[109.203535764,0.33000636900004],[109.203535449,0.330003365000035],[109.203537898,0.330005545000062],[109.203539632,0.330005469000076],[109.203590979,0.330052782000044],[109.203609508,0.33006985500003],[109.203662258,0.33011846100004],[109.203691661,0.330112580000051],[109.203731772,0.330092525000053],[109.203765198,0.330092525000053],[109.203811995,0.330092525000053],[109.203832051,0.330132636000031],[109.203844744,0.330143516000017],[109.203981664,0.330098852000047],[109.204331351,0.330091716000023],[109.206175771,0.330054074000025],[109.206997948,0.330037295000073],[109.207019866,0.330084263000054],[109.208842095,0.330044650000042],[109.208880688,0.330043811000056],[109.208963033,0.330042021000051],[109.210152064,0.32885299000003],[109.210176357,0.328828697000062],[109.21017549,0.328824497000019],[109.2102058,0.32879586000007],[109.210337486,0.328671438000062],[109.210341855,0.328667311000055],[109.210373161,0.328637732000064],[109.210377948,0.328641290000053],[109.213741449,0.326216440000047],[109.213741747,0.326207060000065],[109.213973499,0.325945317000047],[109.21397717,0.325957217000042],[109.215094747,0.324753673000029],[109.215097073,0.324751167000049],[109.215414808,0.324820532000053],[109.218194947,0.325594136000059],[109.218295677,0.325783005000055],[109.220436852,0.32569735800006],[109.220633359,0.325738927000032],[109.221378663,0.325907146000019],[109.221765825,0.325838983000041],[109.221766507,0.325832941000039],[109.22210223,0.325776634000017],[109.222610854,0.325696324000026],[109.222611039,0.325642676000028],[109.222635949,0.32562063900002],[109.22263668,0.325619993000035],[109.222763664,0.325516226000042],[109.222958165,0.32535728700003],[109.222404811,0.32486185800002],[109.221081856,0.323677389000071],[109.21986179,0.323514710000036],[109.2188504,0.323033100000027],[109.21822431,0.322455170000059],[109.21781968,0.322217150000024],[109.217405565,0.321973550000046],[109.21634602,0.321491940000038],[109.21547911,0.320528710000069],[109.21441956,0.319372840000031],[109.213898261,0.318636888000073],[109.213633429,0.318263006000039],[109.213612456,0.318233397000023],[109.21360082,0.31821697000003],[109.21273392,0.318024330000067],[109.20880048,0.314718640000018],[109.208097953,0.31371849800006],[109.207795676,0.312711197000056],[109.207352783,0.311397449000023],[109.206938944,0.31060387800005],[109.206517048,0.309760086000033],[109.205113462,0.306553521000074],[109.204849794,0.30595115700004],[109.20477962,0.305179233000047],[109.20462162,0.304389237000071],[109.204627689,0.304286074000067],[109.204651662,0.303878525000065],[109.204651977,0.303873175000033],[109.204632334,0.303879598000039],[109.204328219,0.303924766000018],[109.204019998,0.30395351000003],[109.203771316,0.30395351000003],[109.203697405,0.303986359000024],[109.203640945,0.30396172200005],[109.203579352,0.303960696000048],[109.203289608,0.303985333000061],[109.2030689,0.30400689000004],[109.202875909,0.303867280000019],[109.202398564,0.303475138000055],[109.202201467,0.303331421000053],[109.202082387,0.303177439000031],[109.201950989,0.302968023000062],[109.201819591,0.302717545000057],[109.201696405,0.302614890000015],[109.201573219,0.302540979000067],[109.201392547,0.302458855000046],[109.201157467,0.302329510000054],[109.200849503,0.302103669000065],[109.20041014,0.301748483000035],[109.200225361,0.301604767000072],[109.200031343,0.301471315000065],[109.199813715,0.301302961000025],[109.199578636,0.30112023600003],[109.199117715,0.300824590000043],[109.198629078,0.300606962000071],[109.198197928,0.300467351000061],[109.198014946,0.300468378000053],[109.197739574,0.300478643000021],[109.197464202,0.300487882000024],[109.197219627,0.300491988000023],[109.197090282,0.300498147000036],[109.196848786,0.300474537000061],[109.196041919,0.300371369000057],[109.195908211,0.300314139000027],[109.195802122,0.300275981000031],[109.195766933,0.300263324000059],[109.195554822,0.300177608000069],[109.195488995,0.300191466000063],[109.195313355,0.300281634000039],[109.195009597,0.300135519000028],[109.194853561,0.300176581000065],[109.194672889,0.299946634000033],[109.194615402,0.299790599000061],[109.194418305,0.299856298000073],[109.193999473,0.299609926000071],[109.193876287,0.299429254000072],[109.193712039,0.299363555000061],[109.193670977,0.299260900000029],[109.19338765,0.299244475000025],[109.1932388,0.299096652000068],[109.193144358,0.298952935000045],[109.193000641,0.298772263000043],[109.193132039,0.298620334000019],[109.193132039,0.298501254000035],[109.192939048,0.298501254000035],[109.192836393,0.298357537000065],[109.192639296,0.298059838000032],[109.1923765,0.298092688000042],[109.192146553,0.297912015000059],[109.192195827,0.297131838000041],[109.192228677,0.296951166000036],[109.192869867,0.296630571000029],[109.190164218,0.293151879000049],[109.18991427,0.293065359000017],[109.189374335,0.293065359000017],[109.182840249,0.294253375000029],[109.178931273,0.293364971000073],[109.179012559,0.293500448000037],[109.179433891,0.294290445000051],[109.179539224,0.295238441000031],[109.179486557,0.29629177000003],[109.179433891,0.298240429000028],[109.179272366,0.299177274000046],[109.179170559,0.299767756000042],[109.179012559,0.301400416000033],[109.178801894,0.302137746000025],[109.178622967,0.302396196000065],[109.178327896,0.302822410000029],[109.177432566,0.303717739000031],[109.17648457,0.304349737000055],[109.175325908,0.304876401000059],[109.17485191,0.304941037000045],[109.17485191,0.305044839000052],[109.17485191,0.305192400000067],[109.174219913,0.305719064000076],[109.17321925,0.306930393000077],[109.171849922,0.309247717000071],[109.17069126,0.310827710000072],[109.1692166,0.312091705000058],[109.167215275,0.312776369000052],[109.165845947,0.312565703000065],[109.16431862,0.311723040000047],[109.163791956,0.310775044000018],[109.16358129,0.30993238000001],[109.163396517,0.309538197000052],[109.162791293,0.308247054000044],[109.161421965,0.308247054000044],[109.160390372,0.308604673000039],[109.157459025,0.307158542000021],[109.15517287,0.306233609000055],[109.154895966,0.306667912000015],[109.154889131,0.30667863200005],[109.154718545,0.306594665000029],[109.154288753,0.306383109000012],[109.154268997,0.306373385000021],[109.154253657,0.306365834000068],[109.15423698,0.30639585400007],[109.154235659,0.306398231000062],[109.15422306,0.306439626000032],[109.154214061,0.30648462100004],[109.154197863,0.306536816000069],[109.154187064,0.306594410000061],[109.154185264,0.306630406000061],[109.154152868,0.306704198000037],[109.154140269,0.306723996000068],[109.154124071,0.306788789000051],[109.154115208,0.306831330000019],[109.154108773,0.306840983000032],[109.154090775,0.306945372000023],[109.154087476,0.306971766000051],[109.154079976,0.307031763000049],[109.154064412,0.307062890000055],[109.154051179,0.307089356000066],[109.153979187,0.307175747000019],[109.153907194,0.30723334100003],[109.153873173,0.307279733000033],[109.153828003,0.307341329000052],[109.153786523,0.307388734000024],[109.153777608,0.307398923000035],[109.153705616,0.307485314000073],[109.153648022,0.307521310000018],[109.153597627,0.307571705000041],[109.153584964,0.307616026000057],[109.153583229,0.307622099000066],[109.153581777,0.307624762000048],[109.153540034,0.307701291000052],[109.153504038,0.307780482000045],[109.153446444,0.30788127100004],[109.153374451,0.30794606500006],[109.153354313,0.307976271000027],[109.153216068,0.308183639000038],[109.153078801,0.308242467000063],[109.152964095,0.308291627000079],[109.152928099,0.308370819000053],[109.15292727,0.308404828000043],[109.152924762,0.308507664000045],[109.15292181,0.308628690000024],[109.1529209,0.308665987000041],[109.152871939,0.308723109000016],[109.152807881,0.30879784300003],[109.152763237,0.308849929000066],[109.152748119,0.308867566000067],[109.152740919,0.30887476500004],[109.152676126,0.308961156000069],[109.152647329,0.308982753000056],[109.15263293,0.308999552000038],[109.152560939,0.309083542000042],[109.152510544,0.309155535000051],[109.152474548,0.309234726000057],[109.152424153,0.309292320000046],[109.152395356,0.309335515000033],[109.152380958,0.309393109000033],[109.152380958,0.309472301000025],[109.152388157,0.309573090000068],[109.152380958,0.309673879000051],[109.152380958,0.309717074000045],[109.152380958,0.309745871000074],[109.152376458,0.309759371000037],[109.152330563,0.309897055000028],[109.152323364,0.309925852000034],[109.152307839,0.309959490000038],[109.152325832,0.30995331300005],[109.152421622,0.309920430000029],[109.153108767,0.310941861000049],[109.15321695,0.310950877000038],[109.15337984,0.311439546000029],[109.153616839,0.311781878000033],[109.153853838,0.312203210000061],[109.153880171,0.312255876000046],[109.153985504,0.312387542000062],[109.154248836,0.312519208000017],[109.154301503,0.312703541000079],[109.154591168,0.312808874000036],[109.1548545,0.312808874000036],[109.1550125,0.312808874000036],[109.155196832,0.312835207000036],[109.155802496,0.312966873000054],[109.156171162,0.313335538000042],[109.156250161,0.313598870000015],[109.156276495,0.314099202000025],[109.15648716,0.314678533000063],[109.156618826,0.315126197000031],[109.156724159,0.315521196000015],[109.156724159,0.315889861000064],[109.156908492,0.316205860000027],[109.157119158,0.316390192000025],[109.158075369,0.317145096000037],[109.15811982,0.317180189000061],[109.158751818,0.317548854000056],[109.15893615,0.317785853000034],[109.159304815,0.318233518000058],[109.159699814,0.318523183000026],[109.160042146,0.318812849000039],[109.160441134,0.319151989000038],[109.160516144,0.319339513000046],[109.160621477,0.319708179000032],[109.160779476,0.319918844000025],[109.161253474,0.320050510000045],[109.161266641,0.320052979000027],[109.161266641,0.32027434300005],[109.161279807,0.320471842000063],[109.161292974,0.320643008000045],[109.161398307,0.320827341000031],[109.161608972,0.320893174000036],[109.161990804,0.320945840000042],[109.162143867,0.320951727000019],[109.162668866,0.321508963000032],[109.162714968,0.321630504000046],[109.162978141,0.322139306000046],[109.163109966,0.322394167000031],[109.163373299,0.322999832000037],[109.163583964,0.323368497000033],[109.163952629,0.323552829000051],[109.165003397,0.323986842000063],[109.165102839,0.324092390000032],[109.165651122,0.324171660000032],[109.166335786,0.324408659000026],[109.16709945,0.324895824000062],[109.167718281,0.325514655000064],[109.168007946,0.325830653000027],[109.168034829,0.32591130300005],[109.168073779,0.326028152000034],[109.167676052,0.326823607000059],[109.168364979,0.327554837000033],[109.169044286,0.328275856000055],[109.171055927,0.330411019000047],[109.173302196,0.332795217000072],[109.173234277,0.332953694000024],[109.172627636,0.334369191000053],[109.171401221,0.337230825000063],[109.171400643,0.337229890000062],[109.171209842,0.337652224000052],[109.171247259,0.337648716000049],[109.171259198,0.337683337000033],[109.171263266,0.337695135000039],[109.171254557,0.337693614000039],[109.171247259,0.337692340000045],[109.171250429,0.337704229000042],[109.172119738,0.340964136000016],[109.172148258,0.340945802000015],[109.172719137,0.343562333000024],[109.172970287,0.344713436000059],[109.173860996,0.349603606000076],[109.17378661,0.34964241600005],[109.173826089,0.349733840000054],[109.174177061,0.35054661600003],[109.174206961,0.350615858000025],[109.174236905,0.350685202000012],[109.174700055,0.351757760000061],[109.174858493,0.351815374000065],[109.175845989,0.352427621000064],[109.176069822,0.35309911900003],[109.176050072,0.353869365000029],[109.175898656,0.354494780000046],[109.175884537,0.354502271000055],[109.175946973,0.354720798000073],[109.175852572,0.354787737000037],[109.175853752,0.354817612000027],[109.17587742,0.355417217000012],[109.175922843,0.355879346000051],[109.175898656,0.35593981500005],[109.175924989,0.35619656400008],[109.175940096,0.356226778000055],[109.175935138,0.356231869000051],[109.175954622,0.35626342700005],[109.175878906,0.356894395000044],[109.175856084,0.356952630000019],[109.175889586,0.356988812000047],[109.175973936,0.357135508000057],[109.176073926,0.357309403000032],[109.176073926,0.357493743000015],[109.176073926,0.357830364000049],[109.176001793,0.358126910000061],[109.175785394,0.358455516000052],[109.175585025,0.358848240000043],[109.175424729,0.359289053000046],[109.175192301,0.359673762000061],[109.174935828,0.359938250000031],[109.174631266,0.360146634000045],[109.174482169,0.360162840000041],[109.174204137,0.360545134000053],[109.173935152,0.360914988000036],[109.174377344,0.361445619000047],[109.174410735,0.361446770000038],[109.174450872,0.36144815400007],[109.174450535,0.361451193000049],[109.174443151,0.361480729000052],[109.174370312,0.361772083000059],[109.174236608,0.362039491000072],[109.174183126,0.362226677000011],[109.174049422,0.362467345000027],[109.17395433,0.362705074000068],[109.173888977,0.362868458000033],[109.173514605,0.363323053000046],[109.1733809,0.36356372000005],[109.173220455,0.363884611000054],[109.173179035,0.364022679000066],[109.173140233,0.364152019000071],[109.173407641,0.36457987300003],[109.173621568,0.364686836000028],[109.17371305,0.364558762000059],[109.173808754,0.364606614000014],[109.174370312,0.364820541000021],[109.175145797,0.36516817200003],[109.176001504,0.365301876000041],[109.177167796,0.36525427200007],[109.177311806,0.365248394000036],[109.179317371,0.364900763000024],[109.180440486,0.364606614000014],[109.180788118,0.364526392000064],[109.180895081,0.36463335500003],[109.181349676,0.364713577000034],[109.182579755,0.364686836000028],[109.183702871,0.364472909000016],[109.184451615,0.364285723000018],[109.185066655,0.36431246400002],[109.185120136,0.36431246400002],[109.185173618,0.364446169000073],[109.185253841,0.364499650000031],[109.185660776,0.36454364300004],[109.185735176,0.364900763000024],[109.186056066,0.365194913000028],[109.186831551,0.36562276600006],[109.187356644,0.365681110000022],[109.187794222,0.365729730000048],[109.188596448,0.365649507000053],[109.189478896,0.365515803000044],[109.190200899,0.365301876000041],[109.19084268,0.364980986000031],[109.190872798,0.364945849000045],[109.191003125,0.364793800000033],[109.191350756,0.364553132000012],[109.191591424,0.364285723000018],[109.191693728,0.363953233000071],[109.19174294,0.36397553900002],[109.191731813,0.363944777000032],[109.192159667,0.363196033000066],[109.199560199,0.365103387000033],[109.199560199,0.364970958000069]]]]},"properties":{"gid":6522,"luas":27.735903398300728,"kdkab":"04","kdkec":"091","nmkab":"MEMPAWAH","nmkec":"ANJONGAN","iddesa":"6104091006","kddesa":"006","kdprov":"61","nmdesa":"KEPAYANG","nmprov":"KALIMANTAN BARAT","rw_dki":"","sumber":"BPS","periode":"2023_1"}}]}