{"type":"FeatureCollection","features":[{"id":525,"type":"Feature","geometry":{"type":"MultiPolygon","coordinates":[[[[109.063821948324,0.26683292869678],[109.063773158305,0.266906112826902],[109.06383414493,0.267052481986523],[109.063842927709,0.267070045746029],[109.0637609608,0.267076876996327],[109.063626789145,0.26710127200613],[109.063456025875,0.267162258631408],[109.063248669191,0.267223246155936],[109.063090103426,0.267491588566012],[109.063102300031,0.267662352735426],[109.063129894829,0.267752035827817],[109.062901639699,0.267950666390146],[109.062626600937,0.267881906025177],[109.062492430182,0.267942894449043],[109.062321666012,0.268040472689728],[109.062163099348,0.268186841849332],[109.062028927693,0.26829661939353],[109.061784979393,0.2684429876538],[109.062077716813,0.268638145933703],[109.062092374863,0.268654896706154],[109.061929820605,0.268796352869455],[109.061923555028,0.268819328749086],[109.061887553368,0.26885533040922],[109.061842551293,0.26888233165431],[109.061737544652,0.268954335873958],[109.061698542854,0.268957336012298],[109.061677541885,0.268936335043845],[109.06165054064,0.268891332069356],[109.061662541193,0.268849330132527],[109.061683542162,0.268795326742971],[109.061682474667,0.268788925368635],[109.061602017719,0.268821107608061],[109.061289282075,0.268977475430156],[109.061284521963,0.268987337395742],[109.061194516914,0.269140345350701],[109.061155515115,0.269203349155298],[109.061065510065,0.269257350746191],[109.061011506676,0.269308353997356],[109.060870500173,0.269383358355338],[109.06083240759,0.269390079888292],[109.060687212045,0.269504163386502],[109.060662817035,0.269577346617303],[109.060589632905,0.269870084936541],[109.060431066241,0.269918874956138],[109.060284697081,0.269906678350591],[109.060235907061,0.269943269965983],[109.060162722931,0.270077441620686],[109.060187117941,0.27022381078029],[109.060229842933,0.270275690870506],[109.059991500108,0.270483099715313],[109.06000148528,0.270519470097475],[109.059983002414,0.270527962395589],[109.059976452651,0.270511416668573],[109.059952452444,0.270427411895555],[109.059862447394,0.270379409682049],[109.059802443728,0.270385409958739],[109.059772443244,0.2704514139017],[109.059754442414,0.270565420058104],[109.059754442414,0.270631423101742],[109.059754442414,0.270632976230901],[109.059717904758,0.270649763875553],[109.059433426711,0.270706658585485],[109.059509287224,0.270886828764137],[109.059708422306,0.270981655079364],[109.059329117945,0.271076481394575],[109.058997226741,0.271076481394575],[109.058779126755,0.271199755064689],[109.058608439928,0.271332511186463],[109.058646370633,0.271436819953344],[109.05856102677,0.2715316462685],[109.058371375039,0.271560092724137],[109.058210170663,0.271579059426071],[109.058181723308,0.271835089218028],[109.058181723308,0.271929914633914],[109.058096380344,0.271986811142461],[109.057916210165,0.271986811142461],[109.057783454043,0.272053189203326],[109.057622249667,0.27217646287351],[109.057527424251,0.272204910228473],[109.057404149682,0.272299735644307],[109.057394019718,0.272312905316364],[109.057426319769,0.27234751302732],[109.057516324819,0.272419516347664],[109.057546326202,0.272521521950753],[109.057498323988,0.272509521397357],[109.057366317002,0.272419516347664],[109.057306314235,0.2724675185612],[109.057270311676,0.272479520013858],[109.057229438388,0.272433535879034],[109.057204698938,0.272450795667738],[109.057198308355,0.272449517731103],[109.057084302199,0.27240151641687],[109.056940294659,0.272449517731103],[109.056904292999,0.272563523887581],[109.05691482406,0.272653035209424],[109.056822481672,0.272717459043495],[109.056844290232,0.272773535370384],[109.056856289886,0.272929542564387],[109.056802288295,0.272959544847133],[109.056670281308,0.272965545123844],[109.056546119108,0.272972849417495],[109.056441365177,0.2730729466592],[109.056538274322,0.273175555707386],[109.056646279302,0.27328356158715],[109.056580276259,0.273259559581049],[109.056466270102,0.273265560757043],[109.056418267889,0.273265560757043],[109.056388265606,0.273247559926964],[109.056322262562,0.273211558266839],[109.056307721424,0.273200651289064],[109.056276893564,0.273230107683385],[109.056133312303,0.273367309154005],[109.056216858421,0.273504916218938],[109.056247351734,0.273602495358916],[109.056210760119,0.273852541961277],[109.056015600939,0.273822048648704],[109.055826540962,0.273791555336069],[109.05572286262,0.273767160326257],[109.055717442406,0.273764696183833],[109.055562803081,0.273912461990558],[109.055460460232,0.274010256068492],[109.055455033723,0.274006243293511],[109.055456764019,0.274033917231515],[109.055327675332,0.274136112591571],[109.055271559435,0.27404160193845],[109.054991017721,0.27406599694825],[109.054954426106,0.274126983573466],[109.054881241077,0.274248957723271],[109.054856846067,0.274346537762541],[109.054722675311,0.274444116902548],[109.054576306152,0.274468511912338],[109.054222581207,0.274590486062148],[109.054125001168,0.274651472687368],[109.053929842888,0.274773446837169],[109.053795671233,0.274932014400953],[109.053759078718,0.275053987651444],[109.053734683709,0.275114975175989],[109.053527327924,0.275102776771779],[109.053258984615,0.275114975175989],[109.05312481296,0.275261344335581],[109.053112616354,0.275419910100822],[109.05310041795,0.275566279260426],[109.053099655325,0.275589938624822],[109.053039431325,0.275566279260426],[109.052795483025,0.275566279260426],[109.05263691726,0.275688253410242],[109.052417363071,0.275883411690114],[109.052307586426,0.275968794224524],[109.052197809781,0.276078570869399],[109.051990453097,0.276261531644408],[109.051860512752,0.276580476208034],[109.051821972306,0.276604563649759],[109.051770899807,0.276590861579034],[109.051685518172,0.276590861579034],[109.051614417771,0.276595306028584],[109.051501010563,0.276583733552497],[109.05132700164,0.276829746695514],[109.051335728661,0.276864658377329],[109.05132700164,0.276877748909035],[109.051328061941,0.276881284144004],[109.051319595723,0.276895798302518],[109.051325923353,0.276916361301065],[109.051295490295,0.276936975560974],[109.051315001086,0.276985754788822],[109.05130900081,0.27709375976922],[109.05129099998,0.27708776039185],[109.051181080343,0.277014480034249],[109.051099165594,0.277069970003142],[109.051068987943,0.277033757002362],[109.05094898241,0.276943752851928],[109.050954981787,0.276991755065467],[109.050798973694,0.277105761221945],[109.05067896816,0.2771717651649],[109.05058896311,0.277237768208469],[109.050546961173,0.277351774364941],[109.050528960343,0.277369775195021],[109.050420953564,0.277387776025063],[109.050396953357,0.277453779068698],[109.050312948584,0.277507781558933],[109.05026494637,0.277525783288292],[109.050150940214,0.277531782665672],[109.050168941044,0.277597786608619],[109.050054934887,0.277669790828202],[109.049952930184,0.277675791104915],[109.049922927901,0.27773579387184],[109.04986892631,0.27777779580867],[109.049754920154,0.27777779580867],[109.049676915657,0.277843799751623],[109.049676915657,0.277933803901986],[109.049696157552,0.27802039512515],[109.049644501393,0.278055387745997],[109.049646914274,0.278059810611808],[109.049628913444,0.278155815938192],[109.049568909777,0.278125813655419],[109.04954886299,0.278117333048553],[109.049273782859,0.278272813239763],[109.04927489532,0.278287822924711],[109.049256893591,0.278377827075112],[109.049154887988,0.278443831018001],[109.049046883007,0.27849783440757],[109.04898688024,0.278461831848113],[109.048971556692,0.278443635865122],[109.048572664197,0.278669097700736],[109.048562979398,0.278749804659789],[109.048575176903,0.279054741383265],[109.048501991873,0.279127924614105],[109.048294636089,0.279005951363593],[109.048172590892,0.278919800808163],[109.047867700034,0.279189512885725],[109.047858821028,0.279265874320661],[109.047801818399,0.279352878332692],[109.04767581079,0.279403880684569],[109.04765780996,0.279490885595903],[109.047603806571,0.279547889123817],[109.04747780076,0.279604891752398],[109.047394910247,0.279607749797881],[109.047347598713,0.279649602447254],[109.047336793358,0.279649893827585],[109.047156784158,0.279697896041091],[109.046964774405,0.279757899707358],[109.046868769079,0.279877906140474],[109.046760763199,0.279985911120945],[109.046604755105,0.280129918660842],[109.046604755105,0.280264798081992],[109.046604454732,0.280264977946437],[109.046592754552,0.280261925647387],[109.046448747012,0.280261925647387],[109.046292738919,0.280333929867034],[109.046172733385,0.280405933187296],[109.046004723839,0.280513939067073],[109.045920719965,0.280597942940719],[109.045680707099,0.28072994992732],[109.045644705439,0.280801954146887],[109.045647345848,0.280815158892498],[109.045533119358,0.280872273036996],[109.045574612279,0.281006326880517],[109.045489229744,0.281201486059779],[109.045245282344,0.281091709414886],[109.045205535907,0.281036064762641],[109.045197060696,0.281040302368128],[109.045114760138,0.28105819438019],[109.044403775014,0.281573044560389],[109.044145973558,0.281573044560389],[109.0440019894,0.281601841751617],[109.04380041086,0.281803420291671],[109.043685222995,0.282062592314846],[109.043681905396,0.282095778197631],[109.043621085145,0.28213981979689],[109.043570036028,0.282292968046077],[109.04339725378,0.282436952203632],[109.042878909734,0.282638529844343],[109.042774625249,0.282690673435861],[109.042245377822,0.282955297149272],[109.041727032876,0.283243266363688],[109.040891923324,0.28370401602757],[109.040344782086,0.284049578725101],[109.039855234332,0.284308750748326],[109.039192905228,0.284769502210768],[109.038867757141,0.284944582226734],[109.03844418635,0.285172659290815],[109.037666669381,0.285547018280315],[109.035946426387,0.286541533564957],[109.03585246432,0.286497315698622],[109.035679682072,0.286497315698622],[109.035276525891,0.286842879295476],[109.035161338025,0.287159644801804],[109.03504615016,0.287418816824975],[109.034729383754,0.287735583230644],[109.034556603305,0.287965958961861],[109.034470211731,0.288225130985039],[109.034470211731,0.288426708625764],[109.034457414378,0.2885418973907],[109.034327063943,0.2885418973907],[109.034153446225,0.2885418973907],[109.03366389937,0.288426708625764],[109.033203147907,0.288426708625764],[109.031962901867,0.288832174265442],[109.031705709251,0.288916257279481],[109.030669020259,0.289492194808977],[109.030130086235,0.289784118342422],[109.02928676767,0.290240914586605],[109.028451658118,0.290788055824164],[109.027472562609,0.291479182118618],[109.026781437214,0.291939931782453],[109.026601508053,0.292073997317159],[109.02531279485,0.293034215156973],[109.024304903049,0.293898121900837],[109.023095432708,0.294502856621587],[109.021828368884,0.29519398291601],[109.020849274275,0.295683530670433],[109.02002013622,0.296083803624699],[109.022509410181,0.300396871218633],[109.02250856302,0.300409744114443],[109.022522077132,0.300431703760181],[109.023400067259,0.302226276621404],[109.023481761674,0.302367159916568],[109.023564626107,0.302824163904042],[109.023647802604,0.30328289818726],[109.023625665792,0.303345052132495],[109.024127018947,0.304144578209779],[109.024910172654,0.305393502606936],[109.025484527589,0.306309447822798],[109.026758801278,0.308341578401154],[109.027241438642,0.309111259577038],[109.028003648041,0.310477658048718],[109.028464154197,0.311303198783666],[109.028806723052,0.311917317030583],[109.028898899065,0.311991520991952],[109.0290377391,0.312233205697901],[109.029180491187,0.312194560030943],[109.029652363666,0.313008300792487],[109.030770461088,0.314936447259297],[109.032171004988,0.31735167014352],[109.032429043865,0.317544457810509],[109.033615620165,0.319412215701219],[109.034124266821,0.320212864132403],[109.034213391435,0.320353152076342],[109.034665336736,0.32106454908973],[109.034709054579,0.321319143563703],[109.036754900718,0.324393441803914],[109.037981626351,0.326236845154291],[109.038035972382,0.326318510790686],[109.039510820068,0.328534768564787],[109.039750677352,0.328970199615057],[109.040514527324,0.330356882264364],[109.040774989874,0.330829723313099],[109.041054223074,0.331240360054613],[109.041786383635,0.332317067079015],[109.043224548874,0.334432015325317],[109.044689353831,0.336586140737833],[109.04498052643,0.337014334943656],[109.045863050939,0.338312166373418],[109.046490331664,0.339234637868282],[109.047056319993,0.340302712300379],[109.047271808347,0.340709357850619],[109.048212136781,0.342478452918328],[109.048278883564,0.342447786036512],[109.048359040138,0.342628136978984],[109.048693301055,0.342949026776216],[109.049134524639,0.343443733041886],[109.049375193111,0.344018660632744],[109.049615859784,0.344526737119281],[109.049715340091,0.344734738617316],[109.049703341336,0.344788415552962],[109.049696082908,0.344820887374093],[109.050384461774,0.346020517333029],[109.054135064582,0.352556656864292],[109.054135064582,0.352737636432834],[109.054135064582,0.352843143995917],[109.054135064582,0.353324479141457],[109.054035395417,0.353598572716009],[109.054429214836,0.354140075204331],[109.054536178402,0.355156228177468],[109.054536178402,0.356600233613942],[109.054429214836,0.358792984009027],[109.054001360574,0.361039216186947],[109.053680470777,0.36280411321928],[109.053573507212,0.364087674206876],[109.053520025429,0.364462045786805],[109.053306099197,0.364782935584055],[109.053092172066,0.365531679643366],[109.052824763152,0.366013015688159],[109.05276824256,0.366114752393962],[109.052774384031,0.366118086180791],[109.075083902001,0.363217849024577],[109.096618264621,0.36041838180289],[109.098041306861,0.343737160241779],[109.100380346376,0.344713001104133],[109.110519913763,0.335766324156561],[109.10620911336,0.327425862213833],[109.124946094287,0.320312748234804],[109.124940448343,0.32030879571441],[109.124940448343,0.320308201262545],[109.124940448343,0.320177923672287],[109.124940448343,0.320177329220424],[109.124940448343,0.320134300257764],[109.124879375383,0.319951078679371],[109.124875100905,0.319938257044946],[109.124738194412,0.319842421690446],[109.124738194412,0.319841827238574],[109.124738194412,0.319711549648328],[109.124738194412,0.319710955196444],[109.124738194412,0.319688544990412],[109.124738194412,0.319667926233862],[109.124677120553,0.319484704655453],[109.124650946684,0.319406182149641],[109.124432826914,0.319057191236426],[109.1243892026,0.318926319194306],[109.124047182332,0.318470290071884],[109.12386571623,0.318228335569303],[109.12386571623,0.318227741117404],[109.12386571623,0.318097464426505],[109.123691219874,0.317312233073162],[109.123603972146,0.317181361031015],[109.123551581241,0.31691067408837],[109.123533997696,0.316882540596792],[109.123533673041,0.316882020788677],[109.123531129758,0.316877952255767],[109.123504526013,0.31688874681827],[109.123501125676,0.31689012727757],[109.122689189854,0.317219609197643],[109.122646665411,0.317087309931461],[109.122628380395,0.317091529550515],[109.122138841634,0.316003669134087],[109.121658244832,0.315212097560277],[109.12165759822,0.315211032762986],[109.119923696322,0.313950012383198],[109.11809149043,0.312815789217302],[109.118049553244,0.312720937721168],[109.118220624083,0.31274794885882],[109.118542414101,0.312789922017308],[109.118551788634,0.312791145095328],[109.118753367174,0.312819941387239],[109.119026938243,0.312877534870377],[109.119271711221,0.312920731106889],[109.119674868301,0.312992722735973],[109.119736119327,0.313020286057376],[109.119962836616,0.313122308747612],[109.120394790887,0.313251894759166],[109.120668361056,0.313295090096408],[109.120812346113,0.313309489141658],[109.121129111619,0.313511066782313],[109.121201104148,0.313525465827635],[109.121460276171,0.31364065279393],[109.121777041677,0.31364065279393],[109.122367379151,0.313597458356074],[109.122856926906,0.313683849030415],[109.123404068143,0.313871029424491],[109.123749630841,0.314029411728023],[109.124267974887,0.314173395885577],[109.124714327304,0.31431738094244],[109.125117484385,0.314374975324856],[109.125592633094,0.314432567908734],[109.126442141691,0.314590951111546],[109.126744509052,0.314619748302785],[109.127752400853,0.314547755774331],[109.128587512204,0.314490162291153],[109.1292786367,0.314475764145235],[109.129768185354,0.314475764145235],[109.130128146197,0.314432567908734],[109.130401717265,0.314374975324856],[109.130920061312,0.314158997739582],[109.131236826818,0.314029411728023],[109.131654382044,0.31389982571642],[109.13175090538,0.313859608034536],[109.131938815124,0.313781312157864],[109.131999944742,0.313755840659547],[109.132244718619,0.313655051839189],[109.132662273845,0.31364065279393],[109.132964642105,0.31364065279393],[109.133353400139,0.31371264622169],[109.133577814254,0.313734363279082],[109.133799751657,0.313755840659547],[109.134087720872,0.313755840659547],[109.134299182961,0.313702975811733],[109.134318096603,0.313698247176435],[109.134473084865,0.313656917033146],[109.134939863584,0.313509261842998],[109.134946347696,0.31351376474849],[109.135066816381,0.313467872344462],[109.135340387449,0.313410277962021],[109.135556364135,0.313352683579519],[109.135815536158,0.313251894759166],[109.135959520316,0.313208700321289],[109.135963795016,0.313209650246501],[109.136218586201,0.313266270018613],[109.136218693238,0.313266293804449],[109.136521059699,0.313424677007278],[109.136794630768,0.313583060210121],[109.137111397173,0.31371264622169],[109.137356170151,0.313799035996711],[109.137485757062,0.313943021053604],[109.137557748691,0.314029411728023],[109.13783131976,0.314072607065209],[109.138119288974,0.313957419199588],[109.138464851672,0.313856630379212],[109.138594437683,0.313813435042031],[109.138997593864,0.313799035996711],[109.139141578921,0.313799035996711],[109.139440347194,0.313795436909905],[109.139634725762,0.31368744811726],[109.139713917363,0.313644252780078],[109.139830841615,0.313620868397093],[109.139893897785,0.313608257415184],[109.140102676298,0.313586659296942],[109.140203465118,0.313593858369931],[109.140549027815,0.313579460223929],[109.140693011973,0.313586659296942],[109.140916187732,0.313464272358294],[109.141009778379,0.313464272358294],[109.14108896998,0.313464272358294],[109.141247353183,0.313521865841474],[109.141362541048,0.313557862105703],[109.141520924251,0.313622654661852],[109.141664908409,0.313622654661852],[109.141960075797,0.313629854634143],[109.142010471106,0.313629854634143],[109.142043755915,0.3136520454056],[109.142075263663,0.313673049971321],[109.142168854309,0.313709046235549],[109.14237043195,0.313723444381465],[109.142507217934,0.313694648089614],[109.1426224049,0.313629854634143],[109.142683897844,0.313579891898542],[109.142737592766,0.313536264886749],[109.142766389957,0.313521865841474],[109.14287437785,0.313500267723219],[109.142917368142,0.313496360168904],[109.142953570351,0.313550663032734],[109.143068757317,0.313601058342217],[109.143227139621,0.313629854634143],[109.14334952656,0.313579460223929],[109.143403012839,0.313540560948177],[109.14342871906,0.313521865841474],[109.143493511616,0.313493068650249],[109.143587102263,0.313464272358294],[109.143630296701,0.313464272358294],[109.143723887348,0.313442675139409],[109.143795878977,0.313399478902843],[109.143860672432,0.313356283565664],[109.143947063107,0.313291491009518],[109.144011855663,0.313226697554112],[109.144076649118,0.313176303143882],[109.144148641647,0.313176303143882],[109.144231224591,0.31318265595484],[109.144242231394,0.313183502216915],[109.144262689172,0.313182040818551],[109.144308372034,0.313096050342488],[109.144689876137,0.313072205717781],[109.145256039834,0.312927372600198],[109.145940703601,0.312769374307204],[109.146467368175,0.312795707356027],[109.146704367413,0.312848374353051],[109.147138865866,0.31290103955136],[109.147810362658,0.312914207424779],[109.14869252564,0.312822040404903],[109.149029508142,0.31268724740391],[109.149680021716,0.312427041974437],[109.150075020146,0.312097876615761],[109.150641183844,0.311742378208238],[109.151128349294,0.311228879709055],[109.151655013868,0.310728549083306],[109.151918346155,0.310373049776501],[109.151984179227,0.310149218411744],[109.15198058014,0.310071832648979],[109.152307838936,0.309959490238327],[109.152323363932,0.309925851996517],[109.152330563005,0.309897054805254],[109.152376458107,0.309759371298013],[109.152380958315,0.30974587067545],[109.152380958315,0.309717074383508],[109.152380958315,0.309673879046312],[109.152388157388,0.30957309022597],[109.152380958315,0.309472301405595],[109.152380958315,0.309393108904866],[109.152395355561,0.30933551542175],[109.152424152753,0.309292320084559],[109.152474548062,0.309234725702079],[109.152510544326,0.309155534999975],[109.152560938736,0.309083541572249],[109.152632930365,0.30899955208769],[109.152647329411,0.308982752751868],[109.152676125703,0.30896115643224],[109.152740919158,0.308874764858559],[109.15274811913,0.308867565785575],[109.152763236734,0.30884992918095],[109.152807880879,0.308797843146003],[109.152871938689,0.308723108584609],[109.15292089958,0.308665987245522],[109.152921809694,0.308628689662309],[109.152924762168,0.308507664297332],[109.152927270377,0.308404827720661],[109.152928098653,0.308370818958157],[109.152964094917,0.308291627356763],[109.153078800746,0.308242466816457],[109.153216067867,0.308183638564115],[109.153354312551,0.307976271088085],[109.15337445107,0.307946064659178],[109.153446443599,0.307881271203767],[109.153504037981,0.307780482383407],[109.153540034245,0.307701290781987],[109.153581777177,0.307624762073137],[109.153583228683,0.3076220991806],[109.153584964375,0.307616026058771],[109.153597626829,0.307571704770372],[109.153648022139,0.307521310360238],[109.153705615622,0.307485314096028],[109.15377760815,0.307398923421602],[109.15378652313,0.307388734102851],[109.15382800256,0.307341329039153],[109.153873172809,0.307279732673573],[109.153907194162,0.30723334114583],[109.15397918669,0.307175746763326],[109.154051179219,0.307089356088973],[109.154064411843,0.307062889940455],[109.15407997641,0.307031762605787],[109.154087475856,0.306971766134146],[109.15409077457,0.306945371931412],[109.154108772702,0.306840983124916],[109.15411520825,0.306831329802071],[109.154124071069,0.306788789171312],[109.154140268758,0.306723995715857],[109.15415286826,0.306704198040328],[109.154185263639,0.306630405968514],[109.154187064082,0.306594409704309],[109.154197863141,0.306536816221124],[109.15421406083,0.306484621368188],[109.154223060346,0.306439625588316],[109.154235658949,0.306398230693831],[109.154236980053,0.306395853785658],[109.154253657081,0.306365834415771],[109.154268996817,0.306373385123665],[109.154288753123,0.306383108593623],[109.154718545425,0.306594665111727],[109.154889130629,0.306678632113228],[109.154895966376,0.306667912194421],[109.155172870332,0.306233608893987],[109.157459025214,0.307158541833305],[109.160390371718,0.308604673267095],[109.161421965152,0.308247054258168],[109.162791292684,0.308247054258168],[109.163396516636,0.309538197429904],[109.163581290444,0.309932380175247],[109.163791955734,0.310775044033106],[109.164318620308,0.311723040086264],[109.165845947033,0.312565703044793],[109.167215274565,0.312776369234077],[109.169216599766,0.312091704568542],[109.170691260393,0.310827710130754],[109.171849921737,0.309247717308375],[109.173219250168,0.306930392823401],[109.174219913218,0.305719063583976],[109.174851909988,0.305192399909398],[109.174851909988,0.305044839148084],[109.174851909988,0.304941036699501],[109.175325907565,0.30487640062546],[109.176484569807,0.304349736950829],[109.17743256586,0.303717739282258],[109.178327895816,0.302822410226072],[109.178622966976,0.302396196327439],[109.178801894292,0.302137745560576],[109.179012558683,0.30140041569666],[109.179170558774,0.29976775587727],[109.179272365627,0.299177273612311],[109.179433891061,0.29824042915252],[109.179486557159,0.2962917700492],[109.179539224156,0.29523844090136],[109.179433891061,0.294290444848156],[109.179012558683,0.293500447987355],[109.17893127256,0.293364971416314],[109.182840248679,0.294253374793443],[109.189374335058,0.293065358679425],[109.189914270028,0.293065358679425],[109.190164217705,0.293151878856175],[109.190981009866,0.29343461491561],[109.194449594273,0.2933278887711],[109.195070934976,0.290941811115695],[109.195809278376,0.288106424072264],[109.200408215267,0.287843627781231],[109.202342267582,0.285426061263763],[109.202510585595,0.285215663072449],[109.202839081858,0.284098778835643],[109.205007152158,0.28337608813596],[109.204875754013,0.275590745316662],[109.212641496108,0.275136903345463],[109.20718982565,0.259145334989285],[109.205783801281,0.259169787555704],[109.200140727213,0.259244039181089],[109.200140987117,0.259271854312663],[109.198437827644,0.256957562341658],[109.197944482952,0.256287193299392],[109.191824501999,0.247971218996607],[109.190741106717,0.246499075571936],[109.190719206426,0.246050105228218],[109.190562350272,0.242834572057913],[109.19047445773,0.24199081102714],[109.190322806852,0.240534956123386],[109.190191095743,0.239270524615054],[109.188186318943,0.238008258674232],[109.185898923896,0.238155832925367],[109.18582082677,0.238113832787175],[109.185989318352,0.237626573807401],[109.17879533104,0.234066284631338],[109.181258321415,0.228945858764404],[109.180973179669,0.228798371747529],[109.178432154221,0.227484047650694],[109.176798632851,0.226667286965777],[109.176088947247,0.225744695861064],[109.176056122892,0.225702024828641],[109.175239362207,0.225033765595858],[109.174496852248,0.224291255637008],[109.172863330878,0.223251741874431],[109.171155557883,0.222434982088809],[109.170196719603,0.220791257910259],[109.170160696359,0.220729503264003],[109.169855357639,0.220672027592054],[109.167715242764,0.22026918257675],[109.167163092303,0.219149959203325],[109.166950132842,0.219053159775565],[109.165653017273,0.216962286380458],[109.165130299824,0.216865486952709],[109.164491421442,0.216091089732041],[109.164355901704,0.215626451399659],[109.163929983682,0.215432851644819],[109.163020066723,0.214329335830252],[109.163058786134,0.213748536565709],[109.16255542839,0.212993499950113],[109.162463430443,0.212942658576877],[109.162467635673,0.212912587945646],[109.161865452329,0.211708220358099],[109.161932296239,0.211280420954711],[109.161937516803,0.211247005744778],[109.161855066058,0.211186252943262],[109.161446685716,0.21059224533587],[109.161075431186,0.210109614267299],[109.160722737764,0.209868298283369],[109.160332921227,0.209459917940926],[109.16005448033,0.209051536699119],[109.160067535788,0.208463997915186],[109.160073042337,0.208216214007109],[109.159887415072,0.20803058584287],[109.159646099088,0.20786352238369],[109.159638185954,0.207860223670418],[109.159423346011,0.207770707851919],[109.159274843659,0.207715020032195],[109.158885027122,0.207399453322174],[109.158792212591,0.207009634986695],[109.158736524771,0.206879696440863],[109.158513771693,0.206786881909127],[109.158458664836,0.206662890579986],[109.158439520967,0.206619817550575],[109.158346707335,0.206452753192059],[109.158105391351,0.206285687934191],[109.157938326992,0.205988684130472],[109.158023769781,0.205589950815638],[109.157839417755,0.205330707745985],[109.157823845994,0.205308809254171],[109.157418570111,0.20520904925825],[109.15724222385,0.205060546906743],[109.157112285304,0.204893481648918],[109.156833842608,0.204735699193239],[109.156638935239,0.20462432265439],[109.156379056348,0.204457258295844],[109.156109895555,0.204280912034482],[109.155989238912,0.204095283870269],[109.155729360022,0.2038725307927],[109.155599420577,0.203714748336997],[109.155348823589,0.203538402075653],[109.155070382692,0.203473432353048],[109.154912599337,0.203371336817785],[109.154801222798,0.203176429448721],[109.154716306113,0.203098587729695],[109.154578469721,0.202972238378152],[109.154464909628,0.202810632904438],[109.154326359174,0.202764450019404],[109.154225778097,0.202730923293532],[109.153780271942,0.202471044403243],[109.153564851936,0.202318983434376],[109.153464705232,0.202248291325648],[109.153260515061,0.202099788974123],[109.153227846288,0.202075716820891],[109.152907823437,0.201839910983134],[109.152592255828,0.201635720811909],[109.152276690017,0.201412967734296],[109.152219533605,0.20135581222098],[109.152072498947,0.201208777563074],[109.151722653678,0.201150470018204],[109.151626993691,0.20113452683699],[109.151237176255,0.201023150298167],[109.151175026806,0.200984903930248],[109.150995860271,0.200874647946684],[109.150994345813,0.200873470734085],[109.150828795912,0.200744709400852],[109.150433159863,0.200553273414846],[109.150253350312,0.200466267604205],[109.15010484886,0.20039201687814],[109.149724882597,0.200039192155028],[109.149677904712,0.200076450168072],[109.14957267414,0.200041373011013],[109.149510841252,0.20002076234833],[109.149438007858,0.199954549762705],[109.149306651081,0.199835134184123],[109.149296521118,0.199828687843688],[109.149102460011,0.199705194739008],[109.148768331293,0.199482441661415],[109.148563526885,0.199380040356625],[109.148508452403,0.199352503115545],[109.148431556771,0.199311098328565],[109.148267137319,0.199222563670443],[109.147970132616,0.199055499311898],[109.147749712379,0.198852033094888],[109.147728816632,0.198832746234292],[109.147561753172,0.198628556063058],[109.147171934837,0.198535742430644],[109.146782117401,0.198517180423603],[109.146540802316,0.198294427346018],[109.146373737058,0.197941734823246],[109.146150983981,0.197718981745655],[109.145779728552,0.197440539949009],[109.145689842213,0.197360115377063],[109.145649790006,0.19740341503562],[109.145612664193,0.197384852129281],[109.145445599835,0.197329164309504],[109.145103104725,0.197243540756852],[109.145000093679,0.197217787770716],[109.144758777696,0.196939345974106],[109.144350398252,0.196475277811886],[109.144071957355,0.19628964964766],[109.143570761581,0.195992645843996],[109.143273758677,0.195844144391773],[109.142865378335,0.195639954220538],[109.142624062351,0.195565702595138],[109.142104306369,0.195268698791422],[109.141926565259,0.195099844782074],[109.141862990385,0.195175886058343],[109.141751612947,0.195101635332262],[109.141454610042,0.194804630629228],[109.14110191662,0.194489063919182],[109.140842038629,0.194303436654307],[109.140328265163,0.193934161732489],[109.140248031022,0.19387649340547],[109.139821087773,0.193598051608807],[109.13941270833,0.193375299430559],[109.13909714072,0.193226797079097],[109.138558820933,0.193041169814172],[109.138076189864,0.192799853830246],[109.137450553457,0.192527141261625],[109.137352242812,0.192484288019473],[109.137036676102,0.192335785668012],[109.136609732853,0.192131594597476],[109.135867222894,0.191871716606491],[109.135688590556,0.191762233140596],[109.135523813174,0.191862435602951],[109.132676931895,0.190700444070273],[109.13076240656,0.189919005157985],[109.128247216836,0.188892396666801],[109.128250950821,0.188883780262298],[109.12817296611,0.188901677670329],[109.12817296611,0.189022336111973],[109.127838835594,0.189542092993214],[109.127577670673,0.189694773594961],[109.126762196918,0.191890280412174],[109.1261548056,0.192939408826699],[109.125945436233,0.193301047805142],[109.12512546227,0.1958839672713],[109.124683966192,0.19727467978271],[109.124460417215,0.197978859736622],[109.123560139189,0.198712418743187],[109.123972472951,0.198996787072114],[109.123980842942,0.19900255982032],[109.123866569686,0.199460429854984],[109.12376363958,0.199899819720923],[109.123673360237,0.200269540007306],[109.123555549949,0.200573449704963],[109.123497191143,0.200676751231125],[109.1234423298,0.200773860025645],[109.123305319885,0.200968930172034],[109.123082699907,0.201336010048843],[109.122817440373,0.201822279774424],[109.122680585141,0.202083986986449],[109.122580610207,0.20227517026297],[109.122391130246,0.202699470404305],[109.122321332064,0.2028607719071],[109.122199279673,0.203142829877724],[109.122140060216,0.203276329738856],[109.121952969754,0.203610030378625],[109.121732720389,0.20397472975003],[109.121524299807,0.204360879750822],[109.12134666032,0.204761339764042],[109.121135870024,0.205180879793829],[109.120955859925,0.205583710419938],[109.120840625295,0.205894651916694],[109.1207589039,0.20593612325352],[109.120413737804,0.206814725818992],[109.120223268589,0.20729090065458],[109.120196288928,0.207358349808038],[109.120116734899,0.207557235777853],[109.119967400675,0.207811981337906],[109.11948560058,0.208633875353083],[109.119098261676,0.209051793905185],[109.11879878024,0.209821890567869],[109.116533046263,0.213796863434519],[109.114566473564,0.217246989257187],[109.113151364244,0.219473706146667],[109.112688052412,0.22020274066398],[109.111852562446,0.22151740920109],[109.110929802269,0.222969398818736],[109.110081248751,0.224304623159867],[109.109517407103,0.225191843928481],[109.109194391308,0.225237397288075],[109.109282220898,0.226086413057543],[109.10915974043,0.226100900236421],[109.109136078367,0.226107923042238],[109.109031870325,0.226138849828065],[109.108890870118,0.226236189748414],[109.108746599976,0.226388009698947],[109.108600679578,0.226556319618492],[109.108471150223,0.226747740315994],[109.108335060315,0.226939160114165],[109.108202260126,0.227128929656408],[109.108092409737,0.227295590219316],[109.107987480438,0.227406150173753],[109.107875989685,0.227480400000475],[109.107754660349,0.227647069556642],[109.107705470131,0.227775790420423],[109.107628400031,0.22795235971367],[109.107531659958,0.22809262967113],[109.107461383336,0.22815417657402],[109.107405430217,0.228203179732987],[109.107257870355,0.22839129991859],[109.107146369709,0.228544770125095],[109.107075009404,0.228623476991922],[109.10702668973,0.228676769917051],[109.106869290386,0.22885497957366],[109.10677090995,0.22906125976934],[109.106686763084,0.229178955844189],[109.106547930243,0.22937314015832],[109.1063085496,0.22964871041971],[109.106121639902,0.2298879903385],[109.105916689803,0.230155310219456],[109.105729780105,0.230407790387292],[109.105600249852,0.230638810033073],[109.105550172003,0.230757130237387],[109.105524820114,0.23081702958228],[109.105511690013,0.230939160214096],[109.105449379585,0.231034859770999],[109.105351019834,0.231094269884674],[109.105224790092,0.231147060088801],[109.105119869786,0.231211410178509],[109.104931329617,0.231381370354028],[109.104721460227,0.231656939716057],[109.104542749648,0.231914359859828],[109.104354189694,0.232180040276632],[109.104278769849,0.232275749726112],[109.104269141708,0.232286248411694],[109.104101710426,0.232468809887721],[109.10389677022,0.232671779678902],[109.103739369976,0.232868140352423],[109.10360328996,0.233066160275125],[109.103445879823,0.233308739806546],[109.103427236878,0.233335043177767],[109.103411470863,0.233357287009248],[109.103270440079,0.233556260213275],[109.103101559989,0.233774069717579],[109.102988429772,0.233930840435937],[109.102869079844,0.234113140209273],[109.102713329856,0.23429739960532],[109.1025351202,0.234483320049188],[109.102292469622,0.234713220039114],[109.102048729965,0.234956340063091],[109.102020012813,0.234993729377144],[109.101791870099,0.235290770053033],[109.101631180135,0.23552510010335],[109.101463950301,0.235737400360794],[109.101300000295,0.235926620417269],[109.101113089697,0.236136739818714],[109.101002689822,0.236311649862781],[109.100864970342,0.236449159800936],[109.100715229624,0.236622979866692],[109.100592789626,0.236833100167469],[109.100377480237,0.237056409925407],[109.10020259987,0.2372214202324],[109.099915139672,0.237473320337519],[109.099702000347,0.237668029855741],[109.099503080203,0.237912249750587],[109.099311789907,0.238179580423311],[109.099145650052,0.238376489683256],[109.098967891855,0.238563879619375],[109.098892070013,0.238643809564219],[109.098698609653,0.238812109591208],[109.098575110253,0.238910009789148],[109.098486570199,0.23897821976908],[109.098255949852,0.23920151963447],[109.097991440353,0.239456740036568],[109.097808824018,0.239607584222647],[109.097798141871,0.239706390937206],[109.097796838753,0.239718440953314],[109.096364609939,0.241150670666946],[109.095319266771,0.24219601383503],[109.095261036568,0.242254243138836],[109.094343648041,0.243171632564817],[109.094167421389,0.243347859216369],[109.093741523153,0.243773758352287],[109.093644965643,0.243776160441482],[109.09372812865,0.243883466648695],[109.093685340706,0.243924179857062],[109.093553017158,0.24405008944012],[109.093402027282,0.24419375793564],[109.092028716652,0.245500483660461],[109.090884219631,0.246589488913835],[109.090122928231,0.247313870338868],[109.089856618288,0.247567268714519],[109.088818967921,0.248554608308554],[109.088839780931,0.248624977560722],[109.088789110429,0.248673520266761],[109.088770544825,0.248694254136583],[109.088726953786,0.24864327516707],[109.088630949359,0.248733280216755],[109.088516943202,0.248799284159702],[109.088398437738,0.248921081143017],[109.088300932342,0.249021295296564],[109.088006916086,0.249165302836504],[109.08762289568,0.249507321305883],[109.087430885927,0.249771334379596],[109.08728087811,0.24992134219621],[109.087142870847,0.250029348075976],[109.087184872784,0.250131352779768],[109.087280843036,0.250162201324599],[109.087249668038,0.250187420113374],[109.087223510357,0.250208580261794],[109.087212153718,0.250219024088695],[109.087160871677,0.250113351949673],[109.08710086891,0.250119352226361],[109.08701086386,0.250203356999349],[109.086968861923,0.250293362049087],[109.08692085971,0.250359365092636],[109.08683085466,0.250455370419039],[109.086734850233,0.250569375676214],[109.08663284463,0.250599377958962],[109.08663284463,0.25052137256333],[109.08665084636,0.250461369796422],[109.086626844353,0.250431369312304],[109.086554841033,0.250545374569412],[109.08654283958,0.25063537871976],[109.086494837367,0.250779387159003],[109.086434833701,0.250959396359113],[109.08636283128,0.25107940279224],[109.086367145328,0.251102052217954],[109.086243806007,0.251177669913597],[109.086221376016,0.251191421446999],[109.086199699656,0.251204709829548],[109.085971910375,0.251310099581469],[109.085859340436,0.251341719744613],[109.085697010109,0.251436570341449],[109.085573949578,0.25150508968817],[109.085406379801,0.25161311984963],[109.085262369563,0.251710619849264],[109.085102649967,0.25182130031283],[109.084921989658,0.25194778006602],[109.084759650338,0.252063729657433],[109.084620880449,0.25221658023105],[109.084471619969,0.252393139631745],[109.08429095966,0.252543349795812],[109.084073619602,0.252719900203248],[109.083756810029,0.252967610366966],[109.083556315172,0.253134082072278],[109.083337879739,0.253315450147962],[109.083115310124,0.253481470393573],[109.082916329725,0.253621129711402],[109.082808793291,0.25369327602389],[109.082735660422,0.253742340336759],[109.082534050406,0.253887269681793],[109.082311489784,0.254045369598199],[109.082062749896,0.254221929898219],[109.081866380229,0.254345780033758],[109.081669999771,0.254482799841407],[109.081455310015,0.254638270140091],[109.081424066667,0.254661099430223],[109.081264160013,0.254777940249744],[109.081096590236,0.254914960057393],[109.080902830401,0.255088889840464],[109.08070384011,0.255249640058864],[109.080441999798,0.255449900192789],[109.080203729818,0.255618550056094],[109.079989040062,0.255781929892174],[109.079816229935,0.255916320082173],[109.079625079934,0.256069159863898],[109.079439180174,0.256193009999441],[109.079195689629,0.256343210270984],[109.078949559575,0.256493399750628],[109.078742720001,0.256622519913441],[109.078493990006,0.256764799855642],[109.078279290357,0.256888649991247],[109.078085540415,0.25702303028868],[109.077910109664,0.257149519934437],[109.077845389054,0.257202202219892],[109.077732060087,0.257294450178765],[109.077540919977,0.257463100042057],[109.077315729737,0.257655480316196],[109.077080090274,0.257829390314139],[109.076894179723,0.257961149987123],[109.076672888943,0.258100009807663],[109.076674337751,0.258122471275103],[109.076658713829,0.258139793116987],[109.076573247657,0.258234549285052],[109.076389821034,0.258437913878647],[109.073432199936,0.260502500090354],[109.070995645133,0.262268073412887],[109.070993299701,0.262266200125104],[109.067098700145,0.265313200343988],[109.06709879997,0.26531669960602],[109.067065932447,0.265380880623187],[109.067067985599,0.265381436404204],[109.067002425022,0.265515608058933],[109.066995572188,0.265518271850776],[109.066993905744,0.265518920262025],[109.0669475358,0.265536952568369],[109.06684898899,0.265571170872867],[109.066846907059,0.265570496381349],[109.066793543987,0.265578119034991],[109.066735606063,0.265591840890796],[109.066691389996,0.265597940092894],[109.066644125226,0.265608613246964],[109.066642951611,0.265613304110733],[109.066543497385,0.265633008256777],[109.066487083812,0.265645204862378],[109.066439819043,0.265649778814284],[109.066342239003,0.265660451968353],[109.066230938007,0.265677223425136],[109.066183673238,0.265686371329018],[109.066122685713,0.265700093184824],[109.066075420944,0.265700093184824],[109.066065791903,0.265698836831917],[109.065617999671,0.265783699558123],[109.065574501262,0.265815255869408],[109.065529586421,0.26580834637815],[109.065438105584,0.265759556358481],[109.06518195978,0.265875431306131],[109.065139268962,0.266003503758704],[109.065136881262,0.266091880136231],[109.065041689822,0.266027898768578],[109.064938012379,0.266052293778388],[109.064852629845,0.266113281302918],[109.064803839825,0.266180367130285],[109.064785544018,0.266284044573046],[109.064795439258,0.266337478691754],[109.064706260685,0.266265748765366],[109.064584287435,0.266259649563204],[109.064529398213,0.266320637087796],[109.064474509891,0.26648530205512],[109.064463442834,0.26657936934248],[109.064383029054,0.26652799287262],[109.064236659894,0.266601177902071],[109.064114685744,0.266735348657448],[109.064182991952,0.266784138677091],[109.064053699119,0.266784138677091],[109.063895133354,0.266820731191842],[109.063821948324,0.26683292869678]]]]},"properties":{"gid":525,"luas":196.1352959769993,"idkec":"6104090","kdkab":"04","kdkec":"090","nmkab":"MEMPAWAH","nmkec":"SUNGAI PINYUH","kdprov":"61","nmprov":"KALIMANTAN BARAT","sumber":"BPS","periode":"2023_1"}},{"id":526,"type":"Feature","geometry":{"type":"MultiPolygon","coordinates":[[[[109.19223169074,0.062607676702956],[109.192120946425,0.062735202367727],[109.192052150087,0.062844269447485],[109.192005166805,0.062961726302662],[109.191986710019,0.063163080911529],[109.191961539793,0.063267113586449],[109.191832337792,0.06337785880118],[109.191691388847,0.063473502600099],[109.191042019873,0.063991991437317],[109.190936309064,0.064117838067829],[109.190867512726,0.064288989845066],[109.190790326612,0.064453429082539],[109.190625887375,0.064638005039952],[109.190307075012,0.064836003378902],[109.190218970229,0.064973361331603],[109.19018658834,0.06506750865867],[109.190177060923,0.065069324389861],[109.190041900014,0.06511798220917],[109.190020274017,0.065215297847747],[109.19003649329,0.065274768215996],[109.189813124176,0.065376299876385],[109.189127150098,0.064847528190893],[109.189101205556,0.064854941302541],[109.188476798166,0.06515768368018],[109.188467274345,0.065400560887213],[109.188447130431,0.065412209805681],[109.188200269227,0.065579934266624],[109.188147255092,0.06551536564166],[109.187904504689,0.065706623561884],[109.187647041378,0.06591995084511],[109.187636190158,0.065994099048446],[109.187155339747,0.066360089846316],[109.186719129884,0.066713939796537],[109.186612952326,0.066787423400913],[109.186244799558,0.067042210329821],[109.186101319021,0.067143017136566],[109.185838229551,0.067327860192614],[109.185482490125,0.067489849676868],[109.18497851005,0.06774564024914],[109.184474539868,0.068082449845227],[109.184042560416,0.068376609992588],[109.183548019625,0.068661290386255],[109.182932969681,0.069002059697344],[109.182494030375,0.069224439556281],[109.182287012736,0.069347579227416],[109.181095618768,0.070149405770506],[109.180907520166,0.070264119693429],[109.180557510321,0.070480730401397],[109.18028782972,0.07072331982539],[109.179998060063,0.071032350262785],[109.179848459639,0.071229559896333],[109.179782237161,0.07137074986025],[109.179778790059,0.071378100019331],[109.179696819553,0.071435849984523],[109.179590259783,0.071464729913427],[109.179409930424,0.071563749767269],[109.179221400148,0.071724650172523],[109.17910254035,0.071858739988877],[109.178909910064,0.071953630155975],[109.178678349926,0.072157859897349],[109.178475470067,0.072345579884629],[109.178272590208,0.07254980962608],[109.178139389821,0.072708649684483],[109.178034879606,0.072745779993795],[109.177756200388,0.072787030097399],[109.177424220152,0.072925239708074],[109.177143469795,0.073125329870145],[109.176875020366,0.073325429924679],[109.176651660246,0.073488389777414],[109.176502059822,0.073651360421989],[109.176340170163,0.073863850436396],[109.176262299665,0.073981429599364],[109.176151639886,0.074072199972071],[109.176115426886,0.074083321887823],[109.176030740426,0.074109330281409],[109.175870900322,0.074212469929595],[109.175709009763,0.074385750402067],[109.175627139981,0.074503709978276],[109.175604489655,0.074536340080102],[109.175510229913,0.074682809963744],[109.175362679944,0.074922109667681],[109.175260210291,0.07511397013365],[109.175215329624,0.075214279615347],[109.175139300039,0.075384210113266],[109.17507987014,0.075532750236273],[109.175016330339,0.075617329676029],[109.174926169707,0.075677149880623],[109.174813460373,0.075825680111109],[109.174743870833,0.075989119302449],[109.174727379965,0.076027850405016],[109.174649510367,0.076215580284839],[109.174618769741,0.076362040275961],[109.174585969667,0.076417739786899],[109.174536790241,0.076458999783082],[109.17445130968,0.076534460097313],[109.174342290265,0.076716400141782],[109.174254289804,0.076896772667939],[109.174130946886,0.076950839909389],[109.174045202824,0.077206075599966],[109.173924740435,0.077387969778996],[109.173819089879,0.077592710335331],[109.173751729759,0.077764210150233],[109.173694940269,0.077903800220265],[109.173685689843,0.078016800035359],[109.17361174039,0.078116509669237],[109.173543069957,0.078165689994654],[109.173418920347,0.07822817039378],[109.173318559604,0.078325219833035],[109.173305783835,0.078344941066229],[109.173309693188,0.078366050852586],[109.173309693188,0.078446968253045],[109.173258199806,0.078616158608899],[109.173147859286,0.078770636056046],[109.173000737394,0.079035455821672],[109.172963956921,0.079263494214942],[109.172949244912,0.079557737999269],[109.172949244912,0.079844625329247],[109.172934532902,0.080102088640479],[109.172814599314,0.080189312986481],[109.172847733936,0.080232111722619],[109.172834870033,0.080248130446913],[109.172718649746,0.080354020221871],[109.172582409651,0.0804230998462],[109.17249425001,0.080444279779706],[109.17240057033,0.080447299703145],[109.172380239357,0.080450602913065],[109.171831619634,0.080718029813284],[109.171611759675,0.08091657044342],[109.171427459809,0.081121620366556],[109.17130135957,0.081300640312357],[109.171197899763,0.081401529856744],[109.171068570058,0.081512200427761],[109.170919830286,0.081733519986013],[109.170677329895,0.082072020307498],[109.170447769849,0.082371470267145],[109.170273160178,0.082713219839242],[109.170114720318,0.083061490395484],[109.169943359898,0.083315360015885],[109.169778460208,0.083455319707299],[109.169597389808,0.083683160249679],[109.169464819846,0.083904479807928],[109.169361360039,0.084129070200479],[109.169202920179,0.084360150100899],[109.169080050304,0.084558699724239],[109.1689507197,0.084789790416554],[109.168860179554,0.084933010150342],[109.168701749586,0.085098999819015],[109.16846247956,0.085339849954151],[109.168226449791,0.085684859568683],[109.168035690095,0.085984299635743],[109.167844919607,0.08632280984983],[109.167704557919,0.086621418044044],[109.167702639665,0.086625500066814],[109.167579769791,0.08694447970401],[109.167511860184,0.087169070096536],[109.167434249591,0.087439220143924],[109.167401689636,0.087631839637691],[109.167397720029,0.087775419999678],[109.16742149001,0.087897740388425],[109.167449219706,0.087933629633348],[109.167446580196,0.087969529670086],[109.167416200197,0.088004089717003],[109.16734357005,0.088014729596116],[109.167269619697,0.088041309958561],[109.167169249961,0.088150320381033],[109.167075469557,0.088301869635635],[109.166993589882,0.0884773597424],[109.166972460311,0.088593019752121],[109.166984340355,0.088635570275413],[109.16699357999,0.088671470312118],[109.16698565966,0.088700709969823],[109.166946040028,0.088703370164451],[109.166901139576,0.088723309932828],[109.166837749962,0.088785790331978],[109.166774360348,0.088882839771252],[109.166724240232,0.088985580120491],[109.166597960128,0.089241980433089],[109.166567768088,0.089342251243924],[109.166555139808,0.089384190228265],[109.166503780425,0.089450970286124],[109.166433139578,0.089491910123623],[109.166386381127,0.089546611387055],[109.166300464395,0.089495905811473],[109.16635107734,0.089591607166986],[109.16624691966,0.089847420222307],[109.166163449983,0.090097349912796],[109.166127049924,0.090293429997869],[109.166079959622,0.090452869904087],[109.166035009708,0.090504580022418],[109.165898019578,0.09072002970564],[109.165767449708,0.090976430018235],[109.165606919824,0.091303939725087],[109.165461369946,0.091616359707293],[109.165339369716,0.091868439676777],[109.16519808982,0.092133450098684],[109.165071799824,0.092420019967994],[109.165022570036,0.092594549598853],[109.164951930088,0.09285310019047],[109.164879149753,0.0930663995947],[109.164802090444,0.093191370285582],[109.164703639861,0.093314179905526],[109.164658608108,0.093393040556411],[109.16454738985,0.093587810329204],[109.164391129947,0.093932550147144],[109.164290529984,0.094182489730125],[109.164207039623,0.094458270432883],[109.164151389575,0.094650040067341],[109.1640850304,0.094841799809277],[109.164037940099,0.094955990326728],[109.163980149664,0.095061569835645],[109.163832470192,0.095270559688623],[109.163678349776,0.095522649550652],[109.163532799899,0.09581998970083],[109.163412930163,0.096100089847316],[109.163325169821,0.096384489652503],[109.163297330408,0.096565489905456],[109.163295190021,0.096714149638328],[109.163273769969,0.096843429880422],[109.163220260307,0.096927459834433],[109.16310253995,0.097129989857191],[109.163001939988,0.097373459717465],[109.162905619898,0.097647100033643],[109.16281999005,0.097909960176595],[109.162723660069,0.09820944970634],[109.16260592982,0.098532639969392],[109.162477500336,0.098853679953427],[109.162383319735,0.099125160098086],[109.162304120039,0.099327690120845],[109.162235508962,0.099420495659384],[109.162167129909,0.099512990032493],[109.162000179765,0.099749980277402],[109.161841790266,0.10000853986225],[109.161681260382,0.100267089554546],[109.161548550126,0.100538569699273],[109.16141368959,0.10085959979074],[109.161302390393,0.101180629882185],[109.161242439787,0.101398249629518],[109.161156069797,0.101712520416526],[109.161052850109,0.102076069555034],[109.160968320132,0.102296104881362],[109.160929789578,0.102396399973935],[109.160837320386,0.102708009666967],[109.160845899918,0.10300881040831],[109.160878139714,0.103210059796474],[109.160934029882,0.10339183976163],[109.161024320016,0.103551990132277],[109.161145869686,0.103702790251564],[109.161110709792,0.103780880183536],[109.161015580405,0.103883619633392],[109.160961710115,0.103931180279792],[109.160878736864,0.103894302679977],[109.16077340377,0.103894302679977],[109.160733903747,0.103981202370607],[109.160299406193,0.104227417861071],[109.160038707121,0.104299833970214],[109.159763525367,0.104444667087761],[109.159560758822,0.104589500205277],[109.15938696034,0.104763298687308],[109.159242127222,0.10500951507706],[109.159152545753,0.105071100650814],[109.159187095908,0.105285311068309],[109.159006182889,0.105556679697028],[109.159010547299,0.105622127858972],[109.158751374376,0.106082878422168],[109.158520998645,0.106111674714018],[109.15803145179,0.106226862579712],[109.157081154372,0.106745206626039],[109.156418825269,0.107004378649192],[109.155295744703,0.107436332920487],[109.154719807173,0.10763791056115],[109.153999883688,0.10786828719176],[109.153593228245,0.108107496064099],[109.153020789078,0.10844422472124],[109.152070490761,0.108732193935624],[109.151235381208,0.109192945398154],[109.150601849296,0.109682492253284],[109.149766738844,0.11046000922208],[109.149219596707,0.110863165402807],[109.148672456369,0.111179930909123],[109.147750955242,0.111842260012345],[109.147702737192,0.111901605374833],[109.147376595354,0.112303010575547],[109.146656671868,0.112965339678733],[109.146138327822,0.113570075298801],[109.146113496641,0.113574731088995],[109.146051937147,0.113800450130725],[109.14601796076,0.113944848875745],[109.145029647201,0.114592365245528],[109.142956269216,0.11678093019583],[109.1406525173,0.120582121667584],[109.139500640442,0.122425124819693],[109.138118388753,0.125535190896395],[109.137448633947,0.127008650928534],[109.136966511895,0.128069319443566],[109.135929823802,0.131064196755327],[109.135353885374,0.133252762604963],[109.13489313481,0.135326139689654],[109.134612051705,0.136169389006165],[109.133870844864,0.137327525145222],[109.133566845234,0.138000666797362],[109.133064530704,0.139112933914789],[109.132776562388,0.140092029423663],[109.132488593174,0.141474280213905],[109.132143029577,0.142453374823423],[109.131970249128,0.143317281567339],[109.131970249128,0.144469159324279],[109.13187509456,0.148560742784128],[109.131855061262,0.149422226754363],[109.131826264071,0.149767790351287],[109.131801381629,0.150215668918002],[109.131837007372,0.150932131812454],[109.131929797622,0.152798270923534],[109.132466761232,0.163597176268698],[109.132573017031,0.163574245355159],[109.133717797339,0.163327196193216],[109.13395178025,0.163597176268698],[109.134768540935,0.164042682423888],[109.136179310127,0.16389418007241],[109.136422584835,0.163857689181047],[109.137664329145,0.163671426994822],[109.139817607397,0.163225921738952],[109.141005622611,0.16300316866134],[109.142416391803,0.162334910327879],[109.142937684726,0.161755695668889],[109.143404789899,0.161236689721459],[109.143840456572,0.161142670997467],[109.143923571016,0.161124734019297],[109.14402791036,0.161020394675495],[109.144198414625,0.160849890410138],[109.145683435442,0.159661875195386],[109.146871449758,0.158919365236536],[109.147985215146,0.158325356729882],[109.148727725104,0.158176855277676],[109.151326508612,0.157731349122494],[109.151697764041,0.157434345318829],[109.152514524726,0.156766086086045],[109.153182783958,0.156394831556248],[109.154296548447,0.155949326300391],[109.154636101875,0.155890273217608],[109.154819297373,0.155689203693833],[109.155977958716,0.155022974230922],[109.156661983963,0.154421861080097],[109.157348478475,0.153471328954879],[109.157489339561,0.153276290268625],[109.158463610208,0.152760500296868],[109.158536539829,0.152501717680201],[109.158861256242,0.152400243576435],[109.158903581036,0.152387018146442],[109.160158033666,0.15177313642118],[109.160265008024,0.15172078688487],[109.160379244407,0.151681779690414],[109.161452637429,0.151315255594625],[109.161898342335,0.151092402692257],[109.162115153592,0.151046272867234],[109.162408581691,0.150948462601485],[109.163099707985,0.150746884960816],[109.163704442706,0.150602900803274],[109.164251583943,0.150574103612034],[109.16517308507,0.150401322263238],[109.16557624215,0.150343727880787],[109.166267368444,0.150055758666368],[109.166900900356,0.149911775408157],[109.167822400583,0.149738993160042],[109.168542324069,0.149681398777602],[109.16861658109,0.149660182871175],[109.168875005777,0.149586346732558],[109.169053484331,0.149535353373898],[109.16937065723,0.149247015437487],[109.16963053612,0.148875760008348],[109.169927539025,0.148356003127099],[109.169964664837,0.148244625688966],[109.170410170993,0.148096124236808],[109.170711580575,0.14825476104839],[109.170977660291,0.148394802578136],[109.171245493685,0.14863444402442],[109.1715796242,0.148727257656839],[109.171932315824,0.148708694750501],[109.17226644544,0.148597319111041],[109.172600575057,0.148467378766549],[109.173138893945,0.148300315307358],[109.173342712696,0.148239924033287],[109.17364008792,0.148151812955847],[109.17395565463,0.14813325004949],[109.174234096427,0.14813325004949],[109.174424831841,0.148154442573519],[109.174735290401,0.148188937869225],[109.175217922369,0.148318877314393],[109.175626301812,0.148374566033455],[109.175849561208,0.148400326214124],[109.176217486448,0.148381800180004],[109.176399375231,0.148476533864993],[109.176668416414,0.148470555172006],[109.176730785297,0.14855787304742],[109.177032515039,0.148607524617603],[109.177167010449,0.148671569837126],[109.177193965829,0.14865729939492],[109.177238990387,0.14867350787613],[109.177555755893,0.148615914392946],[109.177786131625,0.148270350796102],[109.178074100839,0.148155162930468],[109.178304475671,0.148126365739247],[109.178515112183,0.148126365739247],[109.178612431419,0.148141849366877],[109.178627988791,0.148144324301183],[109.180945312376,0.144494539091744],[109.181106702912,0.143674674846384],[109.181609270152,0.141121633556545],[109.184682787781,0.141466973222284],[109.185128844321,0.139026784258743],[109.185839785378,0.13597236912961],[109.190816372777,0.135050778970308],[109.190845825574,0.13504398189428],[109.191158678131,0.134971786119075],[109.19110601563,0.138052530699777],[109.190869036177,0.139184769961217],[109.190711048676,0.139869379768116],[109.190706908197,0.139874930383765],[109.192501567394,0.140553991373676],[109.193633806655,0.141607236884519],[109.194038126558,0.14217328456948],[109.19518734502,0.138631816405216],[109.195483405435,0.138434443095087],[109.195529650373,0.138486994978889],[109.197043692313,0.13859231908031],[109.197540671165,0.138642017415234],[109.201868876148,0.128681931326115],[109.201981861574,0.128746127631756],[109.203027446659,0.129340209882857],[109.204054361819,0.129972157189345],[109.204898846804,0.130568263814356],[109.204902733674,0.130568949997104],[109.204944168139,0.130573825221912],[109.204996622896,0.130576010574464],[109.204926803129,0.13026607631844],[109.203482073739,0.125829424788155],[109.203462404666,0.125769021822921],[109.202763107132,0.123621533407037],[109.20134883598,0.119278416765544],[109.201464543654,0.119143423130539],[109.20147321042,0.119133312952081],[109.201477528965,0.11912827494996],[109.201664809184,0.118909780162259],[109.201829350045,0.119044939272553],[109.201991090416,0.119017982094223],[109.202670558799,0.118835806427394],[109.202929873815,0.118788209808079],[109.203474762251,0.118637217233814],[109.203750488994,0.118597826928223],[109.203813362397,0.118593359096258],[109.203886145429,0.118570375122777],[109.204091394103,0.118568573780675],[109.20509395832,0.118500986131665],[109.20511324608,0.118500986131665],[109.20515186027,0.118498242300036],[109.205159490118,0.118497700008909],[109.205160386743,0.118488790425373],[109.205707562154,0.118473393132664],[109.207480780614,0.118394751916298],[109.208343164805,0.118320225098308],[109.214557863255,0.118224359166901],[109.215139071711,0.118215392926117],[109.2177645417,0.118174149117746],[109.218443976808,0.118281535364571],[109.220042487571,0.118534183705662],[109.221936558725,0.118833547330375],[109.222031276222,0.118617049936964],[109.222142729204,0.118362299880274],[109.22246671087,0.118377027178072],[109.222780876436,0.118327937684209],[109.223016498812,0.118352481981481],[109.223237395689,0.118485021366662],[109.223492653863,0.118543926061363],[109.224022806907,0.118617558953241],[109.224074234638,0.118624365921797],[109.224476601214,0.11859754094382],[109.224985962832,0.118740161729145],[109.225077163081,0.118765697978635],[109.225200765003,0.118800306588903],[109.225508306164,0.118813121028771],[109.225608354842,0.118848272829546],[109.225770346125,0.1189317227209],[109.226040330697,0.118921904822124],[109.226123780588,0.118907179322885],[109.226353957569,0.118829272852725],[109.226671525271,0.118829272852725],[109.227188995176,0.11889736142416],[109.227881138604,0.118975901916376],[109.228146038409,0.118962317656871],[109.22866226725,0.119003072234016],[109.228679270732,0.119005197332061],[109.228848176003,0.11904953480826],[109.228937113557,0.119032039397156],[109.229147614271,0.11899062921424],[109.229334148952,0.119010264112425],[109.229692240105,0.118981940863936],[109.230573012734,0.118912277579565],[109.230600600337,0.118917971187426],[109.230639396191,0.118907028236834],[109.230863724881,0.118843756434272],[109.231103443669,0.118830439273375],[109.231124423953,0.118829272852725],[109.231645822097,0.118771340325172],[109.232225152769,0.118727889580473],[109.232305829151,0.118734805366993],[109.232316507701,0.118774380932966],[109.232662894177,0.118765411094873],[109.234718842401,0.118712169431154],[109.234992774997,0.118671585725162],[109.235056300408,0.118685703282608],[109.235175395828,0.118712169431154],[109.23534280013,0.118717240708128],[109.235535567113,0.118788261069422],[109.235610854757,0.11877963387303],[109.236022558095,0.11873245993511],[109.236162778589,0.118789216149457],[109.236286995648,0.118804742944561],[109.236367368959,0.118814790170462],[109.236526684759,0.118829272852725],[109.236815546101,0.118779035823852],[109.236967620559,0.11883877958602],[109.237011509274,0.118876816412014],[109.237266059681,0.118903148561509],[109.23746794489,0.118815372931182],[109.237699087743,0.118809521042626],[109.238032637296,0.118949962770616],[109.238334001013,0.119002627968938],[109.238451876953,0.119010726363966],[109.238481926899,0.119017555815617],[109.238551288911,0.119017555815617],[109.238717290271,0.119028961017755],[109.239018653988,0.11916355085725],[109.239258575123,0.119184032017529],[109.23939655091,0.119180448219138],[109.239613124746,0.11917482295973],[109.239709158851,0.119172328240377],[109.239954930975,0.119159645101596],[109.240177508685,0.119104000449262],[109.240393811825,0.119087478104671],[109.240434087064,0.119089971924713],[109.240728885729,0.119108227262927],[109.240915768448,0.11917858302523],[109.241091656954,0.119306103294092],[109.241291730929,0.119405040410331],[109.24159953559,0.119486388586045],[109.242201956355,0.119497381898708],[109.242691138985,0.119417979855916],[109.24311833944,0.11934863762957],[109.24324039273,0.119541890246071],[109.24352210626,0.119987935095195],[109.254703192898,0.12543364574622],[109.256319458077,0.126276914847778],[109.257368115246,0.126824039897595],[109.263046655879,0.129475590226375],[109.270269899037,0.132848427413015],[109.269997530362,0.133428412791079],[109.283464484099,0.140051505072957],[109.300629373647,0.154475781731996],[109.310311721209,0.162612209086201],[109.310978054094,0.162654441249507],[109.311049455768,0.16265896663805],[109.351326956074,0.194290025963971],[109.351242450379,0.183131739837962],[109.351242532217,0.182189962596717],[109.351243939656,0.165962490376656],[109.35124419956,0.162874199584652],[109.351185630313,0.158957789670293],[109.351083970049,0.152160159663692],[109.351008442286,0.147109651589176],[109.350927370202,0.141688399799871],[109.350856289586,0.136935450410759],[109.350782180054,0.131979960207049],[109.351059039943,0.131605479809076],[109.353705939877,0.12802517981822],[109.356776110229,0.123872369614196],[109.357206290138,0.123290490263962],[109.357894529609,0.122359539960828],[109.358922130052,0.11911871965322],[109.359242240137,0.118109139824956],[109.35886641975,0.114808910302997],[109.358737010005,0.113672529663559],[109.358497620369,0.111570389561849],[109.358440609646,0.1110697198917],[109.357957209658,0.106824859579644],[109.357394580296,0.101884229773418],[109.357450599965,0.101518259659988],[109.357710270213,0.099821950322791],[109.358495927845,0.094689506815317],[109.358876330279,0.092204459668139],[109.358889390233,0.091825710188407],[109.358946999904,0.090155050415319],[109.358983269562,0.089103060358006],[109.360187309797,0.086996009957928],[109.360548519798,0.084768540335896],[109.361150529573,0.083624709712635],[109.362775980427,0.082119669986807],[109.363848760112,0.080881850317217],[109.364341219871,0.080313619977635],[109.366147269881,0.078567779579403],[109.367411499941,0.076460720186151],[109.367592109888,0.075918900237101],[109.369069499958,0.07285706030511],[109.369375971824,0.072221906016157],[109.369415925105,0.072139103636719],[109.369669059979,0.071614490416429],[109.370473889358,0.070199098709508],[109.37141491027,0.06854419955521],[109.371294509934,0.065534120103597],[109.371247559927,0.065436610211445],[109.370511890212,0.063908680041581],[109.36930785987,0.061560810083393],[109.369305048589,0.061558700273855],[109.369300257901,0.061549359015752],[109.368096217666,0.060646338957445],[109.367494207891,0.059923918953754],[109.365363168975,0.057072530273097],[109.364160609924,0.054426919966421],[109.364115258013,0.053984691840132],[109.364112425148,0.053957068264132],[109.363919810151,0.052079050008194],[109.363954569848,0.051383839892342],[109.364040209588,0.049670990224063],[109.363558600149,0.0473833298768],[109.364461620208,0.045276269584229],[109.364160609924,0.044373239633326],[109.364607789718,0.043468490178724],[109.364617559953,0.043448709590342],[109.364794809133,0.043090092333939],[109.365454950186,0.041754469593169],[109.365522959617,0.041656699796927],[109.365530819692,0.041645399815413],[109.367381399632,0.038985199807173],[109.368525230255,0.035975109563686],[109.368585629623,0.035499466227408],[109.369006849586,0.032182410389963],[109.368829079698,0.031044679868089],[109.368778774321,0.030722728870896],[109.368766721607,0.030645600314243],[109.368721865222,0.030358519629984],[109.368705840202,0.03025596004454],[109.368789247826,0.029952117796008],[109.369125784028,0.028726163781463],[109.369166919918,0.02857630974893],[109.369548659643,0.027185670082644],[109.369633370384,0.024168739595716],[109.369669839691,0.023824121186283],[109.369671171587,0.023811529778305],[109.369694043146,0.023595419992655],[109.369704813426,0.023571392805602],[109.370624770417,0.021519192956395],[109.370759520336,0.021081230314559],[109.370690730293,0.021110530226841],[109.370690170915,0.021110912438697],[109.370664941334,0.021128290937929],[109.370589970251,0.021179930009791],[109.370255870312,0.021286700221058],[109.369767020432,0.021422219959497],[109.369657970439,0.02145244887145],[109.369524039803,0.021489570187528],[109.369014939888,0.021639059994695],[109.36868743108,0.021737352296989],[109.368162020161,0.021895049317094],[109.368161139725,0.021895310120506],[109.368025190111,0.021933890136927],[109.367370970194,0.0221195398849],[109.366683070667,0.022329761809087],[109.36664136101,0.022342510598412],[109.366480049615,0.022391809634345],[109.366118941236,0.02250366101521],[109.365997459915,0.022541290448258],[109.365929731072,0.022558111367777],[109.365898298868,0.022565918382488],[109.365589290913,0.022642672821111],[109.365589120042,0.022642719585847],[109.365328311253,0.022721142266937],[109.365180780169,0.022765510320068],[109.365050060112,0.022810530381719],[109.364374709725,0.023043120243869],[109.364338989553,0.023056360063029],[109.363460183741,0.023382064830433],[109.363436209613,0.023390951031613],[109.363308780176,0.023438179828184],[109.362518609746,0.023753170072776],[109.361648899677,0.024062810250526],[109.361602673625,0.024079584405344],[109.361133080028,0.024249989745257],[109.358063870152,0.02533954988033],[109.357433270029,0.025669410414995],[109.356989659645,0.025923719803865],[109.356988139791,0.025924590347589],[109.355773206968,0.026186670778262],[109.355065974715,0.026339232669498],[109.35465122987,0.02642869992463],[109.354156991252,0.026555343354434],[109.353675580564,0.026678705158184],[109.353526960401,0.026716789648158],[109.352271040077,0.027038610243696],[109.350986074348,0.02732962456256],[109.350985977221,0.027329650642914],[109.350909436821,0.027350110219449],[109.350285486286,0.02751689219088],[109.349516767385,0.027704205684594],[109.349311239922,0.027754859998812],[109.349032095755,0.027833524597547],[109.349031997729,0.027833553375824],[109.348687027684,0.027932116374112],[109.348568480851,0.0279578513738],[109.348462820403,0.027981589878485],[109.348124689703,0.028054190348648],[109.348014178312,0.028078178864911],[109.347821840306,0.028119932588857],[109.347820008387,0.028119607933602],[109.347760644139,0.02813235402499],[109.347607985121,0.028172589693328],[109.347526289806,0.028194509768868],[109.347277909648,0.028261150431769],[109.346979109898,0.028341319596281],[109.345360423745,0.028712920365028],[109.343704681026,0.029094927189195],[109.343703364419,0.029095807625487],[109.3433641968,0.029141825035258],[109.34320512022,0.029163960048771],[109.343186268631,0.029166595961649],[109.342617844038,0.029256537159487],[109.342617746912,0.029256552447981],[109.342239219564,0.029317250390818],[109.341028709607,0.029562539579559],[109.340002920399,0.029756410030351],[109.339355552417,0.029894017095255],[109.339016439657,0.029966099555887],[109.338040096973,0.030280041191019],[109.338003045804,0.030291955409447],[109.33713386004,0.030571440419693],[109.336025049916,0.031016315250766],[109.335468529649,0.031241423652829],[109.333713806647,0.031936455702919],[109.333710850575,0.031937626620222],[109.332577569,0.032390314761229],[109.332382326183,0.032459138078799],[109.331561746078,0.032759051189316],[109.331561460993,0.032759317388636],[109.331506836172,0.032775753398371],[109.330829779771,0.032980959803514],[109.330485664082,0.033083006775351],[109.330416663598,0.033103767624821],[109.330339103367,0.033127105031893],[109.329683485904,0.033305058381817],[109.328337908568,0.033720281665698],[109.32789146442,0.033835795985209],[109.327181894829,0.033978877223428],[109.327124099897,0.033990619671381],[109.326793986653,0.034046858775584],[109.326692609676,0.034064130255441],[109.32639929669,0.034160339727919],[109.326390809788,0.034163124028999],[109.326318834347,0.034186733031325],[109.326101809951,0.034257919767244],[109.325992867877,0.03428990685375],[109.324522838758,0.034722441187736],[109.324333246382,0.034772839195227],[109.323289654194,0.035050248570127],[109.322902847688,0.035125300592194],[109.322424230294,0.035220199752473],[109.322283153645,0.035256528765824],[109.32184938634,0.035368763257848],[109.321382944867,0.035461125430613],[109.321382968249,0.035460947364841],[109.32138199968,0.035461139819805],[109.320823130383,0.035572570317926],[109.320591349911,0.035618828746015],[109.320514080161,0.035634249421074],[109.319872779905,0.035762230142833],[109.319615789637,0.035828759289864],[109.31921109022,0.035933520415708],[109.318887860386,0.036004690963747],[109.318870427029,0.036008529270249],[109.318606109984,0.036066729795781],[109.317465839777,0.036312700670634],[109.317282729714,0.036352199794234],[109.316312679587,0.036562419919796],[109.315737580225,0.036687049767576],[109.314766803445,0.036897427274485],[109.314665320348,0.036919420195121],[109.314560329895,0.036942170344948],[109.312854240431,0.03725900060243],[109.312741331447,0.037279962899998],[109.312741263099,0.037279972792538],[109.311659609803,0.037560429969913],[109.310503080753,0.037818200849333],[109.309807155676,0.037973313217871],[109.309255810108,0.038096200179537],[109.308226927231,0.037989220426249],[109.307774207614,0.037754221280345],[109.305109833852,0.03637118718058],[109.302111712686,0.034015520100235],[109.299779840767,0.032111952104952],[109.297471601233,0.029819900368183],[109.297373540057,0.029537089664969],[109.296915771646,0.028216900189812],[109.296850360356,0.028028240410984],[109.296728337643,0.027669138420031],[109.296715470143,0.027631269767295],[109.296463359596,0.026889320086104],[109.295997070109,0.025592569641448],[109.295858040316,0.025205930409389],[109.295727901222,0.024812930272557],[109.295630427302,0.024518571375028],[109.295290120243,0.023490898985852],[109.295250059942,0.023369923083519],[109.295165827641,0.023127161889082],[109.295163571242,0.023120659790654],[109.295120065639,0.022995270015764],[109.29506392456,0.022833462194567],[109.295016603134,0.022697073711009],[109.295002838111,0.022657401018315],[109.294941454884,0.022480483687436],[109.294902791231,0.022369048692665],[109.294826245435,0.022148428806982],[109.294715850057,0.021830249566393],[109.294715799695,0.021830270250778],[109.294679136133,0.021724593615143],[109.294648292085,0.021635693832233],[109.294506019337,0.021225626361624],[109.294389631776,0.020890170245199],[109.294269949099,0.020545212791375],[109.294083168903,0.02000686602412],[109.293982568041,0.019716910207305],[109.293960378169,0.019652952222024],[109.293938270135,0.019589229859092],[109.293897886978,0.019464511877747],[109.293686366433,0.018811262329946],[109.293426709675,0.018009350351292],[109.293426240229,0.018007841288918],[109.29337917421,0.017862489262539],[109.293370359954,0.017835270381454],[109.29302383768,0.016717011081229],[109.292657288403,0.015534121102863],[109.292644375937,0.015492454613136],[109.292534660446,0.015138389724934],[109.292448492804,0.014860322046282],[109.292393439905,0.014682660076747],[109.292371060276,0.014610440019833],[109.292284941197,0.01433861993141],[109.29227612964,0.014310801202552],[109.292261215283,0.014263726190057],[109.292254104343,0.014241280011092],[109.292158252801,0.013987958077829],[109.292155353387,0.013980294954705],[109.292162398676,0.013951831411925],[109.292142410344,0.013888740373063],[109.292107400636,0.013789859914124],[109.29203841634,0.013595011001036],[109.292035984573,0.013588145576481],[109.291802589818,0.012928910141109],[109.291802359591,0.012928259931282],[109.291802359591,0.012757979597131],[109.291802359591,0.01275709016761],[109.291633789768,0.012311619985325],[109.291575660289,0.012157979806949],[109.291551019764,0.012103849613029],[109.291367850346,0.011701510016714],[109.291344357356,0.011647449070553],[109.29129072089,0.011524029710241],[109.29116948958,0.011245050119038],[109.291133841354,0.011159709852787],[109.290009320074,0.008467580314627],[109.289912189696,0.008484114350419],[109.289918367139,0.008457224621284],[109.288238306753,0.008080659594844],[109.287635012746,0.00811836636956],[109.287311378218,0.008138593021721],[109.287120956667,0.008144735391273],[109.287013479588,0.008101745099488],[109.286792016139,0.008052529700515],[109.286674694182,0.008032418161617],[109.286598839065,0.008077781764231],[109.286393910551,0.008200336876085],[109.286261452104,0.008213973296273],[109.280904128623,0.01041521329148],[109.280905429942,0.010418274583741],[109.280873788195,0.01041521329148],[109.280835861985,0.010475894147246],[109.280851314137,0.010514522727078],[109.280649071897,0.010774548206866],[109.280359406561,0.010948347588203],[109.280156640916,0.011093180705733],[109.280127673753,0.011151114132651],[109.280122242747,0.011238012924023],[109.279866974681,0.011238012924023],[109.279171778055,0.011411813204665],[109.279084879264,0.011440778569116],[109.278829730808,0.011410761897191],[109.278592447384,0.011382846041555],[109.278389681739,0.011382846041555],[109.278100016403,0.011469745732174],[109.277868283595,0.011614577950465],[109.277694484213,0.011904244185581],[109.277144119805,0.012280809212029],[109.276912387897,0.012483574857124],[109.276767554779,0.012802207356056],[109.276217190371,0.012976005838017],[109.275811659081,0.013207737746922],[109.27563090794,0.013365896119224],[109.275377160627,0.013323604600714],[109.274768862793,0.013526370245807],[109.274392297766,0.01375810305404],[109.274169560877,0.013917201217909],[109.273986765577,0.014047768389825],[109.273639167713,0.014250534034931],[109.273059837042,0.014569165634555],[109.272509471735,0.014742965015898],[109.271901174799,0.014858831869621],[109.271553576037,0.01500366408788],[109.270974245365,0.015177464368551],[109.270953049244,0.015196894221309],[109.270626646602,0.015496095968076],[109.270568714075,0.016017493212811],[109.27047904807,0.016052364425157],[109.270440038177,0.015982702939408],[109.26992328773,0.016072930121648],[109.269767442414,0.016089334655126],[109.269816639826,0.016206689886875],[109.26955488495,0.016191292594095],[109.269439018996,0.016741657001934],[109.268685888043,0.017147189191458],[109.268367256444,0.017320987673485],[109.26793275799,0.017842385817517],[109.267938957017,0.017894043775119],[109.267817631279,0.017870560677839],[109.267672058918,0.017842385817517],[109.267005828556,0.017842385817517],[109.266223732239,0.018161018316387],[109.265615434405,0.018392750225311],[109.265412281152,0.018505613343449],[109.265094036261,0.018682415561101],[109.264630572443,0.018827248678626],[109.26419607399,0.018943114633066],[109.263848475227,0.019030014323713],[109.263574091068,0.019128008796521],[109.263442943037,0.019174847441314],[109.26297947922,0.019319679659507],[109.262400147649,0.019609344995312],[109.26167598386,0.020072809712468],[109.26135735226,0.020188675666878],[109.260922853807,0.020420409374425],[109.260749054425,0.020420409374425],[109.260401455663,0.020565240693347],[109.260082824063,0.020768007237786],[109.259793157828,0.0209418057198],[109.259503493392,0.021028706309779],[109.259068994938,0.021202504791806],[109.258692429912,0.021289405381827],[109.258460447991,0.021394850891684],[109.258373798312,0.021434237600034],[109.25811309924,0.021550103554493],[109.257417901715,0.021637004144431],[109.25721513607,0.021810802626473],[109.256780636717,0.02201356917095],[109.256524248995,0.022112178933974],[109.256190948553,0.022047857622566],[109.255878664369,0.022158401389163],[109.255795774755,0.022158401389163],[109.255419209729,0.022245301079802],[109.255187476921,0.022361167034248],[109.255013678439,0.022563932679419],[109.255041670737,0.022610587708532],[109.254976591297,0.022906160690788],[109.253566183633,0.023507883581973],[109.253601169059,0.023550768653074],[109.253595292889,0.023553216607697],[109.253483037712,0.023536889415911],[109.253241288255,0.023501725024621],[109.253081971556,0.023516207706839],[109.252893688593,0.023661040824436],[109.252864722329,0.023820356624185],[109.252966104702,0.023979673323284],[109.253024038129,0.024052089432416],[109.253081971556,0.02422588881375],[109.253091966621,0.024240588232607],[109.252732763007,0.024420190039785],[109.2525717313,0.024063618741077],[109.247826133869,0.026104628325981],[109.247817298929,0.026209839112826],[109.247150260976,0.026471601183491],[109.24581428855,0.026995869696658],[109.245273085385,0.027208251159871],[109.244929597423,0.027571554783489],[109.242151692347,0.029035993716207],[109.242098091854,0.029175353559766],[109.241718759613,0.029384792174484],[109.241620486197,0.02943905097144],[109.240072645936,0.030293649732161],[109.240036065112,0.03038144514759],[109.239906376578,0.030519778864721],[109.239664294372,0.030528424047571],[109.239500024207,0.030588944823986],[109.239353045307,0.030709986376782],[109.239128254365,0.030796445399668],[109.238894817342,0.031047172788809],[109.239050441425,0.031306548058803],[109.239108347872,0.031333692296135],[109.239026817134,0.031388044622587],[109.23902656982,0.031388210097873],[109.237777389915,0.032221000298966],[109.235864229751,0.033113810354103],[109.235685449924,0.033197239560987],[109.23360856998,0.034403170170214],[109.233523789991,0.034452399958359],[109.232949448758,0.034808889418731],[109.23278053989,0.034913729684918],[109.231507869693,0.035703659995905],[109.2300539897,0.036606070313926],[109.22947937957,0.0369627198537],[109.228643985831,0.037572333396489],[109.228571711815,0.037543423789992],[109.228381504303,0.037621235831401],[109.228312337445,0.037681756607815],[109.228291190786,0.037829778721327],[109.22689932984,0.038845460449666],[109.226385729718,0.039207319762059],[109.225278589635,0.039987350335996],[109.22383115958,0.041007120382347],[109.223129738746,0.041591642840099],[109.223034225349,0.041671238237064],[109.221891337215,0.041836190987455],[109.220917026999,0.042525096855799],[109.220791969074,0.04249601368013],[109.219790805102,0.043286407142025],[109.219730965112,0.043295439932656],[109.219762409008,0.043341494214637],[109.218530647172,0.044212437254187],[109.218493932349,0.044185571806739],[109.218346953449,0.044289322094573],[109.218372681254,0.044324130354367],[109.215994737967,0.046005503751001],[109.215968052384,0.045978818167953],[109.21576597472,0.04611499980745],[109.215790091839,0.046150202869618],[109.214545343793,0.047030327987246],[109.212608857013,0.04839956109094],[109.210420584343,0.04994682488609],[109.211337660805,0.051713046619841],[109.210416246013,0.050579447583463],[109.210318408768,0.050623187010503],[109.210222874686,0.050577146218356],[109.210135396731,0.050547220377944],[109.210062882596,0.050538012219539],[109.210014541338,0.050571390557252],[109.209961593753,0.050624338142715],[109.209906344802,0.050657717379806],[109.209844189957,0.050749798964096],[109.209709520978,0.050848786442372],[109.209704917348,0.050954679814629],[109.209641611371,0.051008776733677],[109.20959096695,0.051080140636031],[109.209506942392,0.051149202273898],[109.209472412022,0.051196393298919],[109.209465506128,0.0512976830417],[109.209440183018,0.0513207029881],[109.20920192293,0.051438106783224],[109.209155882138,0.051510620918454],[109.209104086584,0.051526734970884],[109.209081065739,0.051541697891081],[109.20905689466,0.051586587550992],[109.209044234004,0.051593494344326],[109.209013156132,0.051592343212117],[109.208993588683,0.051569323265704],[109.208988985054,0.05155320831395],[109.208971719869,0.051515225447369],[109.208942944261,0.051495657998256],[109.208904961395,0.051501412760046],[109.208876184888,0.05153824539375],[109.20887733602,0.051586587550992],[109.208931433839,0.051684423897068],[109.208927981341,0.051722407663018],[109.208903810263,0.051748881006118],[109.20888193965,0.051766146190723],[109.208792161229,0.051808733586259],[109.208599941035,0.051807583353314],[109.208529729164,0.051814489247305],[109.208509010582,0.051828301035303],[109.208504406953,0.051846718251512],[109.208512463979,0.051881247721417],[109.208494047662,0.051891607012103],[109.208442252108,0.051900815170523],[109.208441100976,0.051945704830453],[109.20846296979,0.051984839728613],[109.208461818658,0.052027427124108],[109.208452611399,0.052040087779837],[109.208370889105,0.052101092391522],[109.208301828367,0.052156341342135],[109.208197085227,0.052224250948481],[109.208147591938,0.052247270894888],[109.208094645252,0.052262234714418],[109.208020979984,0.052304822109872],[109.208006017064,0.052304822109872],[109.207989902112,0.052288708057441],[109.207948465849,0.052256479952634],[109.207915085713,0.052270291740631],[109.207874800582,0.052296765083664],[109.207875951714,0.052312879136141],[109.207888613269,0.052353165166501],[109.207890914634,0.052372731716215],[109.207878253978,0.05238999690088],[109.207862139926,0.052398054826408],[109.207835665684,0.052407262984849],[109.207829156391,0.052414206650379],[109.207816136006,0.052434605972329],[109.20780441694,0.052468892625346],[109.207795775355,0.052474299349446],[109.207774861621,0.052477436184798],[109.207736171887,0.052464887944268],[109.207711076305,0.052453384715968],[109.207697482153,0.052431425969588],[109.207685979824,0.05239587307113],[109.207672385672,0.052387507577463],[109.207651472837,0.052386461665946],[109.207637878685,0.052396918982653],[109.20763474185,0.052415740893769],[109.207642062331,0.052457568362091],[109.207659838331,0.052495212184314],[109.207660884243,0.052561089322861],[109.207649381913,0.052576774398688],[109.207632650926,0.052586184904554],[109.207615445097,0.052587129192719],[109.207571871145,0.05256534221684],[109.207490167737,0.05256806536397],[109.207400295787,0.05259257638636],[109.207383955105,0.052641596632433],[109.207409337571,0.052734279863155],[109.207395877418,0.052765689584925],[109.207368952615,0.052788125871354],[109.207310619889,0.052818415037846],[109.20725901679,0.052857677639718],[109.207136741368,0.052890209715433],[109.207094111704,0.05290815928416],[109.207018951763,0.0529025502126],[109.206977445353,0.05288572299775],[109.206957252875,0.052881236280083],[109.206921354637,0.052895818787059],[109.206914624111,0.052921620336578],[109.206919110828,0.052953030957671],[109.206939304206,0.052988929195728],[109.206947156186,0.053014729845921],[109.206935938043,0.053065210591053],[109.206907892685,0.053120178953123],[109.206814784075,0.053196462147078],[109.206777764382,0.053239090012011],[109.206721673666,0.053294058374151],[109.206685777227,0.053317616115107],[109.206649878989,0.053327711904442],[109.206609494033,0.053324346641308],[109.20657247524,0.053336687138406],[109.206542186073,0.053334443329961],[109.206469269042,0.053283961685505],[109.206321912426,0.053294186077868],[109.206264562659,0.053256946051233],[109.206222854801,0.053257690689913],[109.206193809397,0.053286737892683],[109.206159547925,0.053340362667636],[109.206124542714,0.053358982231317],[109.206066450107,0.053367175055136],[109.206044105551,0.053406648997682],[109.206011335155,0.053419309653467],[109.205994204869,0.053420055191428],[109.205928664077,0.053326957373259],[109.20584003409,0.053283759338058],[109.205761087105,0.05328897180861],[109.205644154554,0.053310570826222],[109.205606170788,0.053328445751218],[109.205593509233,0.053370899147746],[109.205616598427,0.053437930116427],[109.205783429861,0.053562309952668],[109.205802794963,0.053601782995935],[109.205781940584,0.053621148097511],[109.20573278544,0.053618168643593],[109.205670966942,0.053575716146436],[109.205629259083,0.053570501877212],[109.205555524568,0.053607741903795],[109.205532437172,0.053636043568564],[109.205536161265,0.053666580048687],[109.205576378947,0.053712756638421],[109.205620321621,0.053744037757205],[109.205665008933,0.053758934127512],[109.20567692585,0.053784256338412],[109.205659050924,0.053799151809474],[109.205635217092,0.053805110717353],[109.205481046313,0.053800641986064],[109.205452743749,0.053811814263824],[109.205455998396,0.053860617773351],[109.205508055652,0.053928944665125],[109.205501945658,0.053988738789322],[109.205499368201,0.054025698227455],[109.205489053877,0.054060937262473],[109.205444360269,0.054107350373949],[109.205410838939,0.054125399767426],[109.20536528468,0.054125399767426],[109.205336921862,0.054115945194759],[109.205234641066,0.054142590308343],[109.205092824275,0.054141729657147],[109.205019766049,0.054103053413249],[109.204989683727,0.05410821012583],[109.20496991483,0.05414001105271],[109.204987965122,0.054184704660429],[109.205026642266,0.0542345558801],[109.205064459657,0.054297299780611],[109.205060162696,0.054307614105143],[109.205037816342,0.054324803746736],[109.20497421269,0.05433339856756],[109.204883105971,0.054337697326881],[109.204836692859,0.05435230771285],[109.204802312677,0.054382390934613],[109.204793717856,0.054415051613375],[109.20479973432,0.05445458940784],[109.204816923962,0.054481232722749],[109.204856460857,0.054540539414395],[109.204853022749,0.054570620837498],[109.204827238286,0.054605860771889],[109.204751601705,0.054636802846233],[109.204617519983,0.054657430595964],[109.204595172729,0.054644537915125],[109.204571106871,0.054607580275649],[109.20452899072,0.054574058945721],[109.204447338574,0.054531943694293],[109.204399206858,0.054536240655005],[109.204385455324,0.054556009552226],[109.204388893433,0.054598124803653],[109.204406941927,0.05465571199158],[109.204472264184,0.054707281815635],[109.20450406601,0.054745958958887],[109.204506644366,0.054791513217822],[109.204495471189,0.054818157432062],[109.204437884001,0.054859412931591],[109.204255669663,0.054929892800366],[109.204191208058,0.054958255619048],[109.204143935194,0.054998653165338],[109.20402102575,0.055152502885732],[109.203988365071,0.055217825142558],[109.20386531803,0.055321963937559],[109.203761180134,0.055356106699019],[109.203643384235,0.055378301067772],[109.203534123801,0.05542610183316],[109.203470958118,0.05546878095953],[109.203436815357,0.0555217042633],[109.203453886288,0.055607063415268],[109.20351705197,0.055690715654044],[109.203510224317,0.055738517318782],[109.203482909209,0.0557743678928],[109.20343852227,0.055779488632534],[109.203394135331,0.055762416802163],[109.203329261836,0.055769246253755],[109.20324731741,0.055818753932382],[109.203202929572,0.055828998109804],[109.203134643149,0.055808510654265],[109.203076598206,0.055811926279417],[109.203047576185,0.055844362127628],[109.203044162358,0.055887042153293],[109.203061234189,0.05591606417503],[109.203102206402,0.055939964557736],[109.203141471702,0.055994594774803],[109.203129520611,0.056047517179196],[109.203109034954,0.056076539200936],[109.203049283997,0.056112389775001],[109.202962217033,0.056112389775001],[109.202755648155,0.056207993104451],[109.202702724851,0.056206286191169],[109.202588342778,0.056172141631047],[109.202502983626,0.056173849443647],[109.202501276713,0.056209700017683],[109.202520056356,0.05625238004336],[109.202569564034,0.056305302447795],[109.202613950973,0.056375296682623],[109.202610537147,0.056453827282305],[109.202576392586,0.056501628947025],[109.20243299029,0.056590401925576],[109.202269099639,0.056660397059697],[109.202204227043,0.056658690146484],[109.202142768274,0.056636495777685],[109.202098381335,0.056593816651342],[109.202094966609,0.056539187333668],[109.202115453166,0.05646919219952],[109.202112039339,0.056392369412383],[109.202055702209,0.056336032282103],[109.20197717071,0.056339446108606],[109.201750115276,0.056448705643278],[109.20164597738,0.056450412556537],[109.201560618228,0.056337739195304],[109.201564032055,0.056293352256433],[109.201811574045,0.056078247013541],[109.201891811558,0.056028738435606],[109.201891811558,0.055979229857593],[109.201748408362,0.055745345871043],[109.201683534867,0.055741931145232],[109.201599882629,0.055859727044831],[109.201568922568,0.055983953996293],[109.20127090343,0.056202926324031],[109.201177317279,0.056286517408904],[109.201143698823,0.056332855876637],[109.201137338817,0.056361021743778],[109.201160962209,0.056441886983511],[109.201207300677,0.056484591290877],[109.201258183419,0.056510941426828],[109.201285440071,0.0565318389732],[109.201345407764,0.056591805767258],[109.2013535853,0.05665722515084],[109.201346316979,0.056715376213675],[109.201275445905,0.056808053149153],[109.201260908364,0.056838035646861],[109.201243644978,0.056880739954235],[109.201257274204,0.05692617010669],[109.201266360055,0.057000675340934],[109.20126726837,0.05708790058617],[109.201247279139,0.057150594124643],[109.201213660682,0.057201475967419],[109.201158237263,0.057248722750363],[109.200998323414,0.057332313835271],[109.200847496315,0.057383194778648],[109.20076753939,0.057434985835976],[109.200734830148,0.057492226784842],[109.200589850441,0.057570666553085],[109.200575793138,0.057567716776753],[109.200530637279,0.057584023284101],[109.200367574004,0.057525070026034],[109.200194476994,0.057487439693654],[109.200141794708,0.057483676930191],[109.200105419829,0.057505000755221],[109.20007155316,0.057542631087571],[109.200069044051,0.057625416379872],[109.200086605113,0.057669317684866],[109.200112946256,0.057690640610622],[109.200209528947,0.057714474443511],[109.200293568793,0.057745832004546],[109.200324927254,0.057790987863816],[109.200327570361,0.057841333710631],[109.200321108732,0.057903252932824],[109.200297417892,0.057965709949603],[109.200276958315,0.057986170425465],[109.200237114751,0.058027628272502],[109.200199425064,0.058034089901353],[109.200141692185,0.058032906393561],[109.20007963087,0.058042086673027],[109.200034260972,0.058061913126832],[109.200019090309,0.058092814731644],[109.200009538609,0.058134392188495],[109.200000548986,0.058245077148631],[109.199980323233,0.058266427953358],[109.199730298215,0.058387787866112],[109.199650514859,0.058427117017858],[109.19957915995,0.058447905746277],[109.199506118812,0.058451839380952],[109.199438696639,0.058442848858423],[109.19937183744,0.058425431688368],[109.199324078943,0.058418128294024],[109.199274636016,0.058427117017858],[109.199207213842,0.05842824117042],[109.199156084686,0.058396776590034],[109.199115632281,0.058380483572525],[109.199054390248,0.058378236166729],[109.199034858772,0.058368471327918],[109.199002538037,0.058363084388866],[109.198979643995,0.05834153663266],[109.198902883261,0.058337496878043],[109.198839588976,0.058364429774656],[109.19881534865,0.058422338020516],[109.198824775343,0.058488325775666],[109.198824775343,0.058508526347447],[109.198807268241,0.058523339980185],[109.198787067669,0.058527379734802],[109.198754747833,0.058520645611341],[109.198704919996,0.058491019245202],[109.198492143997,0.058403483733862],[109.198389794853,0.058426377775157],[109.198342661385,0.058480246266405],[109.198331888406,0.058551620061274],[109.198330541221,0.058658008060662],[109.198321113628,0.058676862347343],[109.198306300895,0.058687635326168],[109.198271286691,0.058691675080805],[109.198183752079,0.058663394999714],[109.198061204161,0.058672821693387],[109.198011376324,0.05869706201984],[109.197957508732,0.058746889857103],[109.197922495427,0.058807490673189],[109.19786997412,0.058862705449528],[109.19756966261,0.058998719815118],[109.197340725794,0.059141469203481],[109.197216909833,0.059204630389419],[109.196267365147,0.059736744854927],[109.195259112718,0.060351578962244],[109.193819329598,0.061301533738853],[109.192423052082,0.062445841002788],[109.19223169074,0.062607676702956]]],[[[109.178652462042,0.035298670996873],[109.178591176841,0.039037023240083],[109.178533517708,0.042554191722601],[109.178520989252,0.043318477865497],[109.177929363949,0.045947921959051],[109.178060835839,0.046473811317408],[109.179633876902,0.047784679319537],[109.180230128318,0.048281554750027],[109.180526737319,0.048343590884079],[109.185258941147,0.049333332567305],[109.186868994708,0.049029548774664],[109.187000948635,0.049004651943145],[109.187079471141,0.048943200368439],[109.188512878966,0.047821402235944],[109.189826955749,0.046977206832658],[109.193936109264,0.044337388159986],[109.19672515784,0.041942273217382],[109.199753756131,0.039341442853356],[109.200213907746,0.039965935679441],[109.199632186676,0.040490091144811],[109.198250393641,0.041735144061694],[109.194375346245,0.04522672413405],[109.193903240842,0.045652109757085],[109.189728997995,0.048511631006981],[109.189504461562,0.049056933130996],[109.188896155633,0.050534245858776],[109.188808692067,0.050746659430844],[109.189014436267,0.050762485700207],[109.191320648729,0.050939886866313],[109.191372401116,0.050943868164984],[109.1919478683,0.050640439604627],[109.193180143649,0.049990693815521],[109.193228545161,0.049963510007993],[109.195579512385,0.048643102896899],[109.19609023018,0.048458506255087],[109.198307560845,0.047657061923929],[109.203566450831,0.045487770344379],[109.210370138671,0.042135228158295],[109.219836139926,0.036909205695335],[109.228447571199,0.029250947872981],[109.231044147769,0.027936226275876],[109.234856843369,0.024583684089813],[109.239195686432,0.019197533739234],[109.239622712418,0.018667432855804],[109.239458371207,0.018010071607589],[109.231208488081,0.017878599717674],[109.227428661803,0.018240147864554],[109.218685757742,0.019193322214105],[109.215793368969,0.020836725334658],[109.207057767402,0.024887618968482],[109.205374194264,0.025668330329206],[109.205033883607,0.025762860767488],[109.197683068019,0.027804754385926],[109.197201838994,0.028098633944859],[109.193377352383,0.030434197580173],[109.183911351128,0.033589531931399],[109.180439854716,0.03422597315017],[109.179967183639,0.034312629124595],[109.179594915573,0.034591829949021],[109.178652462042,0.035298670996873]]],[[[109.243902121985,0.024351151784289],[109.249114722966,0.022186355915657],[109.2497132056,0.021937804885844],[109.250233436424,0.021210908956327],[109.252112574336,0.018585262699765],[109.252444888221,0.017910861097365],[109.252685747349,0.017422058880961],[109.253230088098,0.016317366753122],[109.250777728609,0.016677345583101],[109.249647469655,0.016843256111421],[109.248705412725,0.017383915035675],[109.247003431363,0.018360703783492],[109.245867643377,0.019012547690983],[109.244717261193,0.020590214866555],[109.244661301778,0.020801416152478],[109.24380404642,0.024036864809466],[109.243698350898,0.024435777988783],[109.243902121985,0.024351151784289]]],[[[109.232143459253,0.029291788785084],[109.232128794009,0.029333118028999],[109.232187854286,0.029306666269674],[109.233654126937,0.028649957929222],[109.235898794294,0.027644623800368],[109.240641620914,0.025520424228261],[109.243008122127,0.021411916426858],[109.243526503945,0.019532780313625],[109.243534010586,0.019505568627149],[109.243076154041,0.019641951714729],[109.240445756666,0.02042547435622],[109.240444413079,0.020425873655205],[109.238538066179,0.021609125161032],[109.237734702694,0.022664707110604],[109.235711413351,0.025323214594723],[109.23406174915,0.026572025778423],[109.232799340217,0.027527681357452],[109.232194529954,0.027985528009747],[109.232490343055,0.028314208633839],[109.232143459253,0.029291788785084]]],[[[109.231865850229,0.028314208633839],[109.230945544302,0.028593586624764],[109.229532217438,0.029448156607193],[109.227740908216,0.031091559727766],[109.227593002115,0.031650316608871],[109.227798862328,0.031661444819859],[109.22820106073,0.031683185030974],[109.230156711163,0.030565671268788],[109.231077016191,0.029859007387298],[109.231816547596,0.028675756780788],[109.231849534728,0.028433852640255],[109.231865850229,0.028314208633839]]]]},"properties":{"gid":526,"luas":289.72670630683774,"idkec":"6104080","kdkab":"04","kdkec":"080","nmkab":"MEMPAWAH","nmkec":"SIANTAN","kdprov":"61","nmprov":"KALIMANTAN BARAT","sumber":"BPS","periode":"2023_1"}},{"id":527,"type":"Feature","geometry":{"type":"MultiPolygon","coordinates":[[[[109.146467368175,0.312795707356027],[109.145940703601,0.312769374307204],[109.145256039834,0.312927372600198],[109.144689876137,0.313072205717781],[109.144308372034,0.313096050342488],[109.144262689172,0.313182040818551],[109.144242231394,0.313183502216915],[109.144231224591,0.31318265595484],[109.144148641647,0.313176303143882],[109.144076649118,0.313176303143882],[109.144011855663,0.313226697554112],[109.143947063107,0.313291491009518],[109.143860672432,0.313356283565664],[109.143795878977,0.313399478902843],[109.143723887348,0.313442675139409],[109.143630296701,0.313464272358294],[109.143587102263,0.313464272358294],[109.143493511616,0.313493068650249],[109.14342871906,0.313521865841474],[109.143403012839,0.313540560948177],[109.14334952656,0.313579460223929],[109.143227139621,0.313629854634143],[109.143068757317,0.313601058342217],[109.142953570351,0.313550663032734],[109.142917368142,0.313496360168904],[109.14287437785,0.313500267723219],[109.142766389957,0.313521865841474],[109.142737592766,0.313536264886749],[109.142683897844,0.313579891898542],[109.1426224049,0.313629854634143],[109.142507217934,0.313694648089614],[109.14237043195,0.313723444381465],[109.142168854309,0.313709046235549],[109.142075263663,0.313673049971321],[109.142043755915,0.3136520454056],[109.142010471106,0.313629854634143],[109.141960075797,0.313629854634143],[109.141664908409,0.313622654661852],[109.141520924251,0.313622654661852],[109.141362541048,0.313557862105703],[109.141247353183,0.313521865841474],[109.14108896998,0.313464272358294],[109.141009778379,0.313464272358294],[109.140916187732,0.313464272358294],[109.140693011973,0.313586659296942],[109.140549027815,0.313579460223929],[109.140203465118,0.313593858369931],[109.140102676298,0.313586659296942],[109.139893897785,0.313608257415184],[109.139830841615,0.313620868397093],[109.139713917363,0.313644252780078],[109.139634725762,0.31368744811726],[109.139440347194,0.313795436909905],[109.139141578921,0.313799035996711],[109.138997593864,0.313799035996711],[109.138594437683,0.313813435042031],[109.138464851672,0.313856630379212],[109.138119288974,0.313957419199588],[109.13783131976,0.314072607065209],[109.137557748691,0.314029411728023],[109.137485757062,0.313943021053604],[109.137356170151,0.313799035996711],[109.137111397173,0.31371264622169],[109.136794630768,0.313583060210121],[109.136521059699,0.313424677007278],[109.136218693238,0.313266293804449],[109.136218586201,0.313266270018613],[109.135963795016,0.313209650246501],[109.135959520316,0.313208700321289],[109.135815536158,0.313251894759166],[109.135556364135,0.313352683579519],[109.135340387449,0.313410277962021],[109.135066816381,0.313467872344462],[109.134946347696,0.31351376474849],[109.134939863584,0.313509261842998],[109.134473084865,0.313656917033146],[109.134318096603,0.313698247176435],[109.134299182961,0.313702975811733],[109.134087720872,0.313755840659547],[109.133799751657,0.313755840659547],[109.133577814254,0.313734363279082],[109.133353400139,0.31371264622169],[109.132964642105,0.31364065279393],[109.132662273845,0.31364065279393],[109.132244718619,0.313655051839189],[109.131999944742,0.313755840659547],[109.131938815124,0.313781312157864],[109.13175090538,0.313859608034536],[109.131654382044,0.31389982571642],[109.131236826818,0.314029411728023],[109.130920061312,0.314158997739582],[109.130401717265,0.314374975324856],[109.130128146197,0.314432567908734],[109.129768185354,0.314475764145235],[109.1292786367,0.314475764145235],[109.128587512204,0.314490162291153],[109.127752400853,0.314547755774331],[109.126744509052,0.314619748302785],[109.126442141691,0.314590951111546],[109.125592633094,0.314432567908734],[109.125117484385,0.314374975324856],[109.124714327304,0.31431738094244],[109.124267974887,0.314173395885577],[109.123749630841,0.314029411728023],[109.123404068143,0.313871029424491],[109.122856926906,0.313683849030415],[109.122367379151,0.313597458356074],[109.121777041677,0.31364065279393],[109.121460276171,0.31364065279393],[109.121201104148,0.313525465827635],[109.121129111619,0.313511066782313],[109.120812346113,0.313309489141658],[109.120668361056,0.313295090096408],[109.120394790887,0.313251894759166],[109.119962836616,0.313122308747612],[109.119736119327,0.313020286057376],[109.119674868301,0.312992722735973],[109.119271711221,0.312920731106889],[109.119026938243,0.312877534870377],[109.118753367174,0.312819941387239],[109.118551788634,0.312791145095328],[109.118542414101,0.312789922017308],[109.118220624083,0.31274794885882],[109.118049553244,0.312720937721168],[109.11809149043,0.312815789217302],[109.119923696322,0.313950012383198],[109.12165759822,0.315211032762986],[109.121658244832,0.315212097560277],[109.122138841634,0.316003669134087],[109.122628380395,0.317091529550515],[109.122646665411,0.317087309931461],[109.122689189854,0.317219609197643],[109.123501125676,0.31689012727757],[109.123504526013,0.31688874681827],[109.123531129758,0.316877952255767],[109.123533673041,0.316882020788677],[109.123533997696,0.316882540596792],[109.123551581241,0.31691067408837],[109.123603972146,0.317181361031015],[109.123691219874,0.317312233073162],[109.12386571623,0.318097464426505],[109.12386571623,0.318227741117404],[109.12386571623,0.318228335569303],[109.124047182332,0.318470290071884],[109.1243892026,0.318926319194306],[109.124432826914,0.319057191236426],[109.124650946684,0.319406182149641],[109.124677120553,0.319484704655453],[109.124738194412,0.319667926233862],[109.124738194412,0.319688544990412],[109.124738194412,0.319710955196444],[109.124738194412,0.319711549648328],[109.124738194412,0.319841827238574],[109.124738194412,0.319842421690446],[109.124875100905,0.319938257044946],[109.124879375383,0.319951078679371],[109.124940448343,0.320134300257764],[109.124940448343,0.320177329220424],[109.124940448343,0.320177923672287],[109.124940448343,0.320308201262545],[109.124940448343,0.32030879571441],[109.124946094287,0.320312748234804],[109.10620911336,0.327425862213833],[109.110519913763,0.335766324156561],[109.100380346376,0.344713001104133],[109.098041306861,0.343737160241779],[109.096618264621,0.36041838180289],[109.075083902001,0.363217849024577],[109.074305364301,0.375869081692827],[109.075244373429,0.37587334987521],[109.074309552444,0.389470749375618],[109.088118355578,0.396339378159818],[109.094912061842,0.399718631109976],[109.098483211231,0.401648980915792],[109.099038154088,0.401948949784239],[109.099559381361,0.401862078871883],[109.099684709082,0.404812119583709],[109.099815672855,0.407894820189799],[109.100235093275,0.417767306016403],[109.101781830067,0.419048559343593],[109.100981422655,0.419833862642688],[109.101036517821,0.419939044651227],[109.101130107568,0.420061431589831],[109.101302889817,0.420212615719638],[109.101382081418,0.420313405439343],[109.101504468357,0.420442990551637],[109.101691647851,0.420586975608496],[109.101756441307,0.420601373754432],[109.101900426364,0.420644569990927],[109.101907625437,0.420651769063943],[109.101978991138,0.420667062035312],[109.102008414257,0.420673367182189],[109.10221719187,0.420687765328178],[109.102404372264,0.420802953193802],[109.10272113777,0.420910941087135],[109.102901118192,0.421033328025698],[109.103052302322,0.421069324289925],[109.103304275272,0.421177313082573],[109.103477055722,0.421278101902917],[109.103613841705,0.421386089796268],[109.103721829599,0.421522874880779],[109.103887411875,0.421638062746467],[109.104031396932,0.421782047803325],[109.10420417828,0.421882836623616],[109.104276170809,0.421947630079105],[109.104470550276,0.422034020753506],[109.104772916737,0.422098814208928],[109.104974496176,0.422055617972426],[109.105291261682,0.421983626343295],[109.105644024352,0.421890035696646],[109.105975188005,0.421810844994521],[109.106219961882,0.421753250612083],[109.106702309664,0.421674059010675],[109.106896689131,0.421674059010675],[109.107105466744,0.421688458055916],[109.10713927226,0.421695970092962],[109.107242251828,0.421681258083649],[109.107465427587,0.421681258083649],[109.107602213571,0.421774847830985],[109.107646970132,0.421806550731784],[109.10777499492,0.421897234769636],[109.10792617905,0.421940431006116],[109.10807736318,0.421976427270342],[109.108307738012,0.421983626343295],[109.108415725905,0.421998023589995],[109.108653300709,0.421998023589995],[109.108876477368,0.421933231033847],[109.108948468997,0.421890035696646],[109.109042058744,0.421825243140518],[109.109085254981,0.421695657128898],[109.109092454054,0.421580469263266],[109.109092454054,0.421407687914468],[109.109070855935,0.421299699121845],[109.109020460626,0.421170113110284],[109.10895566807,0.420997331761472],[109.108898074587,0.420817351339721],[109.108854879249,0.420680566255159],[109.108801222998,0.420549406429983],[109.108790085794,0.42052218305234],[109.108739692283,0.420421394231992],[109.108653300709,0.420270210102159],[109.108595707226,0.420169421281796],[109.108509315652,0.419996639033664],[109.108437324023,0.419838255830867],[109.108314937085,0.419615080071927],[109.108211429614,0.41943394312204],[109.108170952927,0.419363107121745],[109.108091761326,0.419255119228415],[109.107933378123,0.419017544424201],[109.107919723716,0.4190051319813],[109.107854187421,0.418945551895774],[109.107792993052,0.418884359325772],[109.107760596774,0.41888075933963],[109.107638209836,0.418815965884143],[109.10752302197,0.418736774282736],[109.107379037812,0.418657582681364],[109.107235052755,0.418556793861001],[109.107163061126,0.418456005040632],[109.107069471379,0.418362415293303],[109.106961481687,0.418247227427619],[109.106911642159,0.418207354186104],[109.106889490058,0.418189633045185],[109.106752704973,0.418024050769339],[109.106731106855,0.417858469392896],[109.106803099384,0.41777927689217],[109.106968681659,0.417692887117088],[109.107105466744,0.417656889953543],[109.107307045284,0.417656889953543],[109.107501423852,0.417685687144801],[109.107724601409,0.417772077819174],[109.107954976241,0.417851270319947],[109.108192550146,0.417916062876031],[109.108401327759,0.418024050769339],[109.108552511889,0.418081645151859],[109.108811683912,0.418132038662666],[109.109034859671,0.418160835853941],[109.109229239138,0.418088844224824],[109.109373224195,0.417916062876031],[109.109488411161,0.417714484336041],[109.109582000909,0.417484108604739],[109.109668391583,0.417167343098474],[109.109725985966,0.417016158968614],[109.109877170095,0.416677795344009],[109.109833973859,0.416433022366156],[109.109833973859,0.416224243853831],[109.109833973859,0.4160370643591],[109.109855571977,0.415792289582538],[109.109877170095,0.415612310060096],[109.109920365433,0.415381935228188],[109.109985157989,0.415108364159723],[109.110078747736,0.414978778148157],[109.110323521613,0.41486359028249],[109.110561096417,0.414813195872349],[109.110791471249,0.41484199216425],[109.110942655379,0.414892386574418],[109.111101037683,0.414978778148157],[109.111281019004,0.415122762305658],[109.111439402207,0.415245149244293],[109.111590586337,0.415417930593096],[109.111662577966,0.415576313795888],[109.111820961169,0.415756294217654],[109.111986543444,0.415907478347496],[109.112108930383,0.416065860650972],[109.112139036987,0.416126073859282],[109.112089373726,0.416200569200953],[109.11210173131,0.416217044780843],[109.112209719203,0.41630343635456],[109.112288910805,0.416411424247865],[109.11237530058,0.4165266121135],[109.112454493081,0.416641799079794],[109.112576880019,0.416828978574526],[109.112684867912,0.417030558013893],[109.112742462295,0.417332925374238],[109.112771258587,0.417563300206215],[109.112756860441,0.417707285263054],[109.112670469766,0.417786475965138],[109.112548082828,0.417822473128687],[109.11237530058,0.417793675937447],[109.112065735046,0.417642491807601],[109.111684176084,0.417512905796001],[109.111425003161,0.417455312312884],[109.111187429257,0.417541702987245],[109.111007447935,0.417793675937447],[109.110928257233,0.41796645728624],[109.110870662851,0.418240028354657],[109.110863463778,0.418506398551474],[109.110993049789,0.418801567738224],[109.11109383861,0.418895156586243],[109.111374608751,0.419139931362796],[109.111612182656,0.419219122964191],[109.11169857423,0.419269517374397],[109.11195054718,0.419427899677869],[109.112005258336,0.419506926703354],[109.112049313425,0.419519513614715],[109.112080133192,0.41959348285297],[109.112137726675,0.419672673555111],[109.112180922012,0.419737467010494],[109.112267312686,0.419802259566659],[109.112360903333,0.419852654876177],[109.112490489345,0.419903049286338],[109.11260567721,0.419924647404634],[109.112800055778,0.419917448331599],[109.112944039935,0.419895850213372],[109.113138420302,0.419802259566659],[109.113224552871,0.419744837854002],[109.113246408195,0.419730267937547],[109.113426388617,0.419651076336136],[109.113555974629,0.419615080071927],[109.11373595505,0.41959348285297],[109.113901538226,0.41959348285297],[109.114052720557,0.419629479117182],[109.114175108395,0.419658276308443],[109.11434069067,0.419730267937547],[109.114484674828,0.419802259566659],[109.114571066402,0.419859853949141],[109.114635734851,0.419944420798374],[109.114664656149,0.419982240887743],[109.114765444969,0.420119025972329],[109.114851835644,0.420212615719638],[109.114938226318,0.420270210102159],[109.11501741792,0.420320605411626],[109.115183000195,0.420356600776532],[109.115406175954,0.420370998922517],[109.115499765702,0.420356600776532],[109.115557360084,0.420306206366374],[109.115614953567,0.420183819427768],[109.115593356348,0.420090228781077],[109.115580622848,0.420060518777957],[109.115506964775,0.419888651140405],[109.115413375027,0.419708669819331],[109.115348581572,0.419600681925991],[109.11526939087,0.419442298723113],[109.115240593678,0.41922632203716],[109.115233394605,0.419060739761394],[109.115226194633,0.418866361193632],[109.115254991825,0.418635984563073],[109.11531978528,0.418506398551474],[109.11537017969,0.418398410658174],[109.115456571264,0.418261624674303],[109.115643750759,0.418110442343085],[109.115713026435,0.4180550207227],[109.115744539579,0.417988055404447],[109.115830931153,0.417901663830756],[109.115917320928,0.417800875010412],[109.116026220734,0.41775852503593],[109.116046906939,0.417750479700947],[109.116154895732,0.417714484336041],[109.11637807239,0.417642491807601],[109.116558052812,0.417599297369744],[109.116846022026,0.417505706723038],[109.116961208993,0.417469709559499],[109.117133991241,0.417419316048665],[109.117681131579,0.417332925374238],[109.117868311973,0.417282530964086],[109.118185078379,0.417167343098474],[109.118451448576,0.417095350570037],[109.118703422425,0.416900972002266],[109.118818610291,0.416792983209625],[109.118948196302,0.416648999052087],[109.119020187931,0.416461818658032],[109.119077782314,0.41630343635456],[109.119120976752,0.416202645735555],[109.119250563663,0.416137853179403],[109.11944494313,0.416137853179403],[109.119660919816,0.41628903730928],[109.119768907709,0.416404225174911],[109.119927290912,0.416656198125105],[109.120042478777,0.416800182282656],[109.120208061053,0.417080952424033],[109.120272853609,0.417232135654554],[109.120344846138,0.41738331978445],[109.120460034003,0.417563300206215],[109.12057522097,0.417649690880554],[109.120647214397,0.417649690880554],[109.120855991111,0.417577699251468],[109.120942381785,0.417476910431079],[109.121064768724,0.417332925374238],[109.12112956218,0.417253733772836],[109.121165558444,0.417188941216681],[109.121446327686,0.417037757086839],[109.12163350808,0.417005359909464],[109.121781092224,0.416998160836497],[109.121957472659,0.41698736177739],[109.122141053067,0.4169369682665],[109.122281438138,0.416882972970881],[109.122364228826,0.416789383223472],[109.122439821341,0.416641799079794],[109.122486615765,0.416515813054387],[109.122465019445,0.416371827997529],[109.122425423195,0.41624224198589],[109.122360629739,0.416105456901322],[109.122215401819,0.415994217958829],[109.122191448377,0.415975870889777],[109.121917877308,0.415860683024156],[109.121763094092,0.415770693262907],[109.121579513684,0.415619509133084],[109.121489523023,0.41555831566376],[109.121259148191,0.415227151112146],[109.121228040642,0.415116056061208],[109.12112956218,0.415090366027642],[109.121093565915,0.41494638097077],[109.121107964061,0.414859991195673],[109.121172756617,0.414766401448326],[109.121173548021,0.414765530005217],[109.121244750045,0.414687208947549],[109.121446327686,0.414543224790045],[109.121547117406,0.414464033188606],[109.121719898754,0.41435604529526],[109.121899879176,0.414255254676333],[109.122087058671,0.414226459283724],[109.122310235329,0.414204861165436],[109.122569407352,0.414204861165436],[109.122850176594,0.414183263047195],[109.123051756034,0.414190462120182],[109.123238936428,0.414226459283724],[109.123397318731,0.414233658356675],[109.123598897271,0.414190462120182],[109.123742881429,0.414053677035613],[109.123908463705,0.413895293832799],[109.123987655306,0.413614523691365],[109.124066846907,0.413369749814134],[109.124131640363,0.412995390824674],[109.12414603761,0.412793812284637],[109.124160436655,0.412599432817612],[109.124182033874,0.41247704587901],[109.124196432919,0.41228266731128],[109.124167635728,0.412117085035497],[109.124074045981,0.411922705568408],[109.123966058087,0.411800318629845],[109.123922062353,0.411724326816273],[109.12387246834,0.411699529809483],[109.123858069294,0.411634737253398],[109.123875473874,0.41158948426732],[109.12387246834,0.411569943797926],[109.123873793941,0.411547398693531],[109.123900664784,0.411534547381509],[109.123969657174,0.411501551255642],[109.12403444973,0.411443956873134],[109.124142439422,0.411400762435275],[109.124214431051,0.411371965244035],[109.12428642268,0.411357566198758],[109.124394412372,0.411321569934532],[109.124409324031,0.411306658275684],[109.124430407737,0.41128557367034],[109.124430407737,0.411278825157686],[109.12447720306,0.411296372729435],[109.124577991881,0.411332368993664],[109.124779570421,0.411382764303199],[109.124850233751,0.411400615845766],[109.125463496743,0.411555544752591],[109.125930762894,0.411378741635647],[109.125996239835,0.411353967111955],[109.126071362004,0.411256307932314],[109.12618136258,0.41111330673373],[109.126212215621,0.411073196970507],[109.126392196942,0.410857220284519],[109.126416825776,0.410798490058308],[109.12648578669,0.410634043626258],[109.126507383909,0.410419867383039],[109.126517932057,0.410315269034465],[109.126572178264,0.409777335955304],[109.126572178264,0.409748538764117],[109.126617251385,0.409571062954206],[109.12668736523,0.409294988173174],[109.126701764275,0.409244592863707],[109.126795354022,0.409028616177749],[109.126960936298,0.408927827357392],[109.127169713911,0.408841435783678],[109.127267987328,0.408797472425471],[109.12744328408,0.40871904974438],[109.127652061693,0.40861826002475],[109.127925632762,0.408488674013138],[109.128062841427,0.408420070130179],[109.128084015965,0.408409483311046],[109.12810726344,0.408377986355044],[109.128307191724,0.40810711505139],[109.128429577763,0.408027924349228],[109.128559164674,0.407948731848538],[109.128635955985,0.407915135874872],[109.12867435164,0.407898338337675],[109.128746344169,0.407840743955204],[109.128761827796,0.407815306631164],[109.12877514136,0.407804747690962],[109.128839933916,0.407703958870621],[109.129113504984,0.407761552353803],[109.129156700322,0.407955930921501],[109.129156700322,0.408207903871691],[109.129012716164,0.408539069322616],[109.12892632459,0.408848635755982],[109.128832734843,0.409316585392162],[109.128828620445,0.4095099998866],[109.12882553577,0.409654949016724],[109.128933523663,0.409971715422371],[109.128998317119,0.410122898652878],[109.129171099367,0.410338876238175],[109.129214293805,0.41046126317676],[109.129300685378,0.410706036154671],[109.129356677169,0.410769332238927],[109.129466266755,0.410893215649427],[109.129502263019,0.411058797925252],[109.12953106021,0.411267576437517],[109.129533393951,0.411315414974469],[109.129545459256,0.411562743825621],[109.129545459256,0.411713927955473],[109.129574256447,0.411850713939378],[109.129631849031,0.411958701832634],[109.129696643385,0.411973099978642],[109.129829550593,0.411995252079268],[109.129887421967,0.411947902773535],[109.129937817276,0.411868712071456],[109.129973812641,0.411854313026177],[109.130067403288,0.411854313026177],[109.130153793063,0.411825515834922],[109.130240183738,0.41177512232406],[109.130333774384,0.411652735385465],[109.130420165059,0.411566343811767],[109.130513754806,0.411472754064395],[109.130657738964,0.411271176423725],[109.130744129638,0.411184784849963],[109.130842226787,0.411086687700507],[109.130880914722,0.411047999765397],[109.130938509105,0.410990406282261],[109.131132887673,0.410868019343637],[109.131305669921,0.410788826842901],[109.131471252197,0.410724034286774],[109.131716026074,0.41066644080366],[109.131939201833,0.410652041758402],[109.132371155205,0.410738433332061],[109.132601530936,0.410817624034143],[109.13278871133,0.410918413753824],[109.132961491779,0.410997605355231],[109.133170270292,0.411155987658722],[109.133357449787,0.411328769906821],[109.133501433944,0.411472754064395],[109.133753406894,0.411674331705115],[109.133839797569,0.411739125160519],[109.13401977889,0.411832714907889],[109.134307748104,0.411962301818845],[109.134516524818,0.412077488785123],[109.134754099622,0.412135083167583],[109.134934080044,0.412178277605453],[109.135222050158,0.412257470106227],[109.135300519603,0.412270548047389],[109.135438025944,0.412293466370435],[109.136042760665,0.412322262662308],[109.136402723307,0.412315063589342],[109.136633098139,0.412358258926503],[109.136791481342,0.412466246819845],[109.136936056354,0.412493784960239],[109.136971461764,0.412466246819845],[109.137007458028,0.412462647733036],[109.137104646862,0.412451848673929],[109.137165841231,0.412419452395847],[109.137230633787,0.412387056117782],[109.137254953254,0.41236968481314],[109.137306226301,0.412333061721487],[109.137374618844,0.412271868252146],[109.137407568205,0.41223592324928],[109.137453810445,0.412185477577795],[109.13752940206,0.412127884094611],[109.137709383381,0.411969500891818],[109.137828170334,0.411883110217393],[109.138018948915,0.411706728882504],[109.138039440868,0.411696482906392],[109.138191731164,0.411620338208057],[109.138407707849,0.411458355918458],[109.138483300364,0.411400762435275],[109.138501847083,0.411389722357835],[109.138634482695,0.411310770875422],[109.138695677064,0.411278374597374],[109.138796465884,0.411235180159501],[109.138954849087,0.411155987658722],[109.139242818301,0.411069596984363],[109.139458794987,0.41104079979309],[109.139653173555,0.411033600720143],[109.139804357685,0.411019202574206],[109.139955541815,0.411019202574206],[109.140149921282,0.41104079979309],[109.140279507293,0.411055198838429],[109.140430691423,0.41107679695665],[109.140729978606,0.411109445944245],[109.140826647632,0.411119992293837],[109.140905840133,0.411155987658722],[109.141078620582,0.41124957830544],[109.141222605639,0.411321569934532],[109.141395386988,0.411407960608921],[109.141510574853,0.411472754064395],[109.141676157129,0.411580741957717],[109.141723608957,0.411605863619718],[109.141798544068,0.411645536312495],[109.141971325416,0.411724727014579],[109.142115309574,0.411832714907889],[109.142216099294,0.41190470833567],[109.142352503965,0.411993895901609],[109.142403278788,0.412027095274255],[109.142547262946,0.41214228224059],[109.142612056401,0.41219267665074],[109.142748842385,0.4122862672974],[109.142957619099,0.412394255190731],[109.143051208846,0.412451848673929],[109.143231190167,0.412502243983396],[109.143490362191,0.412581434685512],[109.143706338876,0.412653427213948],[109.143821526742,0.412660627186258],[109.143951000339,0.412651696918298],[109.144030304355,0.412646228140934],[109.144224682923,0.412639029067968],[109.14431827267,0.412639029067968],[109.144743599837,0.412779192905451],[109.144951804582,0.412847805781669],[109.145182181213,0.412977392692521],[109.145340564416,0.413070983339234],[109.145441353236,0.413150174041336],[109.145671728068,0.413286959125912],[109.145801314079,0.413294159098201],[109.145995692647,0.41326536190695],[109.146197272086,0.413157373114306],[109.146269263716,0.413114177777093],[109.146341256244,0.413006188984468],[109.146391650654,0.412876602972907],[109.146398849727,0.412754216933567],[109.146326858098,0.412559836567253],[109.146240467424,0.412365457999534],[109.146146876777,0.412156681285869],[109.146103682339,0.412005497156027],[109.146074885148,0.411789519570728],[109.146074885148,0.411667132632074],[109.146110881412,0.4115447456935],[109.146122712893,0.411525027158344],[109.146082084221,0.411451155946088],[109.146096482367,0.411371965244035],[109.146137500445,0.411339150781259],[109.146168474895,0.411314370861586],[109.14625486467,0.411256777378388],[109.146283212201,0.411221344089825],[109.146341256244,0.411148788585738],[109.146478042228,0.410961609091028],[109.146614827313,0.410860820270663],[109.146845202144,0.410767229623996],[109.146996386274,0.410731234259108],[109.147043503555,0.41074497679924],[109.147169166724,0.410781627769935],[109.14736581608,0.410936876835427],[109.147442737792,0.410997605355231],[109.147521930293,0.411134390439816],[109.147565124731,0.41136476617105],[109.147637117259,0.411652735385465],[109.147653082923,0.411699036981016],[109.147709108888,0.411861512099162],[109.147824296754,0.412019895301962],[109.14793948462,0.412084687858106],[109.148077704123,0.412093326745664],[109.148169860351,0.412099086903363],[109.148313845408,0.412084687858106],[109.148490918321,0.41205604355161],[109.148803392263,0.412005497156027],[109.149019368949,0.411983899037732],[109.149268651127,0.412041025772769],[109.149364931646,0.412063090639151],[109.149652900861,0.412214273869643],[109.149796885018,0.412329461735323],[109.15007765516,0.412459047746875],[109.150351226228,0.412538240247591],[109.150826374937,0.412552638393605],[109.151092746033,0.412502243983396],[109.151231696685,0.412502243983396],[109.151330319039,0.412502243983396],[109.151359118029,0.412502243983396],[109.151474304995,0.412509443056419],[109.151589492861,0.412574235612493],[109.15163988817,0.412610231876703],[109.151920657413,0.412847805781669],[109.151935055558,0.412970192720253],[109.151949453704,0.413056584293998],[109.151920657413,0.413250962861695],[109.151783872328,0.413466940446997],[109.151675884435,0.413618123677505],[109.151631920177,0.413690664792403],[109.151531899378,0.413855697582443],[109.151395114293,0.413985283593977],[109.151301523646,0.414100472358936],[109.151171937635,0.414431636910527],[109.151159695164,0.414535699263178],[109.15115753859,0.414554022949834],[109.15113594227,0.414942781883949],[109.151171937635,0.415050769777228],[109.151243930163,0.415093965114471],[109.151373516175,0.415187554861795],[109.151488704041,0.415540318431],[109.15156069567,0.415641107251341],[109.151683082608,0.415849883964975],[109.151783872328,0.41601546714014],[109.151949453704,0.416159451297679],[109.152050244323,0.416260240118038],[109.152223024773,0.416418623320855],[109.152352610784,0.416490615849268],[109.152496595841,0.416541010259432],[109.152597384662,0.416562608377711],[109.152762966937,0.416584205596662],[109.15292135014,0.416497814922238],[109.153058135225,0.416425823293145],[109.15317332309,0.416310635427527],[109.15324531472,0.416195446662587],[109.153302909102,0.416073059723999],[109.153338905366,0.415900279274529],[109.153439694187,0.415525919385742],[109.153454093232,0.415281144609181],[109.153454093232,0.415120362914471],[109.153367701658,0.41508676604144],[109.153431738784,0.414894654664639],[109.153432495114,0.414892386574418],[109.153482890423,0.414769999635814],[109.153554882052,0.414640413624209],[109.153626873681,0.41459002011339],[109.153770858738,0.414489230393687],[109.153806855002,0.414453234129477],[109.153857250312,0.414402839719345],[109.153914842896,0.41424445741581],[109.154044429807,0.414143666796838],[109.15420281301,0.414107671431968],[109.154247926601,0.414103912265765],[109.154247926601,0.411925989892527],[109.154323111722,0.410096488262356],[109.154500870819,0.407830057311336],[109.154355749019,0.407818105321309],[109.150135386239,0.402391925247172],[109.150596171876,0.40170074589275],[109.150711071059,0.401528397117885],[109.149624064999,0.397232134255658],[109.1556872061,0.394064195006632],[109.155762536012,0.393951199688156],[109.157466021939,0.392659846974406],[109.157306341914,0.392375970574616],[109.157305638644,0.392346426946118],[109.15725010281,0.390013921005655],[109.157232471601,0.389273439917362],[109.157189035246,0.387449094100457],[109.157350863751,0.386882693881262],[109.157194533701,0.382401244421942],[109.15840425765,0.380949574962982],[109.159711258568,0.378887230761165],[109.159708581286,0.3788702722453],[109.160043435756,0.378326132944695],[109.160050251718,0.378316946370015],[109.160619854423,0.377549221219618],[109.161070964254,0.376596877843668],[109.161156895375,0.376354708403133],[109.161221333598,0.37632119966367],[109.16133746845,0.37632119966367],[109.161447573347,0.376147461436208],[109.16214524131,0.375046595923717],[109.162098544013,0.374857685234012],[109.162086585727,0.374809308003192],[109.163307056575,0.372661550690038],[109.164019905994,0.371407097159866],[109.165169507567,0.369384054230746],[109.165571697029,0.368540910584842],[109.166539145365,0.366512767150543],[109.166547634066,0.366494969567215],[109.166682710439,0.366211799135274],[109.167327056698,0.365900363910718],[109.167837591032,0.365718029963147],[109.16784071168,0.365711356993584],[109.167942478962,0.365706330682657],[109.167912106159,0.365659759290508],[109.170388328259,0.364791137401132],[109.170385124874,0.364788895391257],[109.170459461935,0.364726948290056],[109.170553055279,0.364686835828878],[109.170646647725,0.364633354945382],[109.170793722852,0.364579873162634],[109.1709541682,0.364526391379908],[109.170989590721,0.364518519532028],[109.171194834874,0.364472908697839],[109.17151572557,0.364365946031606],[109.17189009805,0.364285722907825],[109.172411543858,0.364205500683334],[109.172638246758,0.364224933234123],[109.172665581651,0.364192129563149],[109.172852768341,0.364111908238049],[109.173013213689,0.364018314893368],[109.173179035184,0.364022679303282],[109.173140233035,0.364152018900596],[109.17340764105,0.364579873162634],[109.173621568181,0.364686835828878],[109.173713049917,0.364558761577638],[109.173808753971,0.364606613604394],[109.17437031224,0.364820540735415],[109.175145796741,0.365168171873682],[109.176001504366,0.365301875880898],[109.177167795557,0.36525427206703],[109.177311805795,0.365248394098156],[109.1793173713,0.364900762959901],[109.18044048604,0.364606613604394],[109.180788118077,0.364526392279234],[109.180895080743,0.364633354945382],[109.181349676346,0.364713577169856],[109.182579754652,0.364686835828878],[109.183702871191,0.364472908697839],[109.18445161525,0.364285722907825],[109.185066655302,0.364312464248877],[109.185120136185,0.364312464248877],[109.185173617968,0.364446169155421],[109.185253841092,0.364499650038827],[109.185660776224,0.364543643074737],[109.185735176238,0.364900762959901],[109.186056066035,0.365194913214712],[109.186831551435,0.365622765678131],[109.187356643994,0.365681110095158],[109.187794221726,0.365729730142942],[109.188596447568,0.365649507019154],[109.189478895635,0.365515803011914],[109.190200899252,0.365301875880898],[109.190842679746,0.364980986083703],[109.190872798041,0.364945848672032],[109.191003125094,0.364793800293688],[109.191350756232,0.364553131821656],[109.191591423805,0.364285722907825],[109.191693727983,0.363953232755536],[109.191742939785,0.363975538640259],[109.191731813372,0.363944777329644],[109.192159666735,0.36319603327033],[109.199560198644,0.365103387411439],[109.199560198644,0.364970957743529],[109.200362423587,0.365221652757104],[109.201111167646,0.365275135439201],[109.202073838837,0.365061208308194],[109.202769102012,0.364740317611618],[109.20308999181,0.364472908697839],[109.20333683143,0.364267210363475],[109.203517846072,0.364312464248877],[109.20367829142,0.364526391379908],[109.203838735869,0.364900762959901],[109.203892217652,0.365328617221965],[109.204052663,0.366184323947433],[109.204287339289,0.367029158768727],[109.205088870855,0.367340865588521],[109.205730651349,0.367447830053384],[109.206479395408,0.367447830053384],[109.206563264383,0.367423866718127],[109.206661759932,0.367705282572772],[109.231551429255,0.364437913379049],[109.238301524696,0.375671281204672],[109.238467528754,0.37594754214539],[109.238508114258,0.375968716682941],[109.238508114258,0.375114100835099],[109.240117076942,0.373397874212574],[109.241311705771,0.372501902141095],[109.239488834842,0.370199329235707],[109.239880096589,0.368396120184845],[109.240006177943,0.368445966008551],[109.240042539332,0.368452382671345],[109.24049844075,0.36682165729369],[109.240513090707,0.366840740907493],[109.241128044424,0.365649271396799],[109.242262361119,0.364602208724987],[109.24351056616,0.363853285700578],[109.244407645297,0.363315038758052],[109.245149335973,0.362744507952751],[109.245252930678,0.362664819026244],[109.24505122983,0.362349660608393],[109.244943965891,0.361277019418927],[109.24505122983,0.360097113391125],[109.245942746661,0.359057009673273],[109.245138872361,0.357746990631121],[109.244703040213,0.357420116745066],[109.244703040213,0.356615635403277],[109.245090330554,0.355727145691277],[109.244703040213,0.355113936658858],[109.245103126109,0.353593612954908],[109.24497120096,0.353183181258826],[109.244649408244,0.350823369203143],[109.245507521555,0.348999876842874],[109.245711975228,0.348284290787422],[109.246058039747,0.347073064969994],[109.246269098041,0.346334361841402],[109.246365635765,0.345996480253402],[109.247170117107,0.345111550058029],[109.247821363865,0.344395177995131],[109.248510919943,0.343636667298426],[109.250598569269,0.3418969593772],[109.249059009066,0.341269730813451],[109.249034790323,0.341075979972567],[109.248828919319,0.3394290128387],[109.249176757301,0.339163018558493],[109.250700632428,0.337997703131519],[109.252705301309,0.33646472057045],[109.253110862277,0.336059161401235],[109.254106099717,0.335063923061616],[109.254295148902,0.334496773707178],[109.253654084269,0.334609903024673],[109.253127419695,0.334425570783535],[109.252995753551,0.333925240157764],[109.252807164819,0.333698932959465],[109.253136414714,0.333534309360911],[109.250939791838,0.330154888237507],[109.249179045177,0.331266938618403],[109.249203769338,0.331186584193572],[109.249069079674,0.330994754304522],[109.248334773331,0.329948922804587],[109.248413773377,0.329343259084169],[109.247580538012,0.3279406467435],[109.247518443421,0.327954180640972],[109.247507277439,0.327935722955312],[109.247348029988,0.328023932958138],[109.245905850175,0.328431629815868],[109.245828123569,0.328453602951469],[109.243594990916,0.329084898249481],[109.242723569437,0.329429704617207],[109.241294597068,0.326095436655114],[109.241105080235,0.326167877945239],[109.241104547837,0.326168369874411],[109.241073784728,0.326197664390723],[109.240947212344,0.326318193329985],[109.240877803568,0.326384287205135],[109.240877751407,0.326384344761775],[109.240324208795,0.327081563063757],[109.240309723415,0.327137850731253],[109.239908948639,0.327436100995328],[109.238584895676,0.327894930606578],[109.238519782062,0.327947952835818],[109.23848383616,0.327944780926933],[109.238426897384,0.327960763678328],[109.238294552252,0.327988997894003],[109.238084565051,0.328039763724156],[109.238070678619,0.328036758189891],[109.237933148896,0.328066096772977],[109.237557901376,0.328052930698218],[109.237477683648,0.328044702800865],[109.237376457757,0.328034321027127],[109.237044402877,0.328000263701262],[109.236743733437,0.327960505572944],[109.236247822979,0.327894930606578],[109.23619298322,0.327866627143187],[109.234898244558,0.327993680663879],[109.233268556998,0.328360630139007],[109.233237729138,0.32836757200588],[109.232910087231,0.328441346091312],[109.232854543303,0.328485396683731],[109.232593150853,0.328547746681237],[109.232489173936,0.328572549083906],[109.23237683872,0.328599345283553],[109.232356352164,0.328618159100787],[109.232179340404,0.328665178355324],[109.230553262723,0.329442008242154],[109.23048289527,0.329478598958224],[109.229901522237,0.329584304372167],[109.229726422436,0.329642670373005],[109.229317855934,0.329759403273889],[109.228734189631,0.329759403273889],[109.228383990929,0.329759403273889],[109.227625224824,0.329701037273079],[109.227216659221,0.329642670373005],[109.227182880686,0.329625781104944],[109.227026693627,0.329636479440011],[109.226813495846,0.329606959193883],[109.226678259394,0.329588234409511],[109.226037923212,0.32949957204766],[109.226042230065,0.329481805041307],[109.225839155952,0.329431817124722],[109.225839119979,0.32943180813146],[109.225338086084,0.328663679185463],[109.224763648623,0.327758941422084],[109.224508171915,0.327372301290722],[109.224497216374,0.327374552293807],[109.223540248684,0.325907439676632],[109.223494777162,0.325837726929593],[109.222958165187,0.3253572866095],[109.222404811433,0.324861858188228],[109.221081855643,0.32367738900035],[109.219861790389,0.323514709736111],[109.218850400226,0.323033100297377],[109.218224310204,0.322455169870238],[109.217819680034,0.322217149901551],[109.217405564715,0.321973549639665],[109.216346020353,0.321491940200908],[109.215479109873,0.320528709632303],[109.214419560115,0.319372839784756],[109.213898260896,0.318636887682255],[109.213633429439,0.318263006232828],[109.21361245635,0.318233396953756],[109.213600820022,0.318216969937266],[109.212733920334,0.318024329759041],[109.208800479958,0.314718639553631],[109.208097952958,0.313718498110226],[109.207795676429,0.312711197164049],[109.207352782805,0.311397448633387],[109.206938943577,0.310603877866698],[109.206517048223,0.309760086258999],[109.205113461917,0.306553521128134],[109.204849794183,0.305951157020313],[109.204779620083,0.305179232935281],[109.204621619992,0.30438923697375],[109.204627688617,0.304286073943222],[109.204651661845,0.303878524574309],[109.204651976607,0.303873175406756],[109.204632333615,0.303879598364799],[109.204328218872,0.303924765915244],[109.204019997825,0.303953510046485],[109.203771316393,0.303953510046485],[109.203697404712,0.303986358683568],[109.203640945274,0.30396172175608],[109.203579351606,0.303960695629632],[109.203289608029,0.303985332557095],[109.20306890001,0.304006890205844],[109.202875909096,0.303867280350745],[109.202398564242,0.303475138167112],[109.202201467024,0.303331421108202],[109.202082386893,0.303177439187488],[109.201950988747,0.302968023055858],[109.201819590602,0.302717544778936],[109.201696405065,0.302614889865303],[109.201573218629,0.302540979082945],[109.201392546629,0.302458854792326],[109.201157467443,0.302329509799104],[109.200849502702,0.30210366934893],[109.200410139816,0.301748483006097],[109.200225360612,0.301604766846538],[109.200031342672,0.301471314649502],[109.199813714831,0.301302960663153],[109.199578635646,0.301120236409811],[109.199117715111,0.300824589683087],[109.198629078369,0.300606961841877],[109.198197928092,0.300467351087434],[109.198014945733,0.30046837811318],[109.197739574222,0.300478642975052],[109.197464201811,0.300487881710416],[109.197219626685,0.300491988014868],[109.197090281691,0.300498146572242],[109.196848785843,0.3004745366706],[109.1960419186,0.300371369143419],[109.195908210995,0.300314138986385],[109.195802121571,0.300275980751957],[109.195766932898,0.300263323693465],[109.195554822397,0.300177608409945],[109.195488994721,0.300191466063379],[109.195313355327,0.300281633890329],[109.195009596716,0.30013551923889],[109.194853560743,0.300176581384161],[109.194672888743,0.299946633730177],[109.194615402279,0.299790598657232],[109.194418305061,0.299856297730001],[109.193999472798,0.299609925757525],[109.193876287261,0.29942925375712],[109.19371203868,0.299363554684363],[109.193670977434,0.299260899770732],[109.19338764962,0.299244474552884],[109.193238800131,0.299096652088849],[109.193144357826,0.298952935029976],[109.193000640767,0.298772263029544],[109.193132038913,0.298620334261048],[109.193132038913,0.298501254129632],[109.192939047999,0.298501254129632],[109.192836393085,0.298357537070724],[109.192639295867,0.298059838091093],[109.192376499576,0.298092687627487],[109.192146552821,0.297912014727713],[109.192195826676,0.297131837564274],[109.192228677112,0.296951165563888],[109.192869866751,0.296630570744295],[109.190164217705,0.293151878856175],[109.189914270028,0.293065358679425],[109.189374335058,0.293065358679425],[109.182840248679,0.294253374793443],[109.17893127256,0.293364971416314],[109.179012558683,0.293500447987355],[109.179433891061,0.294290444848156],[109.179539224156,0.29523844090136],[109.179486557159,0.2962917700492],[109.179433891061,0.29824042915252],[109.179272365627,0.299177273612311],[109.179170558774,0.29976775587727],[109.179012558683,0.30140041569666],[109.178801894292,0.302137745560576],[109.178622966976,0.302396196327439],[109.178327895816,0.302822410226072],[109.17743256586,0.303717739282258],[109.176484569807,0.304349736950829],[109.175325907565,0.30487640062546],[109.174851909988,0.304941036699501],[109.174851909988,0.305044839148084],[109.174851909988,0.305192399909398],[109.174219913218,0.305719063583976],[109.173219250168,0.306930392823401],[109.171849921737,0.309247717308375],[109.170691260393,0.310827710130754],[109.169216599766,0.312091704568542],[109.167215274565,0.312776369234077],[109.165845947033,0.312565703044793],[109.164318620308,0.311723040086264],[109.163791955734,0.310775044033106],[109.163581290444,0.309932380175247],[109.163396516636,0.309538197429904],[109.162791292684,0.308247054258168],[109.161421965152,0.308247054258168],[109.160390371718,0.308604673267095],[109.157459025214,0.307158541833305],[109.155172870332,0.306233608893987],[109.154895966376,0.306667912194421],[109.154889130629,0.306678632113228],[109.154718545425,0.306594665111727],[109.154288753123,0.306383108593623],[109.154268996817,0.306373385123665],[109.154253657081,0.306365834415771],[109.154236980053,0.306395853785658],[109.154235658949,0.306398230693831],[109.154223060346,0.306439625588316],[109.15421406083,0.306484621368188],[109.154197863141,0.306536816221124],[109.154187064082,0.306594409704309],[109.154185263639,0.306630405968514],[109.15415286826,0.306704198040328],[109.154140268758,0.306723995715857],[109.154124071069,0.306788789171312],[109.15411520825,0.306831329802071],[109.154108772702,0.306840983124916],[109.15409077457,0.306945371931412],[109.154087475856,0.306971766134146],[109.15407997641,0.307031762605787],[109.154064411843,0.307062889940455],[109.154051179219,0.307089356088973],[109.15397918669,0.307175746763326],[109.153907194162,0.30723334114583],[109.153873172809,0.307279732673573],[109.15382800256,0.307341329039153],[109.15378652313,0.307388734102851],[109.15377760815,0.307398923421602],[109.153705615622,0.307485314096028],[109.153648022139,0.307521310360238],[109.153597626829,0.307571704770372],[109.153584964375,0.307616026058771],[109.153583228683,0.3076220991806],[109.153581777177,0.307624762073137],[109.153540034245,0.307701290781987],[109.153504037981,0.307780482383407],[109.153446443599,0.307881271203767],[109.15337445107,0.307946064659178],[109.153354312551,0.307976271088085],[109.153216067867,0.308183638564115],[109.153078800746,0.308242466816457],[109.152964094917,0.308291627356763],[109.152928098653,0.308370818958157],[109.152927270377,0.308404827720661],[109.152924762168,0.308507664297332],[109.152921809694,0.308628689662309],[109.15292089958,0.308665987245522],[109.152871938689,0.308723108584609],[109.152807880879,0.308797843146003],[109.152763236734,0.30884992918095],[109.15274811913,0.308867565785575],[109.152740919158,0.308874764858559],[109.152676125703,0.30896115643224],[109.152647329411,0.308982752751868],[109.152632930365,0.30899955208769],[109.152560938736,0.309083541572249],[109.152510544326,0.309155534999975],[109.152474548062,0.309234725702079],[109.152424152753,0.309292320084559],[109.152395355561,0.30933551542175],[109.152380958315,0.309393108904866],[109.152380958315,0.309472301405595],[109.152388157388,0.30957309022597],[109.152380958315,0.309673879046312],[109.152380958315,0.309717074383508],[109.152380958315,0.30974587067545],[109.152376458107,0.309759371298013],[109.152330563005,0.309897054805254],[109.152323363932,0.309925851996517],[109.152307838936,0.309959490238327],[109.15198058014,0.310071832648979],[109.151984179227,0.310149218411744],[109.151918346155,0.310373049776501],[109.151655013868,0.310728549083306],[109.151128349294,0.311228879709055],[109.150641183844,0.311742378208238],[109.150075020146,0.312097876615761],[109.149680021716,0.312427041974437],[109.149029508142,0.31268724740391],[109.14869252564,0.312822040404903],[109.147810362658,0.312914207424779],[109.147138865866,0.31290103955136],[109.146704367413,0.312848374353051],[109.146467368175,0.312795707356027]]]]},"properties":{"gid":527,"luas":138.21117774608203,"idkec":"6104091","kdkab":"04","kdkec":"091","nmkab":"MEMPAWAH","nmkec":"ANJONGAN","kdprov":"61","nmprov":"KALIMANTAN BARAT","sumber":"BPS","periode":"2023_1"}},{"id":528,"type":"Feature","geometry":{"type":"MultiPolygon","coordinates":[[[[108.607951242356,0.121274419778671],[108.605589989586,0.120034762794093],[108.603523896111,0.119503482000115],[108.599686862159,0.121156356780465],[108.600100080854,0.129007518282352],[108.603464863713,0.135619021001027],[108.608305428653,0.140341522943],[108.610489586925,0.138393490667104],[108.611316024315,0.131250706255119],[108.61090280562,0.125760796623524],[108.61013539883,0.124166953342296],[108.607951242356,0.121274419778671]]],[[[108.936928927828,0.320935462201868],[108.936545753684,0.321143014938214],[108.936120231364,0.321213934575468],[108.93558832644,0.320965712697532],[108.935304644294,0.320788412255443],[108.935296178076,0.320782484823836],[108.934950040712,0.320540190377503],[108.934701818834,0.32015012742647],[108.9339571532,0.320114666258895],[108.933531629981,0.320291967600244],[108.932786964347,0.320717490819615],[108.932219600055,0.321107553770598],[108.93069480672,0.32160399842581],[108.929985602254,0.321923140840325],[108.929382776794,0.322135903349308],[108.928921793306,0.32224228325481],[108.928425348651,0.322206822986508],[108.928212587941,0.322667807373476],[108.927538841944,0.323199711397568],[108.926404113359,0.323625233717595],[108.925730368262,0.323837996226591],[108.925092083433,0.324618122128682],[108.924666559314,0.325185487320406],[108.9243474169,0.325433709198359],[108.923673671803,0.325469168567318],[108.92331906912,0.325611009640437],[108.923070847242,0.325823772149419],[108.92271624366,0.32607199402736],[108.922255260172,0.326355676173572],[108.921829736953,0.32653297841424],[108.92168789588,0.326958500734292],[108.921581515075,0.327135802075646],[108.921120530688,0.327313104316371],[108.920624086932,0.327384023953589],[108.920695008368,0.327845008340487],[108.920198563713,0.3280577699502],[108.919773039594,0.328128689587399],[108.919489358347,0.328837895852244],[108.919312057006,0.329015197193655],[108.918851072619,0.328908817288155],[108.918567391372,0.329263419071573],[108.918390089131,0.329724402559175],[108.918638311009,0.329901703900589],[108.918638311009,0.330220847214353],[108.918425550299,0.330362688287467],[108.91839239859,0.330478716119896],[108.918354628863,0.330610910165407],[108.918319168595,0.331071893653002],[108.918425550299,0.331071893653002],[108.918567391372,0.331249194994431],[108.91902837486,0.331781099018535],[108.919170215933,0.332525764652355],[108.919134754765,0.333164050380668],[108.918886532887,0.333766874941378],[108.918496469936,0.334405159770372],[108.91830183776,0.334794425922032],[108.918070946717,0.335256207108311],[108.917822724839,0.33571719059591],[108.917727795102,0.33587540832349],[108.917751804302,0.33602746839302],[108.917672019148,0.336231365385205],[108.917530178075,0.336382071075772],[108.917406067136,0.336532776766264],[108.917326281083,0.336683483356104],[108.917211034761,0.336772134026813],[108.916989407635,0.336958300884921],[108.916980428804,0.336972994907849],[108.916891892347,0.337117872092165],[108.916847566562,0.337295173433571],[108.916767781408,0.337428148989941],[108.916617074818,0.337454744640792],[108.916519560429,0.337516799660649],[108.916342258189,0.337596585713929],[108.91630679792,0.337711832035495],[108.916280203169,0.337933458262506],[108.91621814725,0.338110759603918],[108.916191551599,0.338358982381178],[108.916200417116,0.33854514833996],[108.916207696228,0.338582867705212],[108.915988187005,0.338735569890668],[108.915983222748,0.33875790994961],[108.915938896963,0.338899751022706],[108.91588570656,0.33908591788088],[108.91588570656,0.33928981397378],[108.915859111809,0.339440519664315],[108.915912302211,0.339733068226544],[108.915938896963,0.339857179165499],[108.91597435813,0.340034479607594],[108.915850247191,0.340131995794971],[108.915832517057,0.340185186197453],[108.915602025313,0.340185186197453],[108.915504509126,0.340282702384833],[108.915477914374,0.340397947807106],[108.915380398187,0.340495463994475],[108.915361996259,0.340581341156],[108.915353803435,0.340619574933493],[108.915336073301,0.340717091120895],[108.915335820592,0.340717969758542],[108.915300612134,0.340841202059896],[108.915229691597,0.341009637884548],[108.915211962362,0.341169209091766],[108.915300612134,0.341275589896608],[108.915361938703,0.341300120704037],[108.915344937919,0.341355375949887],[108.915114446175,0.341435161103817],[108.914954874968,0.341479486888824],[108.914892819048,0.341559272042834],[108.91485735878,0.341754304417635],[108.914804168378,0.34181635943747],[108.914626867036,0.341913874725601],[108.9145559456,0.342082311449591],[108.914511620715,0.34218869225439],[108.914422970044,0.342410319380808],[108.914352050407,0.342578755205414],[108.914272264354,0.34276492206357],[108.914201343817,0.34296881905577],[108.914174748166,0.343119524746329],[108.914112693146,0.343314556221851],[108.914059501845,0.343536183348222],[108.913979716691,0.343740080340467],[108.913944257322,0.34396170566822],[108.913899930637,0.344236524096338],[108.913882201403,0.344511340725824],[108.91391120274,0.344563858435359],[108.913899930637,0.344573395745659],[108.913811279967,0.344821617623593],[108.913793549833,0.345140760937396],[108.913704900061,0.345371252681224],[108.91361624939,0.345832236168802],[108.91343894715,0.346080458046741],[108.913492137552,0.346399601360594],[108.913492137552,0.346701012741615],[108.913563058089,0.346860584848151],[108.913740360329,0.347144266994322],[108.913846741134,0.347232917665048],[108.913917660772,0.347516599811261],[108.913917660772,0.347640710750234],[108.913917660772,0.347853472359921],[108.913953121939,0.34810169423786],[108.914006312341,0.348332185981616],[108.914148153415,0.348775440234424],[108.914467295829,0.348793170368538],[108.9145559456,0.348775440234424],[108.915034660122,0.348722248932691],[108.91537153267,0.348669059429579],[108.91546018424,0.348509488222356],[108.915406992938,0.348296725713387],[108.915300612134,0.348190344908498],[108.915353803435,0.34799531433236],[108.91546018424,0.34799531433236],[108.915726136252,0.34810169423786],[108.915814786024,0.348367647149247],[108.915832517057,0.34861586902717],[108.916027547633,0.348544947591258],[108.916222580008,0.34842083665234],[108.91639988135,0.348278995579206],[108.91691405524,0.348083964103692],[108.916961594302,0.348068118049236],[108.917174575346,0.347997123768299],[108.917180007252,0.34799531433236],[108.917250927788,0.34799531433236],[108.917375038727,0.348172614774402],[108.917587801236,0.34842083665234],[108.917906942751,0.348598137993738],[108.918155164629,0.348651329295467],[108.918492038077,0.348775440234424],[108.918655881064,0.348869065055342],[108.918740259955,0.348917281307535],[108.918988481833,0.348952740676491],[108.919130322906,0.348988200944725],[108.919309861761,0.349043443600058],[108.919342924437,0.349053616731055],[108.919284481993,0.349201672119513],[108.919275900662,0.349266029403799],[108.919449465321,0.349218692688566],[108.919449465321,0.349289614124392],[108.91966222693,0.34944918533169],[108.919857259305,0.349679677075466],[108.919928178942,0.349998820389296],[108.92017640082,0.350140660563051],[108.920442352832,0.350317961904443],[108.920814685649,0.350619374184813],[108.921045178292,0.350832135794446],[108.921346589673,0.351151279108298],[108.921422254134,0.351267682857332],[108.921349051118,0.351340214079643],[108.925196048659,0.354168888583367],[108.927080051004,0.356114865009036],[108.932770770255,0.361992779043586],[108.933079707163,0.362311878290601],[108.933054841808,0.362374040329745],[108.933026128253,0.362460180093309],[108.932997414699,0.362517606302549],[108.932991671628,0.362575033411135],[108.932980187286,0.362649687932768],[108.932997414699,0.362689885829636],[108.933043355666,0.362678400587731],[108.933077812291,0.362707114142031],[108.93307207012,0.362741569867577],[108.933106524946,0.362810482218018],[108.933140980672,0.362850681014145],[108.933152466813,0.362867909326603],[108.933181180367,0.362885135840366],[108.933296032786,0.362925334636524],[108.933319004169,0.362959791261387],[108.933353459894,0.362999990057499],[108.933382173449,0.363034445783112],[108.93338791562,0.363074643679893],[108.933376430378,0.363080386750481],[108.933399400862,0.363120584647314],[108.933428114416,0.363143556030288],[108.933428114416,0.363166527413348],[108.933445341829,0.36318375482648],[108.933468313212,0.36318375482648],[108.933497025867,0.36318375482648],[108.933537224663,0.363206725310181],[108.933583165631,0.363241181035731],[108.933594650872,0.363338806041099],[108.933669306293,0.363287122003099],[108.933703762019,0.363269894590008],[108.933743959916,0.363292865073732],[108.933824358408,0.363333063869819],[108.933864556304,0.363384747907843],[108.933870299375,0.3634651446008],[108.933853071063,0.363493858155102],[108.933766931299,0.363470887671363],[108.933755446057,0.363493858155102],[108.933761188228,0.363528313880627],[108.933789901783,0.363551285263646],[108.933824358408,0.363568512676733],[108.933876042446,0.363585740989206],[108.933914644945,0.363580226346411],[108.93391254233,0.363585483783084],[108.933887237206,0.363588461438386],[108.933868964781,0.363612824971942],[108.933868964781,0.363646324718141],[108.933878100994,0.363688960677051],[108.93391160074,0.36373768774414],[108.934030374202,0.363947824232758],[108.934112601016,0.364036143053624],[108.934213101154,0.364179279150433],[108.934280100646,0.364234097325754],[108.934316646396,0.364282824392872],[108.934362328359,0.364307187926423],[108.934371464571,0.36432241524733],[108.934401919213,0.364355914993559],[108.934438464963,0.364398551851703],[108.934465873601,0.364438142706146],[108.934493283139,0.364483823769493],[108.934514600668,0.364489914877703],[108.934572464848,0.364480778665047],[108.934554192422,0.364432051597909],[108.934517645773,0.364438142706146],[108.934490237135,0.36438027942641],[108.934490237135,0.364374188318189],[108.934538965101,0.364395505847932],[108.934548101314,0.364419870280804],[108.934578555056,0.364438142706146],[108.934587692168,0.364447278918805],[108.934666873877,0.364462506239699],[108.934738211699,0.364531707272529],[108.934759688409,0.36456034078714],[108.934752528906,0.364600907405986],[108.934726281293,0.364550797181611],[108.934711964086,0.364538865875976],[108.934676171069,0.364531707272529],[108.934673785167,0.364557954885747],[108.934654696157,0.364579430696216],[108.93463799215,0.364565114388531],[108.934609357736,0.364562727587835],[108.934585496024,0.364584203398286],[108.934599813231,0.364610451011572],[108.934690488276,0.364727374568696],[108.934771618815,0.364806119207042],[108.934850362554,0.364901566953767],[108.934890929173,0.364925428665632],[108.934895700976,0.364951677178216],[108.93490524638,0.36498985609705],[108.934967287011,0.364994628799136],[108.93502694174,0.364992241998421],[108.93500546593,0.364925428665632],[108.935053190253,0.364951677178216],[108.935062734757,0.364965994385136],[108.935120002686,0.365032807717964],[108.935112844982,0.365056670329116],[108.935048416651,0.365059056230506],[108.935019783137,0.365035193619342],[108.935007851831,0.365094849247953],[108.935053190253,0.365147345373709],[108.935079437866,0.36518791019393],[108.935096140974,0.365204613302276],[108.935110458181,0.365144958573013],[108.935127162189,0.365121096861169],[108.935136705794,0.365109165555567],[108.935193974622,0.36511155235631],[108.935329988088,0.365297675147624],[108.935380098313,0.3653716470839],[108.935392028719,0.365419371406891],[108.935399188222,0.365462322128505],[108.935434981239,0.365510045552161],[108.935454070249,0.365550611271707],[108.935458842951,0.365591176991247],[108.935489863267,0.365603108296847],[108.93551611088,0.365636513614276],[108.9355566757,0.365739120863778],[108.9355566757,0.365751052169344],[108.935568607006,0.365762982575631],[108.935590082816,0.365805934196549],[108.935633035336,0.365836955411226],[108.935673600157,0.365870360728596],[108.935690303265,0.365867974827203],[108.935704619573,0.365846499016735],[108.935690303265,0.365794002890995],[108.935728482184,0.365808320097926],[108.935754729797,0.365846499016735],[108.935769047903,0.365867974827203],[108.9357618893,0.365887064736282],[108.935749957994,0.365944332664873],[108.935790522814,0.365968195276001],[108.935835861236,0.36595387806909],[108.935857337046,0.365932402258578],[108.935885970561,0.365925243655111],[108.935916991776,0.365944332664873],[108.935933694884,0.365958649871858],[108.936016689718,0.366070158610961],[108.936109594182,0.366150766644615],[108.937312188307,0.368323635727279],[108.937287771713,0.368689879234561],[108.939603719336,0.371874306653978],[108.940686512972,0.373363148690425],[108.941034111735,0.375217007558869],[108.94117056407,0.375593874757532],[108.941845175215,0.377457086575305],[108.941944937009,0.377414763580536],[108.94205587378,0.377554184577986],[108.942104125105,0.377769120748361],[108.942168917662,0.377992297406643],[108.942262508308,0.378309062912989],[108.942320101791,0.378525039598949],[108.94239209432,0.378741017184264],[108.942435288758,0.378906598560718],[108.942478484994,0.379136974291955],[108.942536077578,0.379302556567763],[108.942579273815,0.379410545360432],[108.942636868197,0.379511334180788],[108.942636868197,0.379590525782188],[108.94263642663,0.379592289352713],[108.942680062635,0.379655319237652],[108.942683912633,0.379657096297969],[108.942717859342,0.379775905733539],[108.942890639791,0.380150265622297],[108.942923177263,0.380215338766895],[108.942946888788,0.380262762716348],[108.942946888788,0.380413491789273],[108.942922536946,0.380424560644999],[108.943004028114,0.380526425054517],[108.943176810362,0.38147672337215],[108.943407185193,0.382081458092848],[108.943424266017,0.382154053167087],[108.943522373059,0.382571005847277],[108.943896732049,0.384126038885639],[108.944242294746,0.385450697092021],[108.944348208803,0.385903237744284],[108.944559061152,0.386804150691038],[108.944904623849,0.388042419122368],[108.945019811715,0.389511060587018],[108.945019811715,0.389683841935776],[108.945065698723,0.390070600777683],[108.945422968795,0.3930818781262],[108.945479612594,0.393742726945336],[108.94550935857,0.39408976992701],[108.945624547335,0.395270443076535],[108.945624547335,0.395990365662898],[108.945480562278,0.396796678923631],[108.945365375312,0.397343820161211],[108.945380811275,0.397583075798368],[108.945422968795,0.398236524995697],[108.945422968795,0.399042838256415],[108.945451765986,0.399474791628387],[108.945451765986,0.400338699271628],[108.945451765986,0.400741856351653],[108.945422968795,0.401432981746774],[108.945394171604,0.401836137927479],[108.945394171604,0.402124107141879],[108.945451765986,0.402469669839418],[108.945466677645,0.402603883762257],[108.945471509703,0.402604720131768],[108.945496890369,0.402661220039309],[108.945508899916,0.402723109583866],[108.945511550218,0.402807879679933],[108.945513375842,0.402855160637216],[108.945482861845,0.402851461725613],[108.945529696738,0.403093441409226],[108.945530417095,0.403093499865156],[108.945547282082,0.403186255041693],[108.945538155761,0.403188992578014],[108.945538155761,0.403218389617025],[108.945471273181,0.403233252712483],[108.945595750144,0.403419968157016],[108.945653343627,0.403995905686538],[108.945826124976,0.404773422655353],[108.945874010277,0.405419870630565],[108.945883719358,0.405550939624201],[108.94591251565,0.406155675244292],[108.946027704415,0.406616424908121],[108.946114095089,0.407105972662575],[108.946171687673,0.407451536259409],[108.946172880174,0.407455708214384],[108.946229282056,0.407653113900128],[108.946255567441,0.409190788224351],[108.946276609778,0.410421818012546],[108.946286876438,0.411022351999973],[108.94651725127,0.411684681103221],[108.94651725127,0.412404603689536],[108.946402064304,0.413671668412781],[108.946373267113,0.414276403133557],[108.946330070876,0.415673052969042],[108.946358868067,0.416450569937927],[108.946373267113,0.417040905613363],[108.94641646155,0.417314476681779],[108.94641646155,0.417543007903524],[108.946423370142,0.417550311297879],[108.946389519661,0.417922664799139],[108.946404807236,0.417920186267627],[108.946404807236,0.418380994387396],[108.94639453518,0.418420372102551],[108.946400166734,0.418688826028521],[108.946400166734,0.418914170952289],[108.946400166734,0.418952890363639],[108.946400166734,0.419169910263178],[108.946400166734,0.419485476973254],[108.946400166734,0.420079484580575],[108.946400166734,0.420246548939132],[108.946400166734,0.420506427829426],[108.946381603828,0.420673493087295],[108.946381603828,0.420747743813341],[108.946325916008,0.420933371078244],[108.946325916008,0.421118998343155],[108.946325916008,0.421341751420759],[108.946325916008,0.421490252872897],[108.946325916008,0.42160163031105],[108.946344478015,0.421731568856843],[108.946418728741,0.422102824285944],[108.946510078277,0.422376869297127],[108.946470764414,0.422408318589078],[108.946381047148,0.423604550009996],[108.946367682323,0.423782751572788],[108.946256304885,0.424228257727957],[108.946033551807,0.425119270038332],[108.946014414234,0.425325963022818],[108.945915878215,0.426390155081656],[108.945847925441,0.42712404593798],[108.945773673816,0.428534815129646],[108.945662298177,0.430391088677805],[108.945524792735,0.431130176716353],[108.94548548067,0.431341478726325],[108.945365294373,0.43198748513434],[108.94469703514,0.434177889198286],[108.944548532789,0.435291653686922],[108.944251528985,0.435885662193561],[108.943546144839,0.439338332198298],[108.943499247892,0.439341682172935],[108.943457270237,0.439445409977738],[108.943448199675,0.439467800398748],[108.943408080019,0.439573739636435],[108.943372140412,0.439670430246218],[108.943343720037,0.439758710396212],[108.943260959925,0.43999411963293],[108.943141430133,0.440318659778347],[108.943102979619,0.440435530275525],[108.943059529774,0.440514559998973],[108.943026100174,0.44057760966897],[108.942993509643,0.440628889911409],[108.942943390425,0.440646540005842],[108.942919169884,0.440649050013675],[108.942857360379,0.440626330440854],[108.942808090121,0.440601090068307],[108.9427746902,0.440576699555096],[108.942740450312,0.440564920234904],[108.942712049721,0.440560709609084],[108.942685320072,0.440559019782989],[108.942668619661,0.440559849857202],[108.942651070291,0.440563209724393],[108.942643560052,0.440570780217401],[108.942593410258,0.440693529582731],[108.94229750003,0.441526729874731],[108.942055930437,0.442176640239761],[108.941775230443,0.442973230030565],[108.941411175885,0.443886024820236],[108.941375140051,0.443976379706196],[108.941230949948,0.444330680216753],[108.941011140352,0.444835969704283],[108.940694409919,0.445431200389637],[108.940419479975,0.445920499931139],[108.940274889674,0.446249239910509],[108.94006282414,0.446737694089338],[108.940031050193,0.446810880018106],[108.939779870445,0.447319749706708],[108.939485409924,0.447971560339287],[108.938992360209,0.449063534254771],[108.939050691137,0.449046868018563],[108.939139340908,0.449064599052065],[108.939173677923,0.449105373414286],[108.939302966259,0.449113328817126],[108.940095564858,0.449365129996787],[108.940131419929,0.449376520809838],[108.940506956131,0.449495823973164],[108.940594862163,0.449551879615627],[108.940610942941,0.449556610049566],[108.940639270686,0.449574315002655],[108.940659462264,0.449586934289625],[108.940717323746,0.449623097827724],[108.940783812423,0.44966299085439],[108.94085473206,0.449716181256805],[108.940934518114,0.44975607428347],[108.941009871408,0.449800399169117],[108.941037852015,0.449812990577134],[108.941531632879,0.450167023089701],[108.94153675092,0.450170692323635],[108.942506362179,0.450517259563927],[108.942780193152,0.450869328856443],[108.9433462894,0.451040647907605],[108.943699058365,0.451147407327005],[108.943771202879,0.451169240168329],[108.943923332196,0.451425685447072],[108.944223818175,0.451507636168521],[108.944401449567,0.45155608084849],[108.944531845868,0.451669090556146],[108.944757866183,0.451651704862334],[108.94517297885,0.451826240788405],[108.945522855595,0.451973349190781],[108.94574887591,0.451973349190781],[108.946000974765,0.452329764007459],[108.946270460214,0.452216754299798],[108.946531251916,0.452364537193656],[108.947009370186,0.452260220332964],[108.947304935075,0.45248623974822],[108.947730895365,0.452500366298921],[108.948169894925,0.452378662845034],[108.94830463675,0.452274345984313],[108.948613240908,0.452374316421633],[108.948730597939,0.452387355691936],[108.948843607646,0.452522098416173],[108.949052241368,0.45275681067829],[108.949226102802,0.452839395421785],[108.949517320368,0.45280896955834],[108.949652063092,0.452869821285276],[108.949848434558,0.453194590757764],[108.94985231873,0.453195420832059],[108.950151676958,0.453039506268233],[108.950212481021,0.453045367150025],[108.950799553956,0.453101951593846],[108.951049337957,0.453070728931031],[108.951525519087,0.4530035747552],[108.951658186176,0.452984866158712],[108.951962610286,0.453000476590773],[108.952235811733,0.452953642596577],[108.952524623613,0.452930226049151],[108.952829048622,0.453070728931031],[108.953055415175,0.453211232712252],[108.953058859579,0.453213506198388],[108.953445702957,0.453468821928656],[108.953742320951,0.453640549271997],[108.954273111615,0.453749828591751],[108.954686816843,0.453796664384581],[108.955030269731,0.453890333272279],[108.9557640113,0.453890333272279],[108.955768828069,0.453893380175421],[108.956146492067,0.454132311157299],[108.956396276067,0.45431964893271],[108.956630448736,0.454389901272956],[108.956833397843,0.45439770558971],[108.956997319071,0.454460151814599],[108.95707168581,0.454515119277384],[108.957176850731,0.45448357016067],[108.957403218184,0.454428929151788],[108.957723253625,0.454452346598542],[108.957980843741,0.454522598039483],[108.958191598963,0.454546016385612],[108.958347714076,0.454592850379816],[108.958722389627,0.454717741930245],[108.958925338733,0.454803604702627],[108.959066542187,0.454883620083017],[108.959159512302,0.454936303267838],[108.959170895021,0.454935410241038],[108.959557605299,0.454905079705718],[108.959799583184,0.45486605092754],[108.960033755853,0.45485043959615],[108.960314763416,0.454889469273606],[108.960542716373,0.454970355197763],[108.960556741301,0.454975332045993],[108.960759690407,0.455045584386238],[108.960845554079,0.455178281152808],[108.960862601628,0.455289663986821],[108.961235840961,0.45525633870909],[108.961751021193,0.455287562271228],[108.961923980607,0.455309181973235],[108.962000805193,0.455318784934012],[108.962418504311,0.45534409995031],[108.962515983626,0.455350007596848],[108.962906272307,0.455443677383848],[108.963702458302,0.455615402928565],[108.964264471628,0.45570907181628],[108.964747304145,0.455795982298811],[108.965045047191,0.455849575597485],[108.965466557636,0.455880799159619],[108.966247132299,0.456161805822722],[108.966528138963,0.456224252047665],[108.966934038075,0.456302308704585],[108.96748044097,0.456458423817234],[108.967976504312,0.456579087654796],[108.968058065627,0.45659892759846],[108.968741884031,0.456723258871367],[108.968744972303,0.456723820048297],[108.969478712972,0.456942381385804],[108.969900223417,0.457020438042809],[108.970321733861,0.457160941824048],[108.970852525424,0.457348279599435],[108.97085327276,0.457348436980857],[108.971149143418,0.457410725824374],[108.9715394312,0.457551228706277],[108.971720812765,0.45763587379656],[108.972007775638,0.457769790043786],[108.972136824755,0.45784920467708],[108.972207937746,0.457892966587159],[108.972207688634,0.45792562187],[108.972512732377,0.457998251118451],[108.973110905644,0.458220428629939],[108.972854311977,0.461679696960493],[108.972432318597,0.461679696960493],[108.972433584842,0.46169122986638],[108.972482951327,0.462141009599952],[108.973390644263,0.462464440881255],[108.973769249851,0.462724663312594],[108.97554406011,0.463944518125055],[108.976533457353,0.46462454588611],[108.976766126356,0.464784463332339],[108.976840330317,0.464835463885611],[108.978771898704,0.46616306197581],[108.979242731567,0.466486673121493],[108.981638068642,0.468133025119068],[108.98283665179,0.468956830193623],[108.983153654717,0.469174710744367],[108.983383515137,0.469467979663591],[108.989365306264,0.473614866033293],[108.991365941685,0.475001810385249],[108.993355219568,0.475001810385249],[108.997701210443,0.474986010196271],[109.001466390362,0.474972319816724],[109.004179949845,0.474913329686427],[109.006893510227,0.474913329686427],[109.010786869618,0.474913329686427],[109.014916200322,0.47562121035065],[109.02057927981,0.476624049760094],[109.022407980144,0.47774486043699],[109.025151030196,0.479898010085136],[109.027628620165,0.480959839624971],[109.031109060335,0.4833784403628],[109.031465219744,0.483802799859338],[109.033881600056,0.486681900249534],[109.034032220311,0.486771329733132],[109.034680269978,0.487156110066447],[109.035769300413,0.487802719919616],[109.036300209787,0.490103350289396],[109.037480019587,0.492050029984949],[109.039367710052,0.494999549989304],[109.039780640065,0.495530460262557],[109.043585519656,0.500633129915059],[109.044035279605,0.501282769584173],[109.045178260369,0.502933750392287],[109.046829990312,0.505470340383959],[109.048481720255,0.507004090066727],[109.051962149633,0.510012600201378],[109.053674969624,0.510814340409516],[109.054734700146,0.511310380369815],[109.058274119655,0.512962110313183],[109.06113515986,0.514230409805634],[109.062845879934,0.516059110139851],[109.065618419654,0.517887809574795],[109.067329139728,0.518890649883627],[109.069216840085,0.520247420182326],[109.071281500041,0.521073290100335],[109.073051210245,0.521604200373581],[109.075705779598,0.523078959926121],[109.077593470063,0.523963819974361],[109.080101231387,0.524799739816166],[109.081755688075,0.525867273755747],[109.082993006822,0.526723879803279],[109.084135149418,0.527104594301624],[109.087180859109,0.527009414552878],[109.08979038322,0.527826201318186],[109.091710544606,0.525547436165304],[109.093558187361,0.522970863214822],[109.094654207326,0.521442442015138],[109.094908819786,0.520351243315253],[109.095362266955,0.518407897406574],[109.095804359284,0.517130741390647],[109.096272629978,0.51577795868585],[109.097284145147,0.513957231740885],[109.09889236589,0.512490155096595],[109.099495488126,0.512176825899852],[109.099513471869,0.512170200594316],[109.099015596393,0.511925481575758],[109.096754471442,0.510814082304081],[109.095569519318,0.510231648072142],[109.09456200793,0.509736430991529],[109.092414350442,0.508680802277217],[109.091651360222,0.508213471374625],[109.082235792048,0.502446435654509],[109.072041753624,0.496202586580188],[109.060358272416,0.487300885627399],[109.055387859762,0.47991627531587],[109.049595394812,0.477730438908667],[109.048373146903,0.475657930569047],[109.042764304629,0.466147286068464],[109.044397825999,0.448921059159603],[109.047058628553,0.446133551122556],[109.047198945275,0.446156182561797],[109.047199776249,0.446155222985221],[109.04783085481,0.445426659712611],[109.048835610675,0.44410612309917],[109.049217347702,0.443993847238291],[109.049119005038,0.443975062199401],[109.050634907675,0.442386972780638],[109.061624052908,0.437783411575244],[109.06538540801,0.437211685570882],[109.080186798282,0.434961874990564],[109.080702760924,0.435162032601793],[109.08657238231,0.430506817035994],[109.086624595149,0.430495868689434],[109.086663942287,0.430412634635431],[109.089908647666,0.426364060353135],[109.089977853195,0.426262913602611],[109.09018313964,0.425940321388772],[109.090189005019,0.425881667604904],[109.090352427123,0.425955949807297],[109.090447079869,0.425793687828481],[109.089948527203,0.425089847818239],[109.089916826101,0.425070551964413],[109.089948527203,0.425001868041816],[109.090007180087,0.424620622044111],[109.090036506979,0.424268702039002],[109.089919200311,0.423858129149369],[109.089919200311,0.42333024869208],[109.089948527203,0.422949002694373],[109.089655260082,0.422685063364991],[109.089156707416,0.422450450028267],[109.088599500966,0.422626409581198],[109.087983640733,0.422802370033405],[109.087602394735,0.422802370033405],[109.087074515177,0.422743716249558],[109.086758438551,0.422919314274963],[109.086722595172,0.422831696025961],[109.086517308727,0.422743716249558],[109.086341349174,0.422714390256935],[109.085989429169,0.422773043141465],[109.085666836056,0.422890349809848],[109.085344242942,0.423066310262076],[109.084640402932,0.423359575583993],[109.084279405171,0.423424370838056],[109.084181377269,0.42311068191245],[109.083936563821,0.422890349809848],[109.083995216706,0.422391797143741],[109.084816363385,0.422186509799633],[109.08572548894,0.421834589794494],[109.085989429169,0.421717284025476],[109.086487981835,0.421629304249032],[109.086670955201,0.421603164554415],[109.086634615395,0.421130750683625],[109.086458655842,0.420368257788933],[109.085995762195,0.42031682466176],[109.085930776284,0.420309604005071],[109.084757709601,0.420368257788933],[109.083643296701,0.420016337783791],[109.082763498037,0.419840378230885],[109.082059658027,0.419781725346387],[109.081355818916,0.419781725346387],[109.079889486011,0.419605764894183],[109.07889237978,0.419136538220676],[109.077919644276,0.419525632601897],[109.077572681334,0.419048559343593],[109.078159213777,0.418168758881168],[109.079214972893,0.416233200202083],[109.079625545782,0.415118788201524],[109.079625545782,0.414884173965499],[109.079508240013,0.414297640623632],[109.078100559993,0.413535147728889],[109.077103453761,0.413359189075354],[109.076106348429,0.413183228623156],[109.076223655098,0.412362081944586],[109.077220761329,0.411658242833691],[109.077514026651,0.41071979038605],[109.076282307982,0.410426524164794],[109.075226548866,0.410837097054409],[109.074229442635,0.412244776175562],[109.073232337303,0.412479388612948],[109.07305637685,0.412127468607824],[109.07387752263,0.410133257044202],[109.074288096419,0.40937076414949],[109.074522708856,0.409077497928232],[109.074640016424,0.407493859254264],[109.073994830197,0.407141939249104],[109.073584256408,0.407083286364639],[109.072000616835,0.407317898802032],[109.071120818171,0.408784230807664],[109.070768898166,0.408666925038633],[109.069654485266,0.407200592133667],[109.069361219045,0.406203485902202],[109.068950646155,0.406379446354436],[109.068481418583,0.406965978796904],[109.067660272803,0.407435204571054],[109.066311246567,0.407200592133667],[109.065842020793,0.406379446354436],[109.065314141235,0.405499645891988],[109.065275574708,0.405482773711062],[109.065196834566,0.405089073002371],[109.064434341672,0.404150620554707],[109.063847809229,0.402742941433644],[109.064668955008,0.402977554770353],[109.065783367908,0.402156408091774],[109.065372795019,0.401511221865462],[109.064844914561,0.400338156081089],[109.06455164834,0.398813170291641],[109.064199729234,0.398402597401977],[109.063847809229,0.399165090296697],[109.06302666255,0.40010354274436],[109.06232282344,0.399165090296697],[109.061853596766,0.398167984065253],[109.060973797203,0.397112224949284],[109.060328610977,0.396760304944169],[109.059918038087,0.396760304944169],[109.058510358966,0.396701652059622],[109.057161332729,0.395939159164926],[109.056516145604,0.395469931592123],[109.055694999824,0.395176666270176],[109.054756547377,0.394883399149575],[109.054815201161,0.394179560038704],[109.055108467382,0.393886292918126],[109.05634018695,0.393417067143947],[109.057044026061,0.393065147138882],[109.05634018695,0.392537266681589],[109.05604691983,0.392537266681589],[109.05522577405,0.392830533802165],[109.053114254919,0.393534373812346],[109.051589269129,0.394355519591596],[109.051354655793,0.395176666270176],[109.050826776235,0.395939159164926],[109.049888323787,0.396173771602322],[109.048304685113,0.396115118717803],[109.045899898861,0.395176666270176],[109.046134513097,0.395939159164926],[109.047424884651,0.397112224949284],[109.047412379578,0.397493622932399],[109.046941388434,0.397043109352041],[109.046960872247,0.397257430386146],[109.04691767601,0.397617391229683],[109.046874480673,0.39781896887035],[109.046644105841,0.398078141792838],[109.046485722638,0.398164531567921],[109.046208273693,0.398186727735315],[109.046125760895,0.398193328759134],[109.046096963704,0.398164531567921],[109.046062242678,0.398143313862871],[109.045837791681,0.3980061492644],[109.045679409377,0.397862165106843],[109.045492228983,0.397674984712788],[109.045377042017,0.397545398701253],[109.045291937373,0.397573766915846],[109.045260053709,0.39754719914396],[109.044756107808,0.397201636446425],[109.04430975629,0.396942462624605],[109.043935396401,0.39678408032108],[109.043474645838,0.396539307343219],[109.042970699938,0.396294532566662],[109.042538745667,0.396121752117203],[109.04212119134,0.395934571723134],[109.041804424934,0.395718595037179],[109.041430065046,0.395430625822767],[109.040911720999,0.395200250091513],[109.040479766728,0.395070664079914],[109.039774243187,0.39508506312524],[109.039299093578,0.39508506312524],[109.039054319701,0.395128257563094],[109.038622367228,0.395617806216819],[109.038478382172,0.395934571723134],[109.038291201778,0.396193743746326],[109.037960038125,0.396409721331602],[109.037686467057,0.396524908297919],[109.037211318348,0.396712087792629],[109.036851356605,0.396884870040745],[109.036491394862,0.397057651389557],[109.036045043344,0.397201636446425],[109.035713878793,0.397360018749908],[109.035497902107,0.397633588919065],[109.035325119858,0.397806371167118],[109.035109144072,0.397993550661882],[109.035035423946,0.39803041117458],[109.034993956206,0.398108737628212],[109.034936361824,0.398209527347824],[109.034849971149,0.39864148071979],[109.034878768341,0.398828661113832],[109.034993956206,0.399044637799817],[109.035238730083,0.399131029373546],[109.035613089972,0.399174223811426],[109.035915457333,0.399131029373546],[109.036548989244,0.398929449934203],[109.037326506213,0.398828661113832],[109.037758458686,0.398799863922641],[109.038176013912,0.398771066731391],[109.038636765375,0.398857458305091],[109.038867140206,0.398958247125427],[109.038956853876,0.399067896965896],[109.038996726218,0.399116630328249],[109.039111914084,0.399217419148621],[109.039140711275,0.399361404205479],[109.039140711275,0.399562981846194],[109.039054319701,0.399574501262292],[109.039054319701,0.399577380891452],[109.039011125263,0.399663770666505],[109.038967929027,0.399807755723364],[109.038910336443,0.399966138926207],[109.038838343015,0.40003813055534],[109.03875195324,0.400124522129031],[109.038651162621,0.400239709994651],[109.038575553019,0.400253053235868],[109.038463984026,0.400398093197491],[109.038017630709,0.400657265220648],[109.037657669866,0.400772452186959],[109.037196920202,0.400844444715398],[109.036851356605,0.400858842861318],[109.036405005087,0.40091643724384],[109.035987448962,0.400930835389772],[109.035569893736,0.400858842861318],[109.035137941263,0.400772452186959],[109.034633995363,0.400714858703795],[109.034187642046,0.400657265220648],[109.033798884011,0.400527679209064],[109.033251742774,0.400599670838179],[109.032503022996,0.400786851232202],[109.032301445356,0.400830045670126],[109.03198467895,0.401132413929811],[109.031826295747,0.401377187807045],[109.031595920915,0.401650757976136],[109.03117836479,0.402025117864918],[109.030947989958,0.402212298259031],[109.030660020743,0.402485869327448],[109.030156074843,0.402773837642547],[109.029637730797,0.40288902460884],[109.028629838996,0.403033009665701],[109.028226681916,0.403133799385377],[109.027607549049,0.403335377026046],[109.027074805958,0.403349776071365],[109.026570860057,0.403277784442256],[109.026182102023,0.403105002194134],[109.026052516011,0.402961018036566],[109.025908530954,0.40284583017097],[109.025623558281,0.402496090122498],[109.025584682387,0.402501850280201],[109.025303796233,0.402543461911312],[109.025015827019,0.402370680562514],[109.024396693253,0.402111509438664],[109.02423831005,0.40199632067373],[109.024065528701,0.401837938370171],[109.023518388363,0.401463577582082],[109.023273613586,0.401103616738572],[109.023057636901,0.400628468029405],[109.023014441563,0.400110123083776],[109.023014441563,0.399706966903052],[109.022928050889,0.39915982476617],[109.022913651844,0.398785465776651],[109.022611285383,0.397791972121859],[109.022380909651,0.397446409424265],[109.022121736729,0.397100845827416],[109.021804971222,0.396683290601403],[109.021430612233,0.396222540937566],[109.02127222903,0.395876978239991],[109.020984258916,0.395243446328012],[109.020581102736,0.394825891102014],[109.020134751218,0.394321945201675],[109.019918773633,0.394091568571055],[109.019673999755,0.393875592784408],[109.019198851046,0.393803600255981],[109.018954077169,0.393990779750682],[109.018824491157,0.394278748965112],[109.018766896775,0.394566718179508],[109.018594116326,0.394955477113625],[109.018493326606,0.395358633294331],[109.01827734992,0.395992165206265],[109.018133364863,0.396380924140374],[109.017759005874,0.396683290601403],[109.017370246939,0.396942462624605],[109.016880700084,0.397216033693036],[109.016261566318,0.397748776784661],[109.015987996149,0.398007948807818],[109.015815213901,0.398310317067503],[109.015757620418,0.398569489090676],[109.015556041878,0.399044637799817],[109.015455253058,0.399217419148621],[109.015397658675,0.399361404205479],[109.015066495023,0.399937341734982],[109.01490811182,0.400282905331834],[109.014677736089,0.400772452186959],[109.014346572436,0.401290797132603],[109.014130594851,0.401679555167375],[109.013943415356,0.402125906685278],[109.013741836816,0.402831431125726],[109.013511461085,0.403133799385377],[109.013281086253,0.40329218168887],[109.01292112541,0.403248987251001],[109.012762742207,0.403205791014478],[109.012373984172,0.40288902460884],[109.012143608441,0.402586658147815],[109.011783646698,0.402068313202147],[109.011481279338,0.401650757976136],[109.011207709169,0.401391585952983],[109.010674966077,0.401089217693311],[109.010300606188,0.401002827918205],[109.010273574366,0.401005831653837],[109.009911848153,0.401046023255371],[109.009263917196,0.401190008312248],[109.008817564779,0.401261999941345],[109.008256025395,0.401434781290165],[109.007824072023,0.401463577582082],[109.007377719606,0.401434781290165],[109.006931368088,0.401305195278611],[109.006715391402,0.401190008312248],[109.006240241794,0.400902039097903],[109.006110655782,0.400743655895036],[109.005911273387,0.400331598224735],[109.005894679096,0.400297302578491],[109.005736295893,0.399879748251805],[109.005702793449,0.399750522868372],[109.005603340122,0.3996510704406],[109.005449340215,0.398624365721943],[109.005426919217,0.398474893001941],[109.00547712387,0.398209527347824],[109.005549116399,0.397878362796233],[109.005635507073,0.397662386110258],[109.005837084714,0.397331221558657],[109.006110655782,0.396740884983873],[109.006297836176,0.39636652509512],[109.006427422188,0.395776189419678],[109.006427422188,0.395315437957151],[109.006398624997,0.39508506312524],[109.006398624997,0.394869086439264],[109.006398624997,0.394609914416045],[109.006385545257,0.394579394123799],[109.006406304308,0.39434066099278],[109.006341030614,0.394120365762299],[109.006264777997,0.393989645705623],[109.006139452973,0.393774803064727],[109.005981069771,0.393558827278126],[109.005779491231,0.393227661827137],[109.005556793012,0.392974596200685],[109.005462724825,0.392867700983678],[109.005088364936,0.392738114972057],[109.004440434878,0.392738114972057],[109.003864497349,0.392795707555932],[109.003533331898,0.392954090758712],[109.003072582234,0.393256459018403],[109.002727018637,0.393645217053177],[109.002525440097,0.393918788121598],[109.002381455939,0.394278748965112],[109.002208673691,0.394696305090461],[109.002107884871,0.39491228087712],[109.001877510039,0.395272242619966],[109.001690329645,0.395560211834363],[109.00150315015,0.39586257919473],[109.001272775318,0.39604975868946],[109.00099920425,0.396164946555079],[109.000725634081,0.396179344701046],[109.000466461158,0.396179344701046],[108.999876124583,0.396121752117203],[108.999816199158,0.39611575903512],[108.999732140426,0.396107353071949],[108.999098607615,0.395632204362785],[108.999048214104,0.395574609980298],[108.998904229047,0.395351434221362],[108.998738646771,0.395092262198201],[108.998652256097,0.394797093910805],[108.99860906076,0.394609914416045],[108.998472274776,0.394199558263023],[108.998450677557,0.394098769442673],[108.998473685812,0.393688454658496],[108.998493872894,0.393328450647518],[108.998493872894,0.393054881377729],[108.998508271939,0.392766912163319],[108.998558666349,0.392205371880431],[108.998486673821,0.391795015727438],[108.998565865422,0.391255073562814],[108.998414682192,0.390441561229126],[108.998393084074,0.390376767773656],[108.998347104435,0.390255549054392],[108.998313891573,0.390167990160647],[108.998241899944,0.389973610693631],[108.998213102753,0.389887220918581],[108.998090715814,0.389642447041327],[108.997982727921,0.389527259175729],[108.997902931975,0.389414215293851],[108.997759008072,0.389156144940143],[108.997694758706,0.388944121673928],[108.997615567105,0.388836132881289],[108.997543574576,0.388713746841977],[108.997485981093,0.388576960858131],[108.997370794127,0.388360984172152],[108.997291601626,0.388181003750389],[108.997241208115,0.388044217766469],[108.997179004707,0.387911699065684],[108.99707562494,0.387691455995942],[108.996989235165,0.387518674647123],[108.996910042664,0.387317096107153],[108.996780456653,0.387050725011012],[108.99672286317,0.386885142735182],[108.996693616317,0.38682214972249],[108.996535682776,0.386481985655155],[108.996427694882,0.386251610823246],[108.996348503281,0.386078828575112],[108.996262112607,0.385891649080407],[108.99619732005,0.385769263041064],[108.996161322887,0.385718867731616],[108.996082132185,0.385582082647012],[108.996026191656,0.385578353158507],[108.995916549909,0.38541650037127],[108.995644114684,0.385055707654826],[108.995383806817,0.384710975930826],[108.995283017997,0.384523796436087],[108.995141626585,0.384348740701854],[108.994980649737,0.384149435647995],[108.994721477714,0.383919060816023],[108.994491102882,0.383559099972554],[108.994188734622,0.383184740083726],[108.993886368161,0.382911169015278],[108.993540804565,0.382608801654896],[108.993310428833,0.382407223114904],[108.99315204563,0.382191247328249],[108.992921670798,0.381860081877336],[108.992532912764,0.381528918225035],[108.992201748212,0.381312940639761],[108.991870583661,0.381125761145022],[108.991823662432,0.381097607868352],[108.991654606975,0.380996175133423],[108.991179458265,0.381039369571276],[108.990358745959,0.381341737831004],[108.990214761802,0.381456924797309],[108.989754011239,0.381917676259776],[108.989149275619,0.382248839912029],[108.988855480596,0.38243514886304],[108.988558939044,0.382623199800886],[108.988069392189,0.382911169015278],[108.987874945273,0.383003275780591],[108.987808524044,0.383034737663078],[108.98779582112,0.383040755026847],[108.987536649097,0.383055154072172],[108.987205485445,0.382997559689664],[108.986643945162,0.38283917738618],[108.986211990891,0.382651996992138],[108.985837631002,0.382436020306147],[108.985774056128,0.382432673928795],[108.985290489764,0.382407223114904],[108.984772145718,0.382464816598019],[108.984469778358,0.382508012834584],[108.983980230603,0.382508012834584],[108.983706660434,0.382522410980519],[108.983101924814,0.38239282496892],[108.982857150937,0.382364027777709],[108.982209220879,0.382349629631729],[108.982065383311,0.382258096633882],[108.98173407217,0.382047262271381],[108.981604486158,0.38196087069768],[108.981244524415,0.381888879068581],[108.980467008346,0.381730495865725],[108.980107045704,0.381586510808865],[108.979531108174,0.381370535022196],[108.978998365083,0.381154558336214],[108.978981186233,0.381148390785637],[108.978436825699,0.380952978896908],[108.978244343802,0.380781883776985],[108.978177652776,0.380722604064999],[108.977867351597,0.380182949683441],[108.977846489124,0.380146665636174],[108.97725615165,0.38010347119831],[108.976633152598,0.380588025916718],[108.976608221592,0.380607417098653],[108.976233861703,0.381154558336214],[108.975956346209,0.38160552067828],[108.975888299006,0.381716097719782],[108.975499540971,0.382320833339835],[108.97516837642,0.38288237182405],[108.974923603442,0.38354470092723],[108.974779618385,0.384019849636382],[108.97449164917,0.384768570313304],[108.974275671585,0.38511413301085],[108.973944507933,0.385488492899669],[108.973714132201,0.385690071439681],[108.97338296765,0.385992438800029],[108.973166990964,0.38612202481164],[108.972800054079,0.38612202481164],[108.972043912197,0.38612202481164],[108.971964719696,0.386096826707207],[108.971817135552,0.386071630401479],[108.971608357939,0.386024835078107],[108.971295192419,0.385945644376024],[108.971028821323,0.385848453743164],[108.970740852109,0.385697269613327],[108.970463681054,0.385578482660887],[108.970038926755,0.385412901284445],[108.969642968748,0.385276115300535],[108.969351401346,0.385265317140676],[108.969131823775,0.38531211156476],[108.969023835881,0.385412901284445],[108.968984239631,0.385492091986528],[108.96893384612,0.385549686368962],[108.968932540304,0.385562742726447],[108.96892716056,0.385616535674608],[108.968926646148,0.385618078911257],[108.968919447075,0.385747664922857],[108.968905048929,0.385870051861423],[108.968912248002,0.385970840681803],[108.968977040558,0.38612202481164],[108.969063432132,0.386258809896197],[108.969157021879,0.386453189363215],[108.969358600419,0.38670516231344],[108.969797752864,0.38699313062853],[108.969804951937,0.38699313062853],[108.969927338876,0.387115517567111],[108.970150514635,0.387237905405066],[108.970258503427,0.387302697961218],[108.970474480113,0.387432283972749],[108.970647262361,0.38753307279313],[108.970776848373,0.387792244816278],[108.970812843738,0.388051417738771],[108.970877637193,0.388173803778041],[108.97089054876,0.388198109755025],[108.971000024132,0.388404180408658],[108.971000024132,0.388706546869681],[108.970863238148,0.388915325382013],[108.970604066125,0.389102504876743],[108.970193709972,0.3892032936971],[108.969905740757,0.38921769184304],[108.96966096688,0.3892032936971],[108.969372997666,0.389167298332195],[108.969193018143,0.389116903022684],[108.968797060136,0.38906650861253],[108.968581082551,0.389016114202354],[108.968442729948,0.388946938350536],[108.968336309573,0.388893727263738],[108.968170727297,0.388843332853578],[108.96802674314,0.388764141252182],[108.967673981369,0.388648954285893],[108.96740488173,0.388435183636871],[108.966903662574,0.388037018693498],[108.966853269063,0.387950628019076],[108.966788475608,0.387835441052795],[108.966687686787,0.387633861613485],[108.966586897068,0.387403486781526],[108.966500507293,0.387158712904353],[108.966471710101,0.386834748325044],[108.966442987554,0.386662421133838],[108.966428513865,0.386575576301888],[108.966414115719,0.386352399643536],[108.966406916646,0.386222813631999],[108.966388199056,0.386129223884593],[108.966399716674,0.386057232255495],[108.966428513865,0.385776462114084],[108.966514905439,0.38529411433192],[108.966723683052,0.384919754443156],[108.966910863446,0.384516597363126],[108.967047647631,0.383991053344461],[108.967213229907,0.383602295309736],[108.967357214964,0.383285528904063],[108.967450804711,0.38288237182405],[108.967450804711,0.382731188593513],[108.967429206593,0.382608801654896],[108.967314018727,0.382176848282997],[108.967252059935,0.381990970107211],[108.967242027098,0.38196087069768],[108.967062045777,0.381701698674477],[108.966946858811,0.38150732010678],[108.966820779256,0.381468526051657],[108.966572498922,0.381392132241143],[108.966284529707,0.381413730359434],[108.965895771673,0.381564913589962],[108.96568699406,0.381687301427861],[108.965456619228,0.381867280950287],[108.965175849086,0.382018465080138],[108.96513265285,0.382032864125438],[108.965131666293,0.38203426706781],[108.964859082681,0.382421622160169],[108.964823087316,0.382472015671036],[108.964614308803,0.382947165279525],[108.964585511612,0.383076752190397],[108.964513519983,0.383307127022338],[108.964477523719,0.383458311152179],[108.964383933971,0.383638290674644],[108.964326339589,0.383818271995723],[108.964297543297,0.383998253316802],[108.96425434796,0.384185432811533],[108.964253428853,0.384194009645851],[108.964232749842,0.384387011351518],[108.964218351696,0.384509398290151],[108.96420395265,0.384667780593647],[108.96420395265,0.384746972195052],[108.964239948915,0.38481176475118],[108.964247147988,0.384820164419098],[108.964247147988,0.384998945145236],[108.964232749842,0.385301313404906],[108.964146359167,0.385646876102496],[108.964088764785,0.385834055597229],[108.963930381582,0.386165220148823],[108.963839774886,0.386301131092335],[108.963815194616,0.386338002396941],[108.963787103392,0.386362581767793],[108.96370000675,0.386438791217297],[108.963570420738,0.386539580037658],[108.963368843098,0.386611571666727],[108.963167263658,0.386683564195127],[108.963080873883,0.386683564195127],[108.962985084394,0.386656196026648],[108.962931490196,0.386571976315678],[108.962801904185,0.38644239030412],[108.962542731262,0.386168820134947],[108.962304157311,0.385930245284606],[108.962297958284,0.385924046257781],[108.96216504658,0.385691451899028],[108.962125176036,0.385621677998058],[108.961894801204,0.385218521817356],[108.961852833442,0.385094170759426],[108.961506043169,0.384066644959721],[108.961478109327,0.38394560070894],[108.961436839439,0.38396301158375],[108.961436839439,0.383673711372757],[108.961390005444,0.383283422691877],[108.96120266677,0.382893135809616],[108.961062162988,0.382565295152283],[108.960937533141,0.382355390688732],[108.960765544994,0.382065727151648],[108.960515760994,0.381769108257795],[108.960297199656,0.381566159150939],[108.95984446565,0.381363209144792],[108.95948540233,0.38117587136941],[108.959095113649,0.381050978919568],[108.958912885821,0.381026129752095],[108.958751660761,0.381004144925385],[108.958699167333,0.380997582572427],[108.958819572166,0.380720651636813],[108.957862235754,0.380465361986925],[108.957778222887,0.380442958975413],[108.957660909923,0.380411675158701],[108.957787268268,0.380311131853308],[108.957832272142,0.380275322648052],[108.958315959014,0.379890453281863],[108.95823379965,0.379665882674382],[108.958225153568,0.37964225118899],[108.960531806698,0.37771140225948],[108.960803177125,0.377484244302479],[108.960789157594,0.377431991892931],[108.960686082697,0.377047802414184],[108.960643861325,0.376890429150002],[108.959934180218,0.376803530358675],[108.958341020422,0.37751320966691],[108.956559576763,0.378628422064075],[108.955256083202,0.378918088299201],[108.954937450703,0.378599455800271],[108.954965528436,0.377785227606241],[108.954966416967,0.377759426056743],[108.955038833975,0.377049744949837],[108.955140217247,0.376528347705124],[108.955183666193,0.376470414278224],[108.955415399001,0.376079365670229],[108.955786919731,0.375696587227742],[108.9558933473,0.37558693468933],[108.956038180418,0.375239335926647],[108.956183011737,0.375166919817554],[108.956230177581,0.375178710828868],[108.956226461582,0.375152437135335],[108.956380182699,0.375010186870671],[108.956832967967,0.374591191830046],[108.957196840862,0.374254473964861],[108.957616855733,0.373168227831511],[108.957611439117,0.373125430893994],[108.957562015075,0.372734983932383],[108.957472024414,0.37202405006989],[108.957066492225,0.371357818808341],[108.957168273897,0.371163105692801],[108.957399607406,0.370720554709865],[108.958138253877,0.370677104864552],[108.958468001997,0.370826990373351],[108.958649963625,0.370746507345469],[108.958821265589,0.370670738563771],[108.959772644892,0.370249935885852],[108.959995629095,0.369930186429011],[108.960031225161,0.369879142708307],[108.960254104144,0.369529629288968],[108.960259974918,0.369520422029868],[108.960268407861,0.369507196599888],[108.960295252624,0.369465099334871],[108.960320889597,0.369424895142856],[108.96033262575,0.369402597352002],[108.960400433733,0.369273761375037],[108.960518389712,0.36904964582453],[108.960656638893,0.368871896620754],[108.960880471157,0.36867439830491],[108.961005554263,0.368522982149955],[108.961124054332,0.368364982957627],[108.961196470441,0.368312315960668],[108.96122664989,0.368296065211261],[108.961237923791,0.368289994787456],[108.961233459557,0.368282980075464],[108.961176720429,0.36819381679121],[108.961308385674,0.368135728680944],[108.961413718768,0.367838318383741],[108.961512148667,0.367709602016589],[108.962098383434,0.366942989327501],[108.962598714059,0.3659686593262],[108.963441377917,0.365415660804153],[108.963602147022,0.365344208768253],[108.963605430446,0.365338148237018],[108.96364546017,0.36526424464921],[108.965185619321,0.364321759641543],[108.965409786133,0.364184583351911],[108.965510147775,0.363910869291254],[108.965622216792,0.363605226599986],[108.965699452368,0.363394587390356],[108.965693223663,0.363379867287105],[108.965409786133,0.362709922724779],[108.965223552725,0.362627151821632],[108.964724658316,0.362405421273193],[108.964728839265,0.362393923440833],[108.964544625734,0.362314376607232],[108.964350498077,0.362211602983141],[108.964255791372,0.362215782132671],[108.96403657173,0.362267976985608],[108.963984011753,0.362279402872211],[108.963092461648,0.362262258196715],[108.962197132592,0.362314924294376],[108.961381924137,0.361907320066786],[108.961380648898,0.361899034612794],[108.961384587929,0.361839955449631],[108.961375219691,0.36179623670698],[108.961377022831,0.361704281927133],[108.96161780192,0.361182596000032],[108.961662079142,0.360996632388696],[108.961749468064,0.360629598377308],[108.961786978786,0.360588960711977],[108.961802134161,0.360537432256739],[108.961989212932,0.360163273816029],[108.962144465595,0.359852767591171],[108.962513130976,0.359168103824967],[108.962561535187,0.359042253597179],[108.962776464163,0.358483440058757],[108.962908130306,0.357930442436025],[108.962884449358,0.35788544665609],[108.962915400426,0.357878187328531],[108.963239535876,0.35628293391034],[108.964675898874,0.354992749415893],[108.966353774807,0.354941904445354],[108.966826128423,0.35508777807853],[108.966858112812,0.355125954299382],[108.966951967859,0.355360591917817],[108.967068779001,0.355652618873305],[108.967527233595,0.356352365169592],[108.967569109627,0.356416281786039],[108.967779775816,0.357021946405725],[108.967811923881,0.357079813282786],[108.968043109002,0.357495943982653],[108.968596105726,0.358022608556611],[108.968605247334,0.358028092622408],[108.968619997115,0.358069393088027],[108.968570278096,0.35822103587211],[108.968575515748,0.358223524296244],[108.968624403793,0.358246745690794],[108.968824754759,0.358282101637688],[108.968921777218,0.358286722354415],[108.969080449104,0.358302589093285],[108.969217737808,0.358313149832015],[108.969333905036,0.358313149832015],[108.969407830207,0.358302589093285],[108.969629603923,0.358302589093285],[108.969756332789,0.358281467615689],[108.969798574844,0.358270906876873],[108.969837653085,0.358208384209608],[108.969850728328,0.358228541613926],[108.969858457102,0.358225714145421],[108.969846585152,0.358209526348615],[108.97033409864,0.357943609410091],[108.970464103735,0.357709601317062],[108.970597430927,0.357469610933818],[108.970623764875,0.356916613311112],[108.970620921219,0.356834144580144],[108.970793642313,0.356763330163604],[108.970615897606,0.356688490381575],[108.970597430927,0.356152950398357],[108.970549704805,0.355985906724233],[108.970525927629,0.355902689757385],[108.970492097832,0.355784285016794],[108.970202433396,0.355073288201707],[108.970018100255,0.354388624435499],[108.969958747698,0.353928639195376],[108.969949078187,0.353853703185908],[108.969944685899,0.353642885910518],[108.969939780097,0.353407360661216],[108.969946239028,0.35340595681948],[108.970115209949,0.35298352906663],[108.97028418087,0.352645587224117],[108.970368666781,0.352307645381577],[108.970368666781,0.352096430605853],[108.970368666781,0.351909866247336],[108.970368666781,0.351842974673611],[108.970368666781,0.351462789875857],[108.970368666781,0.351251575999467],[108.970342670978,0.351186587391168],[108.970358670816,0.35112258713775],[108.970368666781,0.351082605078204],[108.970368666781,0.35095587711209],[108.970157452904,0.350617935269554],[108.970001838714,0.350534142736529],[108.970000638119,0.350532942141628],[108.969858330298,0.350421570099457],[108.969728396249,0.350347322970605],[108.969617025106,0.350291636949497],[108.969493279291,0.350235950928433],[108.969405349877,0.350235950928433],[108.969164747955,0.350301114005275],[108.96915702098,0.350253205321229],[108.969134340078,0.350298567125191],[108.969085094102,0.350284823685743],[108.969059142366,0.350258871949448],[108.969043949219,0.350255074112432],[108.968805684635,0.350195506617414],[108.968531107225,0.350237749572557],[108.968509985747,0.350237749572557],[108.967897465596,0.350343356960398],[108.967821913551,0.350403798596442],[108.967742271389,0.350415382763739],[108.967534885926,0.350450934762854],[108.967358445236,0.350333307036525],[108.966793983955,0.350129141147015],[108.966785696703,0.349905391620529],[108.966469698318,0.349220727854338],[108.96646371333,0.349213744618685],[108.966153699933,0.34885206337207],[108.965311036076,0.347798734224227],[108.964671702637,0.347068068336736],[108.964717419673,0.346984547399019],[108.964656249586,0.346861050696963],[108.964536780948,0.346651980804316],[108.96451851212,0.346610222583763],[108.964480567924,0.346523494663585],[108.964456853701,0.346496392694399],[108.964368142776,0.346395010321549],[108.964231628387,0.346218342102872],[108.964151324324,0.346073795869013],[108.963998748044,0.34578470430068],[108.963950565966,0.345656218159995],[108.963948826677,0.345597117413083],[108.963896361128,0.345533755678328],[108.963739769375,0.345256708730174],[108.963675526304,0.34493147970409],[108.96368355725,0.344726705872801],[108.963703632817,0.344586175111945],[108.963723708383,0.344449658924644],[108.963755830367,0.344337233776325],[108.963799996972,0.34420473396136],[108.963821595091,0.344115017594041],[108.964257707827,0.343322086245338],[108.964249931389,0.343301866787778],[108.964398360896,0.343140341353699],[108.964664395645,0.342994775288671],[108.965284703027,0.342953420863751],[108.96662769841,0.343058753958359],[108.967180695133,0.343374753242305],[108.968570963379,0.343982995319041],[108.968754783007,0.344063416293673],[108.969122505899,0.3444504925962],[108.969354841253,0.344640584995039],[108.970072967893,0.345020769792709],[108.97064324509,0.34523198366916],[108.970854458966,0.34523198366916],[108.971150157854,0.345168619236438],[108.97136137173,0.345105254803741],[108.971505747093,0.345041089075013],[108.971551464129,0.345020769792709],[108.971635950039,0.344915163304163],[108.971647539602,0.344845622327665],[108.971657070617,0.344788435338047],[108.971646953244,0.344772797926343],[108.971620864811,0.344732480419683],[108.971789010155,0.344270082298522],[108.971815343204,0.343427419339989],[108.971446677822,0.342400423240965],[108.97086734715,0.341505094184809],[108.970809711462,0.341472159492353],[108.970314348628,0.34118909490087],[108.969550685716,0.340899428665751],[108.968945021096,0.340662430326974],[108.968743933586,0.340595401156866],[108.967760025805,0.340267431896503],[108.967470361368,0.34005676570722],[108.967075362938,0.339556435081477],[108.966877466222,0.33918891273816],[108.966848945123,0.339135946266928],[108.966891218655,0.339088974676485],[108.967179338955,0.338768842108433],[108.967179338955,0.338684356198149],[108.967390552832,0.338261929344639],[108.967432794888,0.33809295842331],[108.967492669951,0.338057033205578],[108.967626544829,0.338057358760102],[108.967574705209,0.338053222778065],[108.96755942123,0.338052004196697],[108.967588172556,0.338028829566891],[108.967617272819,0.337982270765207],[108.967644008764,0.337966229557851],[108.967639503161,0.337946702578313],[108.967759113892,0.337755325947563],[108.967921571024,0.337442015636549],[108.96800733577,0.337276612325867],[108.968042796038,0.337010660313747],[108.968237826614,0.336567406060957],[108.968415128855,0.336141882841675],[108.968450589123,0.335840470561306],[108.968450589123,0.335669263925405],[108.968666406629,0.335574844103782],[108.968683671814,0.335567289798626],[108.96867221625,0.335494733395249],[108.968670029099,0.335474318784802],[108.968664977607,0.335427177222469],[108.968565835445,0.334501844984203],[108.968633076855,0.334313565618614],[108.968743135887,0.334005401228329],[108.968788581328,0.333903151009678],[108.968672421295,0.333737209005044],[108.968636755982,0.33368625791449],[108.968531686388,0.333600646053007],[108.968632323223,0.333385953598887],[108.968813086954,0.333137404367787],[108.968826484155,0.333118985352943],[108.968916005369,0.332995890647908],[108.969359258723,0.332428527254758],[108.969554290198,0.332162574343388],[108.969678401137,0.331949812733742],[108.969837973244,0.331737051124031],[108.969871187006,0.331696720127565],[108.969921528356,0.331635591409455],[108.970086195122,0.331435638843687],[108.970258417992,0.331297860008298],[108.970263495564,0.331293797770549],[108.970427111922,0.331173812921157],[108.970529447576,0.331098766295096],[108.970689018783,0.330832814282988],[108.970777670353,0.330690973209851],[108.970937240661,0.330336369627787],[108.971025892231,0.330105877884021],[108.971025892231,0.329946306676715],[108.971025892231,0.329680354664649],[108.971025892231,0.329538513591531],[108.970937240661,0.329059799969834],[108.970870297826,0.328909176117613],[108.970808785997,0.328857376966428],[108.970807020628,0.328855891286403],[108.970564908744,0.328652006884685],[108.970458527939,0.328510164912245],[108.970458527939,0.328279674067726],[108.970458527939,0.3281982701341],[108.970458527939,0.328085164199005],[108.970358948707,0.328078670194531],[108.970159007832,0.327956966740633],[108.970089727659,0.327897583606669],[108.969956013759,0.327847441905986],[108.969784781942,0.327783230311848],[108.969661290636,0.32767517496938],[108.969642940869,0.327659119372919],[108.969521577359,0.327560871137336],[108.969464777977,0.327514890599763],[108.969270608052,0.327357706193229],[108.969208872292,0.327258928256964],[108.969093306711,0.327074024047014],[108.969051710368,0.326803643773197],[108.969022386174,0.326613039660093],[108.969022250377,0.326610034125847],[108.968982736864,0.326424092098169],[108.968957080105,0.326303355415574],[108.968926795435,0.326160837152925],[108.968896025131,0.326016033713013],[108.968827354699,0.325832913758],[108.968756434162,0.325602422014184],[108.968667782592,0.325212359063188],[108.968652719847,0.325114446274705],[108.968651803438,0.325108488266158],[108.968632323223,0.324981867319362],[108.968625279733,0.324952522440987],[108.96862033526,0.324870927851048],[108.968621281347,0.324841130613694],[108.968513475117,0.324323659809118],[108.968463860419,0.324210255299056],[108.968429088132,0.323932077003784],[108.968429088132,0.323688670995402],[108.968411702438,0.323323562432493],[108.968425491743,0.323261507412663],[108.968377270994,0.322066714907006],[108.968332939813,0.321880523767209],[108.968279131577,0.321100310630869],[108.968185325992,0.320810553564235],[108.968020048586,0.320300031821033],[108.967954445741,0.320097391181701],[108.967930220703,0.319898742632892],[108.967331587882,0.318605399719439],[108.967145189899,0.317993393979974],[108.967105172766,0.318020465372229],[108.966987581012,0.317734884757164],[108.966920386367,0.317550099257742],[108.96681959305,0.31734851442246],[108.96668520286,0.317130130251361],[108.966584411342,0.316945342953253],[108.966466818689,0.316726958782161],[108.966382824708,0.316542173282674],[108.966317414317,0.316447689609217],[108.966231636081,0.316323789111604],[108.966097245891,0.316139001813552],[108.965962855701,0.316004611623554],[108.965828466411,0.315853422997107],[108.96574447243,0.315752630579483],[108.965559686031,0.315450253326562],[108.965526088258,0.315299063800806],[108.965374898733,0.315164673610864],[108.96511256829,0.315115486090834],[108.964975626724,0.315115486090834],[108.964431386699,0.315000909764166],[108.963743925142,0.314857688231767],[108.963664756923,0.314806794697855],[108.963342905751,0.314599890372682],[108.963075349348,0.314405304061609],[108.963027820178,0.314370736820073],[108.962741377113,0.314198870981164],[108.962540867867,0.313969717428554],[108.962397647234,0.31382649589612],[108.961939339229,0.313711918670132],[108.96168154137,0.313654630956474],[108.961395099204,0.313339543585126],[108.961251876773,0.313024458012353],[108.960822213974,0.31285259307276],[108.960420988638,0.312817702974653],[108.960163396723,0.312795303560444],[108.959819665945,0.312738015846771],[108.959218137307,0.312652082927343],[108.958788473609,0.312623438620834],[108.958473730678,0.31268066518061],[108.958473387137,0.31268072723384],[108.958101012951,0.312738015846771],[108.957757282173,0.312738015846771],[108.957285308071,0.31279045711398],[108.957241685555,0.312795303560444],[108.956611512611,0.312909880786436],[108.95586676334,0.312995813705842],[108.95572112533,0.313051827979504],[108.955494388256,0.313139035238344],[108.954892858718,0.313253611564958],[108.954033532222,0.31374056387597],[108.953865365295,0.313791014044113],[108.953834550024,0.313763933658656],[108.953370679713,0.313958459715196],[108.953375093586,0.313968209265505],[108.953145561419,0.314055650348049],[108.952715897721,0.313998361735057],[108.952458099862,0.314027006041535],[108.952200302002,0.314170226674665],[108.951885214631,0.314313448207144],[108.951426908425,0.314542601759689],[108.950682158255,0.314829043925272],[108.950667959759,0.314837030804349],[108.950550118893,0.314837030804349],[108.950410699694,0.31496572468847],[108.950414975071,0.314979335028324],[108.950223850251,0.315086841784347],[108.950051985311,0.315287351929782],[108.949335879447,0.315717014728477],[108.949240841791,0.315717014728477],[108.949049437282,0.315717014728477],[108.948934860056,0.315430572562924],[108.948505197257,0.315459216869359],[108.948304687112,0.315545149788848],[108.948218754192,0.315602438401859],[108.948132822172,0.315802947647968],[108.948104176966,0.316060746406377],[108.947960956333,0.316289899958977],[108.947846379107,0.316490409205071],[108.947773850583,0.316617334122724],[108.947731801881,0.316690919350496],[108.947645869861,0.316776852269986],[108.947416716308,0.316862784290089],[108.947344787632,0.316874772252961],[108.947244851369,0.316891428596585],[108.946729254751,0.31706329443552],[108.946557388912,0.317149227354998],[108.945669418109,0.317235159375181],[108.945468908863,0.317521602440019],[108.94523975531,0.317521602440019],[108.944867380226,0.317521602440019],[108.944612433217,0.317535764963617],[108.944351783608,0.317550245847196],[108.943979409422,0.317722110786782],[108.943492457111,0.317951265238777],[108.943234659252,0.318151773585529],[108.942661774022,0.318352283730974],[108.942318044142,0.318638725896488],[108.942031601078,0.318867880348414],[108.941859736138,0.318925168961392],[108.941769733786,0.318955169445583],[108.939573698168,0.31929302135592],[108.938957687747,0.319387791913124],[108.938473353363,0.32001742796198],[108.938171940183,0.320265649839919],[108.937821508556,0.320324055410853],[108.937604575891,0.320513871717877],[108.937205845274,0.320964611028054],[108.936928927828,0.320935462201868]]],[[[108.935449758899,0.402038404448811],[108.935076650867,0.403022992117417],[108.935416742089,0.403822207928604],[108.936670976185,0.403794385602451],[108.93774757529,0.4034211282825],[108.938985864406,0.402287978907172],[108.939300157676,0.402005441597888],[108.9387368844,0.40133560495422],[108.937649629227,0.401229373436857],[108.935449758899,0.402038404448811]]]]},"properties":{"gid":528,"luas":166.30848335263408,"idkec":"6104100","kdkab":"04","kdkec":"100","nmkab":"MEMPAWAH","nmkec":"MEMPAWAH HILIR","kdprov":"61","nmprov":"KALIMANTAN BARAT","sumber":"BPS","periode":"2023_1"}},{"id":529,"type":"Feature","geometry":{"type":"MultiPolygon","coordinates":[[[[109.167327056698,0.365900363910718],[109.166682710439,0.366211799135274],[109.166547634066,0.366494969567215],[109.166539145365,0.366512767150543],[109.165571697029,0.368540910584842],[109.165169507567,0.369384054230746],[109.164019905994,0.371407097159866],[109.163307056575,0.372661550690038],[109.162086585727,0.374809308003192],[109.162098544013,0.374857685234012],[109.16214524131,0.375046595923717],[109.161447573347,0.376147461436208],[109.16133746845,0.37632119966367],[109.161221333598,0.37632119966367],[109.161156895375,0.376354708403133],[109.161070964254,0.376596877843668],[109.160619854423,0.377549221219618],[109.160050251718,0.378316946370015],[109.160043435756,0.378326132944695],[109.159708581286,0.3788702722453],[109.159711258568,0.378887230761165],[109.15840425765,0.380949574962982],[109.157194533701,0.382401244421942],[109.157350863751,0.386882693881262],[109.157189035246,0.387449094100457],[109.157232471601,0.389273439917362],[109.15725010281,0.390013921005655],[109.157305638644,0.392346426946118],[109.157306341914,0.392375970574616],[109.157466021939,0.392659846974406],[109.155762536012,0.393951199688156],[109.1556872061,0.394064195006632],[109.149624064999,0.397232134255658],[109.150711071059,0.401528397117885],[109.150596171876,0.40170074589275],[109.150135386239,0.402391925247172],[109.154355749019,0.407818105321309],[109.154500870819,0.407830057311336],[109.154323111722,0.410096488262356],[109.154247926601,0.411925989892527],[109.154247926601,0.414103912265765],[109.15420281301,0.414107671431968],[109.154044429807,0.414143666796838],[109.153914842896,0.41424445741581],[109.153857250312,0.414402839719345],[109.153806855002,0.414453234129477],[109.153770858738,0.414489230393687],[109.153626873681,0.41459002011339],[109.153554882052,0.414640413624209],[109.153482890423,0.414769999635814],[109.153432495114,0.414892386574418],[109.153431738784,0.414894654664639],[109.153367701658,0.41508676604144],[109.153454093232,0.415120362914471],[109.153454093232,0.415281144609181],[109.153439694187,0.415525919385742],[109.153338905366,0.415900279274529],[109.153302909102,0.416073059723999],[109.15324531472,0.416195446662587],[109.15317332309,0.416310635427527],[109.153058135225,0.416425823293145],[109.15292135014,0.416497814922238],[109.152762966937,0.416584205596662],[109.152597384662,0.416562608377711],[109.152496595841,0.416541010259432],[109.152352610784,0.416490615849268],[109.152223024773,0.416418623320855],[109.152050244323,0.416260240118038],[109.151949453704,0.416159451297679],[109.151783872328,0.41601546714014],[109.151683082608,0.415849883964975],[109.15156069567,0.415641107251341],[109.151488704041,0.415540318431],[109.151373516175,0.415187554861795],[109.151243930163,0.415093965114471],[109.151171937635,0.415050769777228],[109.15113594227,0.414942781883949],[109.15115753859,0.414554022949834],[109.151159695164,0.414535699263178],[109.151171937635,0.414431636910527],[109.151301523646,0.414100472358936],[109.151395114293,0.413985283593977],[109.151531899378,0.413855697582443],[109.151631920177,0.413690664792403],[109.151675884435,0.413618123677505],[109.151783872328,0.413466940446997],[109.151920657413,0.413250962861695],[109.151949453704,0.413056584293998],[109.151935055558,0.412970192720253],[109.151920657413,0.412847805781669],[109.15163988817,0.412610231876703],[109.151589492861,0.412574235612493],[109.151474304995,0.412509443056419],[109.151359118029,0.412502243983396],[109.151330319039,0.412502243983396],[109.151231696685,0.412502243983396],[109.151092746033,0.412502243983396],[109.150826374937,0.412552638393605],[109.150351226228,0.412538240247591],[109.15007765516,0.412459047746875],[109.149796885018,0.412329461735323],[109.149652900861,0.412214273869643],[109.149364931646,0.412063090639151],[109.149268651127,0.412041025772769],[109.149019368949,0.411983899037732],[109.148803392263,0.412005497156027],[109.148490918321,0.41205604355161],[109.148313845408,0.412084687858106],[109.148169860351,0.412099086903363],[109.148077704123,0.412093326745664],[109.14793948462,0.412084687858106],[109.147824296754,0.412019895301962],[109.147709108888,0.411861512099162],[109.147653082923,0.411699036981016],[109.147637117259,0.411652735385465],[109.147565124731,0.41136476617105],[109.147521930293,0.411134390439816],[109.147442737792,0.410997605355231],[109.14736581608,0.410936876835427],[109.147169166724,0.410781627769935],[109.147043503555,0.41074497679924],[109.146996386274,0.410731234259108],[109.146845202144,0.410767229623996],[109.146614827313,0.410860820270663],[109.146478042228,0.410961609091028],[109.146341256244,0.411148788585738],[109.146283212201,0.411221344089825],[109.14625486467,0.411256777378388],[109.146168474895,0.411314370861586],[109.146137500445,0.411339150781259],[109.146096482367,0.411371965244035],[109.146082084221,0.411451155946088],[109.146122712893,0.411525027158344],[109.146110881412,0.4115447456935],[109.146074885148,0.411667132632074],[109.146074885148,0.411789519570728],[109.146103682339,0.412005497156027],[109.146146876777,0.412156681285869],[109.146240467424,0.412365457999534],[109.146326858098,0.412559836567253],[109.146398849727,0.412754216933567],[109.146391650654,0.412876602972907],[109.146341256244,0.413006188984468],[109.146269263716,0.413114177777093],[109.146197272086,0.413157373114306],[109.145995692647,0.41326536190695],[109.145801314079,0.413294159098201],[109.145671728068,0.413286959125912],[109.145441353236,0.413150174041336],[109.145340564416,0.413070983339234],[109.145182181213,0.412977392692521],[109.144951804582,0.412847805781669],[109.144743599837,0.412779192905451],[109.14431827267,0.412639029067968],[109.144224682923,0.412639029067968],[109.144030304355,0.412646228140934],[109.143951000339,0.412651696918298],[109.143821526742,0.412660627186258],[109.143706338876,0.412653427213948],[109.143490362191,0.412581434685512],[109.143231190167,0.412502243983396],[109.143051208846,0.412451848673929],[109.142957619099,0.412394255190731],[109.142748842385,0.4122862672974],[109.142612056401,0.41219267665074],[109.142547262946,0.41214228224059],[109.142403278788,0.412027095274255],[109.142352503965,0.411993895901609],[109.142216099294,0.41190470833567],[109.142115309574,0.411832714907889],[109.141971325416,0.411724727014579],[109.141798544068,0.411645536312495],[109.141723608957,0.411605863619718],[109.141676157129,0.411580741957717],[109.141510574853,0.411472754064395],[109.141395386988,0.411407960608921],[109.141222605639,0.411321569934532],[109.141078620582,0.41124957830544],[109.140905840133,0.411155987658722],[109.140826647632,0.411119992293837],[109.140729978606,0.411109445944245],[109.140430691423,0.41107679695665],[109.140279507293,0.411055198838429],[109.140149921282,0.41104079979309],[109.139955541815,0.411019202574206],[109.139804357685,0.411019202574206],[109.139653173555,0.411033600720143],[109.139458794987,0.41104079979309],[109.139242818301,0.411069596984363],[109.138954849087,0.411155987658722],[109.138796465884,0.411235180159501],[109.138695677064,0.411278374597374],[109.138634482695,0.411310770875422],[109.138501847083,0.411389722357835],[109.138483300364,0.411400762435275],[109.138407707849,0.411458355918458],[109.138191731164,0.411620338208057],[109.138039440868,0.411696482906392],[109.138018948915,0.411706728882504],[109.137828170334,0.411883110217393],[109.137709383381,0.411969500891818],[109.13752940206,0.412127884094611],[109.137453810445,0.412185477577795],[109.137407568205,0.41223592324928],[109.137374618844,0.412271868252146],[109.137306226301,0.412333061721487],[109.137254953254,0.41236968481314],[109.137230633787,0.412387056117782],[109.137165841231,0.412419452395847],[109.137104646862,0.412451848673929],[109.137007458028,0.412462647733036],[109.136971461764,0.412466246819845],[109.136936056354,0.412493784960239],[109.136791481342,0.412466246819845],[109.136633098139,0.412358258926503],[109.136402723307,0.412315063589342],[109.136042760665,0.412322262662308],[109.135438025944,0.412293466370435],[109.135300519603,0.412270548047389],[109.135222050158,0.412257470106227],[109.134934080044,0.412178277605453],[109.134754099622,0.412135083167583],[109.134516524818,0.412077488785123],[109.134307748104,0.411962301818845],[109.13401977889,0.411832714907889],[109.133839797569,0.411739125160519],[109.133753406894,0.411674331705115],[109.133501433944,0.411472754064395],[109.133357449787,0.411328769906821],[109.133170270292,0.411155987658722],[109.132961491779,0.410997605355231],[109.13278871133,0.410918413753824],[109.132601530936,0.410817624034143],[109.132371155205,0.410738433332061],[109.131939201833,0.410652041758402],[109.131716026074,0.41066644080366],[109.131471252197,0.410724034286774],[109.131305669921,0.410788826842901],[109.131132887673,0.410868019343637],[109.130938509105,0.410990406282261],[109.130880914722,0.411047999765397],[109.130842226787,0.411086687700507],[109.130744129638,0.411184784849963],[109.130657738964,0.411271176423725],[109.130513754806,0.411472754064395],[109.130420165059,0.411566343811767],[109.130333774384,0.411652735385465],[109.130240183738,0.41177512232406],[109.130153793063,0.411825515834922],[109.130067403288,0.411854313026177],[109.129973812641,0.411854313026177],[109.129937817276,0.411868712071456],[109.129887421967,0.411947902773535],[109.129829550593,0.411995252079268],[109.129696643385,0.411973099978642],[109.129631849031,0.411958701832634],[109.129574256447,0.411850713939378],[109.129545459256,0.411713927955473],[109.129545459256,0.411562743825621],[109.129533393951,0.411315414974469],[109.12953106021,0.411267576437517],[109.129502263019,0.411058797925252],[109.129466266755,0.410893215649427],[109.129356677169,0.410769332238927],[109.129300685378,0.410706036154671],[109.129214293805,0.41046126317676],[109.129171099367,0.410338876238175],[109.128998317119,0.410122898652878],[109.128933523663,0.409971715422371],[109.12882553577,0.409654949016724],[109.128828620445,0.4095099998866],[109.128832734843,0.409316585392162],[109.12892632459,0.408848635755982],[109.129012716164,0.408539069322616],[109.129156700322,0.408207903871691],[109.129156700322,0.407955930921501],[109.129113504984,0.407761552353803],[109.128839933916,0.407703958870621],[109.12877514136,0.407804747690962],[109.128761827796,0.407815306631164],[109.128746344169,0.407840743955204],[109.12867435164,0.407898338337675],[109.128635955985,0.407915135874872],[109.128559164674,0.407948731848538],[109.128429577763,0.408027924349228],[109.128307191724,0.40810711505139],[109.12810726344,0.408377986355044],[109.128084015965,0.408409483311046],[109.128062841427,0.408420070130179],[109.127925632762,0.408488674013138],[109.127652061693,0.40861826002475],[109.12744328408,0.40871904974438],[109.127267987328,0.408797472425471],[109.127169713911,0.408841435783678],[109.126960936298,0.408927827357392],[109.126795354022,0.409028616177749],[109.126701764275,0.409244592863707],[109.12668736523,0.409294988173174],[109.126617251385,0.409571062954206],[109.126572178264,0.409748538764117],[109.126572178264,0.409777335955304],[109.126517932057,0.410315269034465],[109.126507383909,0.410419867383039],[109.12648578669,0.410634043626258],[109.126416825776,0.410798490058308],[109.126392196942,0.410857220284519],[109.126212215621,0.411073196970507],[109.12618136258,0.41111330673373],[109.126071362004,0.411256307932314],[109.125996239835,0.411353967111955],[109.125930762894,0.411378741635647],[109.125463496743,0.411555544752591],[109.124850233751,0.411400615845766],[109.124779570421,0.411382764303199],[109.124577991881,0.411332368993664],[109.12447720306,0.411296372729435],[109.124430407737,0.411278825157686],[109.124430407737,0.41128557367034],[109.124409324031,0.411306658275684],[109.124394412372,0.411321569934532],[109.12428642268,0.411357566198758],[109.124214431051,0.411371965244035],[109.124142439422,0.411400762435275],[109.12403444973,0.411443956873134],[109.123969657174,0.411501551255642],[109.123900664784,0.411534547381509],[109.123873793941,0.411547398693531],[109.12387246834,0.411569943797926],[109.123875473874,0.41158948426732],[109.123858069294,0.411634737253398],[109.12387246834,0.411699529809483],[109.123922062353,0.411724326816273],[109.123966058087,0.411800318629845],[109.124074045981,0.411922705568408],[109.124167635728,0.412117085035497],[109.124196432919,0.41228266731128],[109.124182033874,0.41247704587901],[109.124160436655,0.412599432817612],[109.12414603761,0.412793812284637],[109.124131640363,0.412995390824674],[109.124066846907,0.413369749814134],[109.123987655306,0.413614523691365],[109.123908463705,0.413895293832799],[109.123742881429,0.414053677035613],[109.123598897271,0.414190462120182],[109.123397318731,0.414233658356675],[109.123238936428,0.414226459283724],[109.123051756034,0.414190462120182],[109.122850176594,0.414183263047195],[109.122569407352,0.414204861165436],[109.122310235329,0.414204861165436],[109.122087058671,0.414226459283724],[109.121899879176,0.414255254676333],[109.121719898754,0.41435604529526],[109.121547117406,0.414464033188606],[109.121446327686,0.414543224790045],[109.121244750045,0.414687208947549],[109.121173548021,0.414765530005217],[109.121172756617,0.414766401448326],[109.121107964061,0.414859991195673],[109.121093565915,0.41494638097077],[109.12112956218,0.415090366027642],[109.121228040642,0.415116056061208],[109.121259148191,0.415227151112146],[109.121489523023,0.41555831566376],[109.121579513684,0.415619509133084],[109.121763094092,0.415770693262907],[109.121917877308,0.415860683024156],[109.122191448377,0.415975870889777],[109.122215401819,0.415994217958829],[109.122360629739,0.416105456901322],[109.122425423195,0.41624224198589],[109.122465019445,0.416371827997529],[109.122486615765,0.416515813054387],[109.122439821341,0.416641799079794],[109.122364228826,0.416789383223472],[109.122281438138,0.416882972970881],[109.122141053067,0.4169369682665],[109.121957472659,0.41698736177739],[109.121781092224,0.416998160836497],[109.12163350808,0.417005359909464],[109.121446327686,0.417037757086839],[109.121165558444,0.417188941216681],[109.12112956218,0.417253733772836],[109.121064768724,0.417332925374238],[109.120942381785,0.417476910431079],[109.120855991111,0.417577699251468],[109.120647214397,0.417649690880554],[109.12057522097,0.417649690880554],[109.120460034003,0.417563300206215],[109.120344846138,0.41738331978445],[109.120272853609,0.417232135654554],[109.120208061053,0.417080952424033],[109.120042478777,0.416800182282656],[109.119927290912,0.416656198125105],[109.119768907709,0.416404225174911],[109.119660919816,0.41628903730928],[109.11944494313,0.416137853179403],[109.119250563663,0.416137853179403],[109.119120976752,0.416202645735555],[109.119077782314,0.41630343635456],[109.119020187931,0.416461818658032],[109.118948196302,0.416648999052087],[109.118818610291,0.416792983209625],[109.118703422425,0.416900972002266],[109.118451448576,0.417095350570037],[109.118185078379,0.417167343098474],[109.117868311973,0.417282530964086],[109.117681131579,0.417332925374238],[109.117133991241,0.417419316048665],[109.116961208993,0.417469709559499],[109.116846022026,0.417505706723038],[109.116558052812,0.417599297369744],[109.11637807239,0.417642491807601],[109.116154895732,0.417714484336041],[109.116046906939,0.417750479700947],[109.116026220734,0.41775852503593],[109.115917320928,0.417800875010412],[109.115830931153,0.417901663830756],[109.115744539579,0.417988055404447],[109.115713026435,0.4180550207227],[109.115643750759,0.418110442343085],[109.115456571264,0.418261624674303],[109.11537017969,0.418398410658174],[109.11531978528,0.418506398551474],[109.115254991825,0.418635984563073],[109.115226194633,0.418866361193632],[109.115233394605,0.419060739761394],[109.115240593678,0.41922632203716],[109.11526939087,0.419442298723113],[109.115348581572,0.419600681925991],[109.115413375027,0.419708669819331],[109.115506964775,0.419888651140405],[109.115580622848,0.420060518777957],[109.115593356348,0.420090228781077],[109.115614953567,0.420183819427768],[109.115557360084,0.420306206366374],[109.115499765702,0.420356600776532],[109.115406175954,0.420370998922517],[109.115183000195,0.420356600776532],[109.11501741792,0.420320605411626],[109.114938226318,0.420270210102159],[109.114851835644,0.420212615719638],[109.114765444969,0.420119025972329],[109.114664656149,0.419982240887743],[109.114635734851,0.419944420798374],[109.114571066402,0.419859853949141],[109.114484674828,0.419802259566659],[109.11434069067,0.419730267937547],[109.114175108395,0.419658276308443],[109.114052720557,0.419629479117182],[109.113901538226,0.41959348285297],[109.11373595505,0.41959348285297],[109.113555974629,0.419615080071927],[109.113426388617,0.419651076336136],[109.113246408195,0.419730267937547],[109.113224552871,0.419744837854002],[109.113138420302,0.419802259566659],[109.112944039935,0.419895850213372],[109.112800055778,0.419917448331599],[109.11260567721,0.419924647404634],[109.112490489345,0.419903049286338],[109.112360903333,0.419852654876177],[109.112267312686,0.419802259566659],[109.112180922012,0.419737467010494],[109.112137726675,0.419672673555111],[109.112080133192,0.41959348285297],[109.112049313425,0.419519513614715],[109.112005258336,0.419506926703354],[109.11195054718,0.419427899677869],[109.11169857423,0.419269517374397],[109.111612182656,0.419219122964191],[109.111374608751,0.419139931362796],[109.11109383861,0.418895156586243],[109.110993049789,0.418801567738224],[109.110863463778,0.418506398551474],[109.110870662851,0.418240028354657],[109.110928257233,0.41796645728624],[109.111007447935,0.417793675937447],[109.111187429257,0.417541702987245],[109.111425003161,0.417455312312884],[109.111684176084,0.417512905796001],[109.112065735046,0.417642491807601],[109.11237530058,0.417793675937447],[109.112548082828,0.417822473128687],[109.112670469766,0.417786475965138],[109.112756860441,0.417707285263054],[109.112771258587,0.417563300206215],[109.112742462295,0.417332925374238],[109.112684867912,0.417030558013893],[109.112576880019,0.416828978574526],[109.112454493081,0.416641799079794],[109.11237530058,0.4165266121135],[109.112288910805,0.416411424247865],[109.112209719203,0.41630343635456],[109.11210173131,0.416217044780843],[109.112089373726,0.416200569200953],[109.112139036987,0.416126073859282],[109.112108930383,0.416065860650972],[109.111986543444,0.415907478347496],[109.111820961169,0.415756294217654],[109.111662577966,0.415576313795888],[109.111590586337,0.415417930593096],[109.111439402207,0.415245149244293],[109.111281019004,0.415122762305658],[109.111101037683,0.414978778148157],[109.110942655379,0.414892386574418],[109.110791471249,0.41484199216425],[109.110561096417,0.414813195872349],[109.110323521613,0.41486359028249],[109.110078747736,0.414978778148157],[109.109985157989,0.415108364159723],[109.109920365433,0.415381935228188],[109.109877170095,0.415612310060096],[109.109855571977,0.415792289582538],[109.109833973859,0.4160370643591],[109.109833973859,0.416224243853831],[109.109833973859,0.416433022366156],[109.109877170095,0.416677795344009],[109.109725985966,0.417016158968614],[109.109668391583,0.417167343098474],[109.109582000909,0.417484108604739],[109.109488411161,0.417714484336041],[109.109373224195,0.417916062876031],[109.109229239138,0.418088844224824],[109.109034859671,0.418160835853941],[109.108811683912,0.418132038662666],[109.108552511889,0.418081645151859],[109.108401327759,0.418024050769339],[109.108192550146,0.417916062876031],[109.107954976241,0.417851270319947],[109.107724601409,0.417772077819174],[109.107501423852,0.417685687144801],[109.107307045284,0.417656889953543],[109.107105466744,0.417656889953543],[109.106968681659,0.417692887117088],[109.106803099384,0.41777927689217],[109.106731106855,0.417858469392896],[109.106752704973,0.418024050769339],[109.106889490058,0.418189633045185],[109.106911642159,0.418207354186104],[109.106961481687,0.418247227427619],[109.107069471379,0.418362415293303],[109.107163061126,0.418456005040632],[109.107235052755,0.418556793861001],[109.107379037812,0.418657582681364],[109.10752302197,0.418736774282736],[109.107638209836,0.418815965884143],[109.107760596774,0.41888075933963],[109.107792993052,0.418884359325772],[109.107854187421,0.418945551895774],[109.107919723716,0.4190051319813],[109.107933378123,0.419017544424201],[109.108091761326,0.419255119228415],[109.108170952927,0.419363107121745],[109.108211429614,0.41943394312204],[109.108314937085,0.419615080071927],[109.108437324023,0.419838255830867],[109.108509315652,0.419996639033664],[109.108595707226,0.420169421281796],[109.108653300709,0.420270210102159],[109.108739692283,0.420421394231992],[109.108790085794,0.42052218305234],[109.108801222998,0.420549406429983],[109.108854879249,0.420680566255159],[109.108898074587,0.420817351339721],[109.10895566807,0.420997331761472],[109.109020460626,0.421170113110284],[109.109070855935,0.421299699121845],[109.109092454054,0.421407687914468],[109.109092454054,0.421580469263266],[109.109085254981,0.421695657128898],[109.109042058744,0.421825243140518],[109.108948468997,0.421890035696646],[109.108876477368,0.421933231033847],[109.108653300709,0.421998023589995],[109.108415725905,0.421998023589995],[109.108307738012,0.421983626343295],[109.10807736318,0.421976427270342],[109.10792617905,0.421940431006116],[109.10777499492,0.421897234769636],[109.107646970132,0.421806550731784],[109.107602213571,0.421774847830985],[109.107465427587,0.421681258083649],[109.107242251828,0.421681258083649],[109.10713927226,0.421695970092962],[109.107105466744,0.421688458055916],[109.106896689131,0.421674059010675],[109.106702309664,0.421674059010675],[109.106219961882,0.421753250612083],[109.105975188005,0.421810844994521],[109.105644024352,0.421890035696646],[109.105291261682,0.421983626343295],[109.104974496176,0.422055617972426],[109.104772916737,0.422098814208928],[109.104470550276,0.422034020753506],[109.104276170809,0.421947630079105],[109.10420417828,0.421882836623616],[109.104031396932,0.421782047803325],[109.103887411875,0.421638062746467],[109.103721829599,0.421522874880779],[109.103613841705,0.421386089796268],[109.103477055722,0.421278101902917],[109.103304275272,0.421177313082573],[109.103052302322,0.421069324289925],[109.102901118192,0.421033328025698],[109.10272113777,0.420910941087135],[109.102404372264,0.420802953193802],[109.10221719187,0.420687765328178],[109.102008414257,0.420673367182189],[109.101978991138,0.420667062035312],[109.101907625437,0.420651769063943],[109.101900426364,0.420644569990927],[109.101756441307,0.420601373754432],[109.101691647851,0.420586975608496],[109.101504468357,0.420442990551637],[109.101382081418,0.420313405439343],[109.101302889817,0.420212615719638],[109.101130107568,0.420061431589831],[109.101036517821,0.419939044651227],[109.100981422655,0.419833862642688],[109.100961080889,0.419853822196164],[109.101552738568,0.420658477107052],[109.1014739004,0.420632198017564],[109.100242180832,0.420324268350327],[109.100330160608,0.420617533672277],[109.100858040167,0.420852147009016],[109.101048664065,0.420984117123339],[109.101297939948,0.421248057351991],[109.101693850291,0.421585313911171],[109.102133750073,0.421922569570981],[109.102179006656,0.422031721186988],[109.101781830067,0.422113192569833],[109.101576542723,0.422406459690423],[109.101209960172,0.422743716249558],[109.100784723836,0.423036983370116],[109.100748152905,0.423124190628901],[109.100418141284,0.422919675802463],[109.100350642668,0.422879178431402],[109.099890260827,0.422729052803623],[109.099701703571,0.422549199186222],[109.099421035053,0.422509102912835],[109.099338626576,0.422572493425869],[109.099333055276,0.422567755797331],[109.099289064938,0.422479776920207],[109.09861455182,0.422318479913933],[109.097866722371,0.422538429804726],[109.097679593239,0.422822465384507],[109.097250863037,0.422655735573812],[109.097104228577,0.42206920313129],[109.096957595916,0.421130750683625],[109.096957595916,0.420221625127945],[109.09686961614,0.419341824665536],[109.096898943032,0.418344719333398],[109.096781636364,0.417904818652513],[109.096777622689,0.417902657581636],[109.096737646026,0.417714195653674],[109.09645904325,0.417596888985238],[109.096230020099,0.417607795063745],[109.096151112684,0.417611553330569],[109.095417946681,0.417860829213963],[109.09464079124,0.417919482997756],[109.094590772746,0.417921150340872],[109.093760990777,0.417948808990383],[109.093570367778,0.418242076110968],[109.093511714894,0.418828608553495],[109.093482388002,0.419605764894183],[109.093483251351,0.419618186330293],[109.093262438111,0.420192298236025],[109.093159882123,0.420453350741574],[109.093101142004,0.420529553895843],[109.092573262446,0.421453343796821],[109.092338649109,0.422597082689249],[109.09226533188,0.42381413881151],[109.092294658772,0.424840571934897],[109.092523424716,0.425284648168008],[109.092587924993,0.425529747599801],[109.092763885445,0.426116280941617],[109.092784833353,0.426241966593505],[109.092793212337,0.426233587609994],[109.095491263911,0.426614833607737],[109.095485637752,0.426766712913489],[109.095864568895,0.426878163196712],[109.106065250611,0.443618995420365],[109.106350331203,0.443736169888381],[109.106339274938,0.443783408577467],[109.131575218322,0.455888455987516],[109.133741700419,0.458251891411677],[109.138498555564,0.458132968661631],[109.140269290995,0.461182566122598],[109.140742234567,0.461986570823605],[109.141996679103,0.464119125996879],[109.142747807266,0.465396042793183],[109.143502218852,0.466678544379362],[109.143930973336,0.466783349571971],[109.148551175596,0.467766372420208],[109.148631804314,0.467783526988227],[109.149004900656,0.468508278034657],[109.150443570414,0.47130293478267],[109.150357453134,0.471957425394892],[109.150440985763,0.472412212553579],[109.150765834376,0.472774186079829],[109.150905053925,0.4729412513377],[109.151081400186,0.47316400441531],[109.151415529803,0.473618790674704],[109.151545469248,0.473878668665672],[109.151647563884,0.474175673368681],[109.1516939707,0.474370581637061],[109.151768222326,0.474537646894937],[109.151972411598,0.474769680976064],[109.152195164675,0.474946027237417],[109.152399354846,0.475085247686077],[109.152455957277,0.475126413253392],[109.152631388928,0.475382252389063],[109.152946955638,0.475790631832221],[109.153485276325,0.476347513626879],[109.153745154316,0.476625956322889],[109.154042158119,0.476978647946282],[109.154121836254,0.477094543578335],[109.15424634829,0.477275651749946],[109.154506227181,0.477702594998768],[109.154580477907,0.477999598802497],[109.154487664274,0.478240913887126],[109.154357724829,0.4785379176908],[109.154320599017,0.478760670768403],[109.154357724829,0.479057674572057],[109.154413412649,0.479243302736277],[109.154580477907,0.479447492907527],[109.154691854446,0.479558869446269],[109.15493317043,0.479837310343644],[109.154970295343,0.480171439960031],[109.154967297903,0.480181932350311],[109.155175213066,0.480270675651178],[109.157504180174,0.481264746670771],[109.15751339103,0.481248078635968],[109.157643329576,0.481071733273877],[109.157717581201,0.481053170367539],[109.157921772272,0.480960355835802],[109.158116679641,0.481071733273877],[109.158627156418,0.481238797632444],[109.158961285135,0.481433705900829],[109.159202601119,0.481572927248867],[109.159332539665,0.481628615068587],[109.159583136653,0.481721428701005],[109.159870860352,0.481860650048966],[109.16043702405,0.482157652953366],[109.161810667428,0.482695972740979],[109.162274734691,0.48286303799887],[109.162338548785,0.482885083080188],[109.162409826353,0.482646154796254],[109.166029118249,0.482020598072188],[109.166296046925,0.481974461951873],[109.166316772701,0.481684302888287],[109.166369422611,0.481605328922837],[109.181653675976,0.482439015748018],[109.181108273128,0.480330124435724],[109.180575169409,0.472155871596252],[109.18048976619,0.470846356174438],[109.180473677318,0.470599655050084],[109.186454059208,0.455098505891383],[109.186561297066,0.454977862738248],[109.186562705405,0.454976279032115],[109.186855612796,0.454488100045806],[109.187076337903,0.454230587271806],[109.187148520188,0.454146374755447],[109.187392608782,0.454097556856819],[109.187880787768,0.454146374755447],[109.18817369516,0.454439282147172],[109.188320148856,0.454976279032115],[109.188416402395,0.455409415911844],[109.188417784653,0.45541564011971],[109.188564239248,0.455952636105334],[109.188857145741,0.45609908980122],[109.189345324727,0.456196725598409],[109.189784512245,0.45580633709283],[109.189833205138,0.455820463643529],[109.189882320713,0.456147907699802],[109.190065820182,0.455887950568508],[109.190468136395,0.455318004322459],[109.190858678685,0.454732188639629],[109.191444492569,0.454488100045806],[109.191453165631,0.454485208725422],[109.191883853657,0.454341646349962],[109.192225579847,0.454390464248541],[109.192372032643,0.454781007437564],[109.19239190856,0.454825727125639],[109.192567305137,0.455220367625943],[109.192713757934,0.455757365410114],[109.192713757934,0.456294361395686],[109.192713757934,0.456656180238554],[109.192713757934,0.457124264773032],[109.192713757934,0.457640144676984],[109.192713757934,0.458100622745574],[109.192860211629,0.45863761963051],[109.193348390616,0.45897934492087],[109.193738933805,0.459174615616064],[109.194471202284,0.459613976703731],[109.194861744574,0.459711613400239],[109.19495938127,0.459711613400239],[109.195301105661,0.459613976703731],[109.19495938127,0.459125797717438],[109.19461765598,0.458784073326399],[109.194520020183,0.458442348035979],[109.195008199169,0.458149440644204],[109.195691648851,0.457710079556569],[109.195890170595,0.457577731726983],[109.196067058248,0.457629050640184],[109.19608219204,0.457417173064128],[109.197058550012,0.457417173064128],[109.197546728998,0.457465990962756],[109.198083724984,0.45790535115105],[109.198278996578,0.457661261657939],[109.198376633275,0.45717308267166],[109.19857190397,0.456733721584026],[109.198718357666,0.456489632990209],[109.198962447159,0.456391997192949],[109.199157718754,0.456391997192949],[109.199597079841,0.456733721584026],[109.20003644003,0.456928994077889],[109.200671072712,0.457124264773032],[109.201403341191,0.457124264773032],[109.201842702279,0.456489632990209],[109.201989155975,0.455952636105334],[109.202135608771,0.455366822221097],[109.202341525641,0.45564137714789],[109.202428517063,0.455757365410114],[109.202379699164,0.456391997192949],[109.202282063367,0.456782540381997],[109.202233244569,0.457319537266867],[109.202263953719,0.457534495920291],[109.202330881265,0.458002986948318],[109.202819060251,0.458881709123592],[109.203111966744,0.459223434414017],[109.203893053122,0.459662794602307],[109.204154250418,0.45982604313741],[109.204283596311,0.45990688499478],[109.204296433234,0.459917154353261],[109.204491444025,0.460073163345818],[109.204771775297,0.460297428183797],[109.204820593196,0.460736789271433],[109.204283596311,0.461224967358421],[109.203874571155,0.461458695762249],[109.20360014573,0.461615509648083],[109.204137141716,0.462250143229604],[109.204820593196,0.462347779026859],[109.205552860776,0.462201325330968],[109.206236311357,0.462201325330968],[109.207261487228,0.462103688634372],[109.208042572707,0.462445413924733],[109.208172499561,0.463062567383642],[109.208237844301,0.46337295399866],[109.208530751693,0.464300494072572],[109.208543273853,0.464463280356126],[109.208579569592,0.464935125855426],[109.208970112781,0.465374486943061],[109.209507108766,0.46498394375402],[109.20970238126,0.463861132984952],[109.209848834057,0.463421771897283],[109.210337013043,0.462445413924733],[109.210682637794,0.461869372973237],[109.21077637413,0.461713146344659],[109.211118099421,0.461469056851514],[109.211801550002,0.461127331561157],[109.212289728089,0.461029695763902],[109.212875542872,0.460932059966642],[109.21331490396,0.46098087786525],[109.213292314789,0.461387473053487],[109.213289979249,0.461429513661163],[109.213266086061,0.461859600040549],[109.213119632365,0.462347779026859],[109.213338787255,0.462639984048057],[109.213412539757,0.462738322215844],[109.213614463637,0.462719965254224],[109.214486532628,0.462640686418589],[109.214828257918,0.461761964243293],[109.21507234831,0.461127331561157],[109.215316436904,0.460932059966642],[109.215853433789,0.461224967358421],[109.216097523282,0.461615509648083],[109.216341612775,0.461908417939184],[109.217343000679,0.462082571653408],[109.217464424444,0.462103688634372],[109.218489599416,0.462103688634372],[109.219368320692,0.4620060528371],[109.220686403955,0.461761964243293],[109.221369853636,0.461908417939184],[109.22190685142,0.462347779026859],[109.222443848305,0.46278713921515],[109.222851814959,0.463421755709536],[109.222883207594,0.463470589795896],[109.223322568682,0.464154040376679],[109.223576881668,0.464832207440454],[109.223615476973,0.464935125855426],[109.223729053253,0.465654444097358],[109.223892294594,0.465701805094281],[109.224396563351,0.465716212233466],[109.225421738323,0.465081579551282],[109.226105188903,0.464642219362987],[109.226983910179,0.465130398349213],[109.22700388682,0.46520531277503],[109.227179181774,0.465862665929367],[109.227081545977,0.46615557332108],[109.226861961211,0.466563373600868],[109.226739820686,0.466790206003211],[109.226622032881,0.467173016821326],[109.226544549991,0.467424837786089],[109.226349278396,0.467815380975079],[109.225714645714,0.46766892817854],[109.225342064685,0.467471678974848],[109.225290282621,0.46730137525833],[109.224956313983,0.467156654555969],[109.224777222091,0.467177320077323],[109.224763353646,0.467123258231823],[109.22459781094,0.467138777832338],[109.224420107602,0.467088005706933],[109.224328946024,0.467205412200091],[109.22424941268,0.467154800153916],[109.223933997956,0.467525876617968],[109.223931584175,0.46759024199611],[109.223815253271,0.467585248960116],[109.223813852128,0.467718350421588],[109.223761929769,0.467766563076446],[109.223361333059,0.468647877997218],[109.223273751682,0.468840556846263],[109.22337138658,0.469524007427003],[109.223713111871,0.470109822210591],[109.224250108756,0.470256275007157],[109.224689469843,0.470158639209897],[109.226202823801,0.470012186413335],[109.22766736076,0.469670461122892],[109.228106721848,0.469670461122892],[109.229864165299,0.470061004311942],[109.230186899606,0.470383738618692],[109.230645250778,0.470842089790642],[109.23074323821,0.471405512354559],[109.230840523272,0.471964900559763],[109.231133429764,0.472648351140542],[109.231719245447,0.472599533241915],[109.232109787737,0.471769628965264],[109.232305059331,0.471086179283792],[109.232695601621,0.470890907689293],[109.232758853638,0.471017411724236],[109.232849776896,0.471199258239213],[109.232988509912,0.471476721573479],[109.233086145709,0.472355443748767],[109.233086145709,0.472745986937787],[109.233281417304,0.473136530126772],[109.233525505897,0.472648351140542],[109.233964866985,0.471671994067313],[109.234257775276,0.471671994067313],[109.235038860755,0.472257807951514],[109.235478221842,0.472794804836416],[109.236405761017,0.473429436619256],[109.237040393699,0.473819979808295],[109.238163205368,0.473868797706872],[109.238846655049,0.473624709113099],[109.240374202108,0.472240370097017],[109.240408827805,0.472208990052883],[109.241629275271,0.470549182398887],[109.242087200164,0.469495953075802],[109.242117453358,0.469426370730445],[109.242068814424,0.467869920360539],[109.242068636359,0.467864198873708],[109.241238732082,0.46615557332108],[109.240994641689,0.465716212233466],[109.240750553096,0.465130398349213],[109.240701735197,0.46498394375402],[109.240959306427,0.464468802193469],[109.241445710151,0.46431190017407],[109.242372900389,0.464368669878243],[109.243124687754,0.464385010559854],[109.243243329916,0.464387589815487],[109.244038069801,0.464141600054849],[109.244757120045,0.463573929992948],[109.245646470408,0.462873799686184],[109.246403370419,0.462211520045667],[109.24706565006,0.461454620034694],[109.247387330361,0.460584189608685],[109.247396830799,0.459909535296849],[109.247549238906,0.459594557642789],[109.247558343643,0.459575742026909],[109.247587140834,0.459359765340933],[109.247587140834,0.459172584946886],[109.247558343643,0.458841420395288],[109.247515148305,0.458524653989625],[109.247515148305,0.458222344185848],[109.247515148305,0.458179092191416],[109.247371164148,0.457761536066057],[109.247327967912,0.457545560279407],[109.247356765103,0.457041614379002],[109.24729917072,0.45673924611935],[109.247399961339,0.455760150610496],[109.247356765103,0.455443385104156],[109.247356765103,0.455198611226992],[109.247356765103,0.455040228024113],[109.247419229314,0.454740402147863],[109.247428757631,0.454694666225927],[109.247428757631,0.454570207249328],[109.247428757631,0.454478688640611],[109.247428757631,0.454446292362543],[109.247428757631,0.454248312909383],[109.247399961339,0.45406113341458],[109.247386521871,0.453953623061271],[109.247380257193,0.453903508340263],[109.247403560426,0.453794762318458],[109.247525947365,0.453585983806134],[109.247655533376,0.453456397794559],[109.247957900737,0.453283617345083],[109.248224271833,0.453118035069319],[109.248454646665,0.452995648130692],[109.248843405599,0.452822865882557],[109.249289758016,0.45283006585491],[109.249678516051,0.452786869618364],[109.25000248063,0.452815666809608],[109.25000372709,0.45281549863641],[109.250268852625,0.452779671444695],[109.250571219986,0.452700479843312],[109.250887986392,0.452664482679758],[109.251341537882,0.452434107847867],[109.251787890299,0.452254127426082],[109.252169449261,0.452110143268549],[109.252532646764,0.451962400844175],[109.25259420266,0.451937361020448],[109.252774183981,0.451786177789929],[109.252932567184,0.451685388070226],[109.253069352269,0.451750182425029],[109.253486906595,0.451879768436584],[109.253882864603,0.452045349813097],[109.254192431935,0.452311720909216],[109.254617186234,0.452866062119138],[109.254717975055,0.452938053748253],[109.254797166656,0.452981249085416],[109.254854761039,0.453024445321952],[109.255099534016,0.453204424844394],[109.255301112556,0.453305214564069],[109.25556028458,0.453449198721609],[109.255725866855,0.453585983806134],[109.256035434188,0.453758766054246],[109.25626580902,0.453902750211787],[109.256510582897,0.454082730633549],[109.256726559583,0.454205117572133],[109.257151313882,0.454305907291819],[109.257859649603,0.454382296605724],[109.257885634614,0.454385098893202],[109.258130409391,0.454406696112191],[109.258461573943,0.454363500774978],[109.258792737595,0.454291509145883],[109.259095105854,0.454313106364789],[109.259447867625,0.45426271195464],[109.259779032177,0.454183520353229],[109.260009407009,0.454183520353229],[109.260362169678,0.45421231664517],[109.260438958291,0.454230037786089],[109.260642938921,0.454277110100575],[109.260916509989,0.454356301702029],[109.261204479203,0.45443549330343],[109.261406057743,0.454485887713584],[109.261535643755,0.454557880242021],[109.261650830721,0.454694666225927],[109.261722824149,0.454946638276789],[109.261737222295,0.455155415889794],[109.261715624177,0.455320998165559],[109.261629234402,0.455464983222416],[109.261468191004,0.455596744694038],[109.261391658698,0.455659361790135],[109.261283670805,0.455817744992993],[109.261262072687,0.455990526341773],[109.261341264288,0.456112913280374],[109.261492448418,0.456120113252664],[109.261737222295,0.456062518870165],[109.261981996172,0.45597612819579],[109.262089034382,0.455920763232718],[109.262190772886,0.455868140302467],[109.262305960752,0.455803346846989],[109.262413948645,0.45587533937543],[109.262457144881,0.455925732886327],[109.262482693721,0.455954121785339],[109.262521938337,0.455997726314079],[109.262642805421,0.456058158956916],[109.262665921595,0.456069717943196],[109.262745114096,0.456069717943196],[109.262765743644,0.456067752924524],[109.263019949611,0.456081874978598],[109.265159530288,0.455088500034311],[109.265487110142,0.454936404891207],[109.267594170435,0.453657120180026],[109.269249709906,0.453130360277947],[109.269610285886,0.452835343076686],[109.271733030355,0.451098549858208],[109.273990590393,0.448238970152367],[109.274482630169,0.447017369755868],[109.275397255979,0.444746567200352],[109.276062339705,0.443095320192921],[109.27617289966,0.442820824621375],[109.276774920226,0.440864270369843],[109.276775342908,0.440863674119324],[109.277324243219,0.440090737397648],[109.278067333241,0.439044350116717],[109.278314864439,0.438160310250172],[109.278797306651,0.437121202081875],[109.278797323738,0.437121166108958],[109.279012080943,0.436658612405097],[109.279296414198,0.436127857714489],[109.279303337179,0.436127857714489],[109.279335732558,0.436061264715655],[109.279341132987,0.436048667012393],[109.279352308862,0.436023520169364],[109.279355531133,0.436016269835024],[109.279362730206,0.43599287307266],[109.279366330192,0.435978474027427],[109.279375328808,0.435947877292727],[109.279375328808,0.435924479631067],[109.279373513977,0.435913589740441],[109.279368129736,0.435881285193212],[109.279355531133,0.435856087088775],[109.279330333928,0.435821891267324],[109.279314136238,0.435798492706339],[109.279288938134,0.43575529826848],[109.279285339047,0.435703104314879],[109.279285339047,0.435701303872103],[109.279283538605,0.435641909946237],[109.279279938618,0.435587916449199],[109.279272740445,0.435560918801374],[109.27924754324,0.435523122993777],[109.279218746048,0.435499726231453],[109.279186348871,0.435472727684243],[109.279159352123,0.435442131848952],[109.279164751652,0.435398935612457],[109.279184550227,0.435361139804772],[109.279206147446,0.435307146307817],[109.279240344167,0.435224354720224],[109.279238543724,0.435177560296203],[109.279233272797,0.435138908334009],[109.279233144194,0.435137964045852],[109.279229545107,0.435107368210538],[109.279224144679,0.435078571019284],[109.279213345619,0.434992180344902],[109.279285339047,0.434939986391322],[109.279341132987,0.434956184080694],[109.279413124616,0.434992180344902],[109.279472519441,0.435017376650647],[109.279524713395,0.435038974768924],[109.279582306878,0.435064171973975],[109.279614703156,0.435089370078394],[109.27965609895,0.435082170106115],[109.279719091963,0.435074971033131],[109.279794683578,0.435049773828042],[109.279846878431,0.435028175709763],[109.279888460384,0.435007385182706],[109.279890073768,0.435006577591537],[109.279915270973,0.43497778219892],[109.279936869091,0.434934585962421],[109.27994766815,0.434902189684351],[109.279942267721,0.434837397128204],[109.279920671402,0.434828397612511],[109.279915067726,0.434827105286708],[109.27991347143,0.434822998082931],[109.279875674723,0.434783401832573],[109.279855877047,0.434772603672735],[109.279836080271,0.434752805997217],[109.279800083107,0.434707810217335],[109.279782084975,0.434684412555673],[109.279735289652,0.434659216249882],[109.279728090579,0.434653815820981],[109.279712822789,0.434647177924935],[109.279686695685,0.434635817688896],[109.279684896141,0.434632218602069],[109.279670497096,0.434607021396976],[109.27966149758,0.434569224689986],[109.27966149758,0.434549427014476],[109.279674097082,0.434515231193017],[109.279686695685,0.434497233060878],[109.279722691949,0.434475634942643],[109.279774885902,0.43445043773753],[109.27981268171,0.434418042358807],[109.279855877047,0.434391043811657],[109.279900872827,0.434373045679528],[109.279927869576,0.434362248419061],[109.279930982129,0.434360172783783],[109.279965666282,0.434337050314671],[109.279987262602,0.434310052666835],[109.280005260734,0.434292055434073],[109.280023259766,0.43426865777238],[109.280025059309,0.434256059169848],[109.280025059309,0.434251558962315],[109.280034057926,0.43423806103772],[109.280044856985,0.434218263362184],[109.280057455587,0.434196665243956],[109.280065806692,0.43417857178371],[109.280068254646,0.434173267582254],[109.280071853733,0.434131871788504],[109.280071853733,0.434079677834905],[109.280068254646,0.434040081584533],[109.280062855117,0.434014885278755],[109.280052056058,0.43398968807366],[109.280001661647,0.433924894618254],[109.279978263986,0.433914095559083],[109.279911671886,0.433908696029562],[109.279873876079,0.433901496956578],[109.279823084168,0.433882783863457],[109.279805482637,0.433876299751463],[109.279785684961,0.433865500692369],[109.279746088711,0.433831304870865],[109.279728090579,0.433795307707324],[109.279715492876,0.433757511899724],[109.279713693332,0.433723316078214],[109.279720892405,0.433685520270615],[109.279737090095,0.433642324933357],[109.279776686345,0.433613527742164],[109.279832480285,0.433615328184886],[109.279845869391,0.433616139373386],[109.279891874211,0.433618927271709],[109.279969265369,0.433624326801297],[109.280035858368,0.433636925403824],[109.280070055089,0.433649524006376],[109.280098851381,0.433662122608876],[109.280143847161,0.433674721211425],[109.280170328598,0.433683989624451],[109.280179843425,0.433687319813974],[109.280194240672,0.433696319329712],[109.280208639717,0.433717917447989],[109.280209207189,0.43371898044666],[109.280213748766,0.43372749612712],[109.280219437877,0.433741314210331],[109.280226637849,0.433768310958834],[109.280235637365,0.43380250767961],[109.280242836438,0.43384210303066],[109.280250034611,0.433865500692369],[109.280269833186,0.433901496956578],[109.280284232232,0.433932093691205],[109.280302230364,0.433969890398149],[109.280338225729,0.43399688714669],[109.280383220609,0.434014885278755],[109.280458813124,0.434018484365578],[109.280489408959,0.434018484365578],[109.28052360568,0.434014885278755],[109.28057939962,0.43399328716055],[109.280609997254,0.43398068855799],[109.280627995386,0.43393029414779],[109.280633394016,0.433903297399286],[109.280649591705,0.43384210303066],[109.280658591221,0.433806106766415],[109.280651392148,0.433734115137329],[109.280647859611,0.433714101624561],[109.280645992619,0.433703518402688],[109.280642392632,0.43366392305165],[109.28064699896,0.433637209589609],[109.280651392148,0.433611728198743],[109.280654992134,0.433548735186036],[109.280647793061,0.43348934126016],[109.280636994002,0.433390351983174],[109.280620795413,0.433370554307655],[109.280586598693,0.433345357102606],[109.280568669808,0.433334731612603],[109.280538003826,0.43331655991136],[109.280520005694,0.433303961308799],[109.280460612667,0.433271565030735],[109.280442615434,0.433257165985474],[109.280419216873,0.433240968296105],[109.280413818243,0.433226569250798],[109.2804120178,0.433210370662149],[109.280430015933,0.433132978604118],[109.280439015448,0.433114981371292],[109.280449813608,0.433096983239212],[109.280475010813,0.433087983723505],[109.280532605196,0.433084384636663],[109.280599030921,0.433073612557202],[109.280599198194,0.433073585577551],[109.280633394016,0.433062787417725],[109.28067478981,0.433048389271792],[109.280716184704,0.433017791637835],[109.280750381425,0.43299619441887],[109.280766031427,0.432984812599022],[109.280789976776,0.432967397227628],[109.28083137257,0.432967397227628],[109.280852969789,0.432978196286793],[109.280872768364,0.432988995345902],[109.280890765596,0.433003392592518],[109.280897965569,0.433014191651678],[109.280897965569,0.433026791153502],[109.280897965569,0.433031223012546],[109.280897965569,0.433032189783776],[109.280897965569,0.433048389271792],[109.280898604087,0.433053498320339],[109.280890765596,0.433087983723505],[109.280897659799,0.43312107068087],[109.280899765112,0.433131179960019],[109.280905164642,0.433147377649374],[109.28091657434,0.433166937004615],[109.280917764144,0.43316897576767],[109.280942961349,0.433185174356344],[109.280968157654,0.433185174356344],[109.280977305558,0.433184289423464],[109.280987967021,0.433183257001756],[109.281023951594,0.433179773927458],[109.281067146931,0.433177975283374],[109.281090544593,0.433172574854487],[109.281148138975,0.433143777663251],[109.281160736679,0.43313657859028],[109.281196733842,0.433096983239212],[109.281214731974,0.433077184664395],[109.281232730106,0.433051988358615],[109.281248927796,0.433032189783776],[109.281258034331,0.433015495668657],[109.281259726855,0.433012392108241],[109.281274125001,0.432988995345902],[109.28129032359,0.432970997213769],[109.281329918941,0.432933201406154],[109.281362316118,0.432929601420033],[109.281419909601,0.432935000949559],[109.281470304011,0.432945800008727],[109.28153149838,0.432958397711955],[109.281551296055,0.432958397711955],[109.281551296055,0.432943999565967],[109.281551296055,0.432933792260748],[109.281563901853,0.4329393950371],[109.281567426296,0.432927942170856],[109.28170133265,0.432717516999836],[109.282122183892,0.432392314054058],[109.282275219726,0.432315796137096],[109.282428257358,0.432105370066835],[109.282581294092,0.431799296600336],[109.28309779183,0.431761037641817],[109.283193440125,0.431837555558784],[109.283729068242,0.431875815416622],[109.283920363934,0.431818426978849],[109.284398603613,0.431340187299836],[109.284551641245,0.43116802108731],[109.284895972771,0.430938466437112],[109.285259434675,0.430842818141549],[109.285603768,0.430881077100076],[109.285852452129,0.431206280045837],[109.285986359383,0.431301928341386],[109.28629243195,0.431321057820577],[109.286713283192,0.431129762128852],[109.286866319925,0.430995854874799],[109.28721065235,0.430728041266128],[109.287249825919,0.430704997937371],[109.287535855296,0.430536744675062],[109.287727150987,0.43034544898336],[109.287918446679,0.430192412250025],[109.288224520146,0.429981987079086],[109.288541651676,0.42999011874901],[109.288702464847,0.429994242140588],[109.289184166916,0.429449156753193],[109.289664414781,0.428905718923836],[109.289967702148,0.42846162110696],[109.290865611359,0.427146824866106],[109.291702236269,0.425921765677002],[109.292853879303,0.424616138923733],[109.293171197893,0.424386963787418],[109.295191716425,0.422082976248404],[109.295273828125,0.421918752848219],[109.295646797662,0.421172813774349],[109.295761576336,0.420828482248678],[109.296105907861,0.420139817398696],[109.296331185336,0.419914539924124],[109.29660327702,0.419642448240443],[109.296644188978,0.419643766646555],[109.297302568259,0.419665005035993],[109.297789311028,0.41968070719895],[109.299396196277,0.420178076357136],[109.299458377202,0.420206340250427],[109.301024220092,0.420244049723181],[109.301270430186,0.420254989975834],[109.301336460209,0.419800079610018],[109.301601590241,0.419162509742065],[109.30205058037,0.418629829602991],[109.302570859757,0.418133230264409],[109.303040789701,0.417755079733168],[109.303438700136,0.416660819741085],[109.30369279009,0.41630900225869],[109.303741762672,0.416241193376434],[109.30375546924,0.416222215882595],[109.304827749801,0.414737516123501],[109.305486340422,0.413825619756605],[109.305993567049,0.413342547120902],[109.30879407029,0.410675399849877],[109.31176100027,0.407928239896412],[109.312469836913,0.406448937868204],[109.313293248085,0.404730523195131],[109.314695079814,0.403623813887957],[109.315766336048,0.402399520921226],[109.316933287341,0.400808223620678],[109.317449739214,0.400103970821643],[109.317908849414,0.399338787155307],[109.318166897284,0.398564646241479],[109.318052320958,0.398456435316288],[109.316981064724,0.397079105616268],[109.316368917791,0.395701775916277],[109.316368917791,0.395144001094799],[109.316368917791,0.394936592249951],[109.316215881058,0.394324446216255],[109.315909807592,0.392028896116674],[109.315909807592,0.389886382750429],[109.316521955424,0.388202978684539],[109.317005021764,0.387140231836266],[109.317070460034,0.386996268363114],[109.317070476222,0.386996232390266],[109.317287138191,0.386519576417357],[109.318817504624,0.380704183251509],[109.319329185594,0.378657455776973],[109.320460825007,0.377235653702474],[109.320902157409,0.374485811071395],[109.324936788602,0.364382747166052],[109.324417320403,0.36306181305228],[109.322147802979,0.363092073440493],[109.322280530322,0.362245949890735],[109.322248336392,0.362244298735429],[109.319796143278,0.362118543835752],[109.319696376087,0.36211342759265],[109.313080949626,0.361774170041934],[109.311816638627,0.361709334318386],[109.311334369086,0.361684602962094],[109.309959561085,0.36161410061032],[109.309274110412,0.361578949708793],[109.304551659731,0.360229679755951],[109.304116532652,0.359992337876125],[109.303468879585,0.359639073384561],[109.302463087701,0.35909045905747],[109.301852787076,0.358757567807549],[109.301323961432,0.358469116556531],[109.297943976433,0.356625491073582],[109.297899778352,0.356601382947513],[109.297130650259,0.356181860004874],[109.29600137966,0.355234729998812],[109.295860380352,0.35519921127462],[109.295626678928,0.354313958222619],[109.295378730444,0.353374729660098],[109.295209198346,0.35319813428652],[109.295155046568,0.353141727009116],[109.296283766782,0.350364201446766],[109.296371820303,0.35020944071317],[109.296987503371,0.349127330561859],[109.296184952873,0.348578840341249],[109.290471332357,0.344673953952513],[109.28876966219,0.343510973552611],[109.286853123273,0.342192875001219],[109.286485384193,0.341840552999117],[109.286166768781,0.341535294318423],[109.286049552945,0.341422993276563],[109.284303245798,0.340461008268934],[109.2835757846,0.339991381125862],[109.282948662651,0.339586529994398],[109.280280641239,0.339277601180409],[109.279028359571,0.339132599889643],[109.279028323598,0.339132596292354],[109.270698749748,0.338168119263343],[109.269016032764,0.337973278444108],[109.26583504705,0.337604953905557],[109.265688372121,0.337841264262978],[109.263936550332,0.337171270237999],[109.263573369915,0.337032369947939],[109.263110649837,0.33685539955706],[109.261521537889,0.336710931564292],[109.26099155032,0.336662750385641],[109.260911686925,0.336674159185114],[109.258631650131,0.336999880140411],[109.256669671168,0.337146297863402],[109.255404840361,0.337240689806036],[109.254008159949,0.33719253021116],[109.251455609689,0.33767413964987],[109.250700632428,0.337997703131519],[109.249176757301,0.339163018558493],[109.248828919319,0.3394290128387],[109.249034790323,0.341075979972567],[109.249059009066,0.341269730813451],[109.250598569269,0.3418969593772],[109.248510919943,0.343636667298426],[109.247821363865,0.344395177995131],[109.247170117107,0.345111550058029],[109.246365635765,0.345996480253402],[109.246269098041,0.346334361841402],[109.246058039747,0.347073064969994],[109.245711975228,0.348284290787422],[109.245507521555,0.348999876842874],[109.244649408244,0.350823369203143],[109.24497120096,0.353183181258826],[109.245103126109,0.353593612954908],[109.244703040213,0.355113936658858],[109.245090330554,0.355727145691277],[109.244703040213,0.356615635403277],[109.244703040213,0.357420116745066],[109.245138872361,0.357746990631121],[109.245942746661,0.359057009673273],[109.24505122983,0.360097113391125],[109.244943965891,0.361277019418927],[109.24505122983,0.362349660608393],[109.245252930678,0.362664819026244],[109.245149335973,0.362744507952751],[109.244407645297,0.363315038758052],[109.24351056616,0.363853285700578],[109.242262361119,0.364602208724987],[109.241128044424,0.365649271396799],[109.240513090707,0.366840740907493],[109.24049844075,0.36682165729369],[109.240042539332,0.368452382671345],[109.240006177943,0.368445966008551],[109.239880096589,0.368396120184845],[109.239488834842,0.370199329235707],[109.241311705771,0.372501902141095],[109.240117076942,0.373397874212574],[109.238508114258,0.375114100835099],[109.238508114258,0.375968716682941],[109.238467528754,0.37594754214539],[109.238301524696,0.375671281204672],[109.231551429255,0.364437913379049],[109.206661759932,0.367705282572772],[109.206563264383,0.367423866718127],[109.206479395408,0.367447830053384],[109.205730651349,0.367447830053384],[109.205088870855,0.367340865588521],[109.204287339289,0.367029158768727],[109.204052663,0.366184323947433],[109.203892217652,0.365328617221965],[109.203838735869,0.364900762959901],[109.20367829142,0.364526391379908],[109.203517846072,0.364312464248877],[109.20333683143,0.364267210363475],[109.20308999181,0.364472908697839],[109.202769102012,0.364740317611618],[109.202073838837,0.365061208308194],[109.201111167646,0.365275135439201],[109.200362423587,0.365221652757104],[109.199560198644,0.364970957743529],[109.199560198644,0.365103387411439],[109.192159666735,0.36319603327033],[109.191731813372,0.363944777329644],[109.191742939785,0.363975538640259],[109.191693727983,0.363953232755536],[109.191591423805,0.364285722907825],[109.191350756232,0.364553131821656],[109.191003125094,0.364793800293688],[109.190872798041,0.364945848672032],[109.190842679746,0.364980986083703],[109.190200899252,0.365301875880898],[109.189478895635,0.365515803011914],[109.188596447568,0.365649507019154],[109.187794221726,0.365729730142942],[109.187356643994,0.365681110095158],[109.186831551435,0.365622765678131],[109.186056066035,0.365194913214712],[109.185735176238,0.364900762959901],[109.185660776224,0.364543643074737],[109.185253841092,0.364499650038827],[109.185173617968,0.364446169155421],[109.185120136185,0.364312464248877],[109.185066655302,0.364312464248877],[109.18445161525,0.364285722907825],[109.183702871191,0.364472908697839],[109.182579754652,0.364686835828878],[109.181349676346,0.364713577169856],[109.180895080743,0.364633354945382],[109.180788118077,0.364526392279234],[109.18044048604,0.364606613604394],[109.1793173713,0.364900762959901],[109.177311805795,0.365248394098156],[109.177167795557,0.36525427206703],[109.176001504366,0.365301875880898],[109.175145796741,0.365168171873682],[109.17437031224,0.364820540735415],[109.173808753971,0.364606613604394],[109.173713049917,0.364558761577638],[109.173621568181,0.364686835828878],[109.17340764105,0.364579873162634],[109.173140233035,0.364152018900596],[109.173179035184,0.364022679303282],[109.173013213689,0.364018314893368],[109.172852768341,0.364111908238049],[109.172665581651,0.364192129563149],[109.172638246758,0.364224933234123],[109.172411543858,0.364205500683334],[109.17189009805,0.364285722907825],[109.17151572557,0.364365946031606],[109.171194834874,0.364472908697839],[109.170989590721,0.364518519532028],[109.1709541682,0.364526391379908],[109.170793722852,0.364579873162634],[109.170646647725,0.364633354945382],[109.170553055279,0.364686835828878],[109.170459461935,0.364726948290056],[109.170385124874,0.364788895391257],[109.170388328259,0.364791137401132],[109.167912106159,0.365659759290508],[109.167942478962,0.365706330682657],[109.16784071168,0.365711356993584],[109.167837591032,0.365718029963147],[109.167327056698,0.365900363910718]]]]},"properties":{"gid":529,"luas":222.49791140959917,"idkec":"6104120","kdkab":"04","kdkec":"120","nmkab":"MEMPAWAH","nmkec":"TOHO","kdprov":"61","nmprov":"KALIMANTAN BARAT","sumber":"BPS","periode":"2023_1"}},{"id":530,"type":"Feature","geometry":{"type":"MultiPolygon","coordinates":[[[[108.739573144585,0.362532408244079],[108.737208929449,0.371901706298708],[108.741236851699,0.379081915997695],[108.749555388171,0.376805264251576],[108.753495747031,0.372514650930444],[108.752532547939,0.366472767104542],[108.746665790894,0.361394082371075],[108.742988123104,0.359117429725646],[108.739573144585,0.362532408244079]]],[[[108.781975786953,0.39845534893527],[108.779699135207,0.399987710064812],[108.777991646397,0.401695198874394],[108.777772737022,0.403052434122567],[108.777641391937,0.40357781536391],[108.778560809334,0.410933151843527],[108.787492288638,0.411546097374515],[108.79401577291,0.406730102812046],[108.79419089969,0.402570834576393],[108.792789882747,0.399506111417948],[108.788324142645,0.397098113687013],[108.784777819941,0.39705433199183],[108.781975786953,0.39845534893527]]],[[[108.916410981681,0.471126902384691],[108.915676660949,0.471400472553776],[108.91392005027,0.472019606319805],[108.913790463359,0.472134794185482],[108.912897759424,0.472465957837749],[108.912437008861,0.472768326097418],[108.912234416785,0.47294840814252],[108.91152990588,0.473574639358141],[108.911155545992,0.474236967562034],[108.910968365598,0.475043281722076],[108.910608404754,0.475863994028123],[108.910334833686,0.476598314760436],[108.910205247674,0.477275042009621],[108.909989270988,0.477980565550698],[108.909845286831,0.478354926338833],[108.90978979866,0.478521389950223],[108.909772138673,0.478527604265591],[108.909744237207,0.478853120175418],[108.909706961207,0.47901154474704],[108.909494453207,0.479914702401632],[108.908963661644,0.481631966841858],[108.908924937736,0.482154740948595],[108.908901216318,0.482474987730541],[108.908707901648,0.482501961995969],[108.908692026816,0.482566482956867],[108.90867847673,0.482614153320581],[108.9086615371,0.482673522065447],[108.90883389217,0.482728674788572],[108.908865114833,0.483040905013807],[108.90883389217,0.483197020126401],[108.908693388389,0.483649754132876],[108.908615330833,0.483961984358132],[108.908568495939,0.48422737879051],[108.908568495939,0.484555221246522],[108.90858410817,0.484976730791516],[108.908597921757,0.485253014215289],[108.908599718602,0.48528896101681],[108.908599718602,0.485554357247853],[108.90858410817,0.485694860129731],[108.908568495939,0.485850975242388],[108.908537273277,0.486210040361132],[108.908537273277,0.486522269687034],[108.908537273277,0.486756442355946],[108.908537273277,0.487053061249786],[108.90859152398,0.487473506896866],[108.908599718602,0.487537017019749],[108.90858410817,0.488411260571234],[108.90858410817,0.488661044571583],[108.908537273277,0.488895217240529],[108.908521661945,0.489223058797162],[108.908521661945,0.489566511685194],[108.908599718602,0.489988022129584],[108.908724611052,0.490456366568073],[108.908802668608,0.490971546799477],[108.908802668608,0.491033993024416],[108.908802668608,0.491112049681423],[108.908740223283,0.491689676137682],[108.908740223283,0.491939460138017],[108.908755833715,0.492079963019934],[108.908755833715,0.492173631907626],[108.908802668608,0.492704422571073],[108.908819615433,0.492950134441174],[108.90883389217,0.493157156577563],[108.908910718555,0.493431538834479],[108.90894317239,0.493547444359134],[108.909005617715,0.493812839690863],[108.909005617715,0.494156292578908],[108.909005617715,0.49459341525395],[108.909036841277,0.494733918135865],[108.909099286603,0.49492125591126],[108.909161732828,0.495139817248781],[108.909161820062,0.495140089743406],[108.909271013946,0.495483270136825],[108.909282849024,0.4958738340103],[108.909286625278,0.495998450368234],[108.908897390602,0.49596874935833],[108.908987362377,0.496258257312769],[108.908876200776,0.49630101198215],[108.90888853228,0.496326291025586],[108.90884474429,0.496720385637334],[108.908841697387,0.49674780236921],[108.908841697387,0.496950750576726],[108.908836058637,0.497165023047428],[108.908832410088,0.497303690413043],[108.908828151202,0.497465517784602],[108.908826086055,0.497543988364436],[108.908826086055,0.497840607258224],[108.908810473824,0.498387009253129],[108.908732417167,0.498855353691685],[108.908732417167,0.499276865035311],[108.908682813261,0.499636494028979],[108.908669970942,0.499729598142491],[108.908669970942,0.49974298095384],[108.908669970942,0.500244778373879],[108.908669970942,0.500759956806627],[108.908654358712,0.501212690813078],[108.908607524717,0.501681036150942],[108.908560689824,0.502102545695939],[108.908467020936,0.502570891033803],[108.908458496263,0.502616930027325],[108.908388964279,0.502992402377508],[108.90830522031,0.50311921398059],[108.908435798274,0.5040071488109],[108.908435798274,0.504163263923538],[108.908357740717,0.504366213030372],[108.908217236936,0.504491104580836],[108.907499109396,0.505287292374678],[108.907670834941,0.505552686807088],[108.907702057604,0.506036644375677],[108.907998675598,0.506395707695761],[108.908092345385,0.506614269033305],[108.908342129386,0.507160671927511],[108.908467020936,0.50745728992205],[108.908591913386,0.507972470153449],[108.908779251162,0.508596929704573],[108.909013423831,0.509252612817877],[108.909025489135,0.509255025698908],[108.909024799355,0.509508183955561],[108.909120507905,0.509788928915992],[108.909185150274,0.509978548271413],[108.909247145939,0.510187780941408],[108.909263207831,0.510204913925694],[108.909325654056,0.510392251701081],[108.909591049388,0.511297718814718],[108.909669106944,0.511578726377191],[108.909887668281,0.512187574596943],[108.909965724938,0.512858869041615],[108.909816503129,0.512972073002803],[108.909848109802,0.513054299816127],[108.910114769581,0.513643510439665],[108.910226666827,0.514020299397375],[108.910354379551,0.514424464617377],[108.91045200006,0.514746949811928],[108.910591389581,0.515238369954818],[108.910714765774,0.515762732264314],[108.910738040228,0.515861649595463],[108.91075999178,0.515958843825591],[108.910873089622,0.516459599830721],[108.911014089828,0.516956999565938],[108.911151259823,0.517316570103682],[108.911165970034,0.517354210328615],[108.911218410401,0.517487210166661],[108.911310629582,0.517709500093408],[108.911411879754,0.517986449914738],[108.911500450386,0.518314410181922],[108.911540220205,0.518460169601203],[108.91159611307,0.518640078077167],[108.91159625966,0.518640550221272],[108.911750928662,0.51947144555082],[108.911817911967,0.519586273687651],[108.912268314931,0.520587168762844],[108.912568584173,0.521938378553376],[108.912619628793,0.522125546356899],[108.912868851616,0.523039363675746],[108.913119076284,0.523990215076432],[108.913419344627,0.524891021003841],[108.913690356225,0.525667919239136],[108.914118916171,0.526896458072048],[108.914170016833,0.527042946674672],[108.914797635702,0.528539576840045],[108.914917461372,0.528582770378575],[108.914958222244,0.52859746260288],[108.9154222994,0.529798604322168],[108.915559856103,0.530154633329679],[108.915596293035,0.530248940736101],[108.91553047705,0.530288884124727],[108.915900536381,0.531172250399077],[108.915621314872,0.531246707969216],[108.915671360345,0.531359309384635],[108.915920232433,0.531675184562175],[108.915996651424,0.531772179142821],[108.916169161178,0.53181348410504],[108.916371987078,0.532297649417042],[108.916343265429,0.53230928034906],[108.91690996872,0.533761458824299],[108.916813305989,0.533802084798404],[108.916980329878,0.53429722993326],[108.917162969595,0.534745460134901],[108.917335705079,0.535262046905979],[108.917504574377,0.53576707289215],[108.918237359966,0.537958559739739],[108.918372369789,0.538544370026724],[108.919024950241,0.540677950427095],[108.919193136954,0.541238832406215],[108.91948770989,0.542221189756162],[108.919602124339,0.542575012726728],[108.919807758821,0.543210929640735],[108.919951882373,0.54366028039764],[108.920001798344,0.543664071040091],[108.920315014227,0.544575427813784],[108.920485010375,0.545070063033044],[108.920495990198,0.545074708031394],[108.92107420571,0.546840111382098],[108.921084016414,0.546870065101472],[108.921020037745,0.546881992809744],[108.921125569589,0.547302819769355],[108.921306370193,0.547782029816861],[108.92150525976,0.548301319949983],[108.921696899892,0.548860690168738],[108.921845119856,0.549359920024356],[108.921980719635,0.549720690257661],[108.922127169733,0.550132470037492],[108.922203079708,0.550425810003142],[108.922236804285,0.550561812677577],[108.922294881604,0.550512033403645],[108.922328327391,0.550445141829866],[108.922417514057,0.550355955163239],[108.922540145611,0.550355955163239],[108.922662778964,0.550378252054717],[108.922707371848,0.55052318139974],[108.922707371848,0.550590071174889],[108.922740817635,0.550723851624515],[108.922807708309,0.550879929864866],[108.922952636755,0.551169787655623],[108.922997231437,0.55142620235739],[108.92297852374,0.55145780903068],[108.923174450041,0.551820459746465],[108.923279157207,0.551964237059966],[108.923506635323,0.552276596787573],[108.923527469917,0.552305206919811],[108.923575580049,0.552314600338587],[108.923655750113,0.552361710424638],[108.923735900392,0.552460400227348],[108.923789320121,0.552559080137483],[108.923822690365,0.552657750155106],[108.923856069602,0.552756420172715],[108.923860871082,0.552787108638195],[108.923869400253,0.552841630037206],[108.923871599994,0.552929080112995],[108.923871071193,0.552931811354082],[108.923905826393,0.552953532679451],[108.923794341935,0.553087314028343],[108.923749748152,0.553198797586485],[108.923660560586,0.553444063392873],[108.923615966803,0.553600139834648],[108.923526780137,0.553823107850168],[108.923415295679,0.55404607676507],[108.923080025723,0.554445206681017],[108.923371012163,0.555272950786104],[108.923630567297,0.555861557065272],[108.923718209828,0.556118189402981],[108.923832466895,0.556452749794629],[108.924090280942,0.557229290099716],[108.924159933434,0.557439081248671],[108.924260322056,0.557741454004914],[108.925095697808,0.559816053268242],[108.925320638936,0.560374677949086],[108.925539952107,0.560897515907694],[108.92554865035,0.560916254181848],[108.92555698077,0.560934202851225],[108.925563166307,0.56094752990464],[108.925649842067,0.561134266932915],[108.925655187637,0.561145786348997],[108.92594384843,0.561767401344515],[108.925952776,0.561786622554615],[108.925958868007,0.561799747260578],[108.925969510584,0.561822677274788],[108.925962706314,0.561866682001838],[108.926001726099,0.561944719773065],[108.926090912766,0.56203390823833],[108.926207971221,0.562111946009552],[108.926336177672,0.562173262685976],[108.92641979124,0.562212281571585],[108.926514551905,0.562223431366304],[108.926603738572,0.56218998468012],[108.926649352186,0.562154509123326],[108.926764458213,0.562123188434424],[108.927209528197,0.562002083929076],[108.927329861984,0.561925807929745],[108.927992760358,0.561505618589475],[108.928030426663,0.561239716040127],[108.928022569286,0.561238260937045],[108.927585836018,0.56115752609901],[108.927572609688,0.561155080842346],[108.92757275358,0.561154856911173],[108.927872750327,0.560688190607547],[108.927872750327,0.560687939696721],[108.927872750327,0.560485601229555],[108.927872750327,0.560485350318665],[108.927872750327,0.560428791055924],[108.927872750327,0.560428542842987],[108.927872750327,0.560226720586744],[108.927640350222,0.560103690632849],[108.927630480163,0.560098461075134],[108.927513619558,0.560036601208248],[108.927503780075,0.560031391435563],[108.927394320891,0.559973446317524],[108.927388928556,0.55997059097004],[108.926855339203,0.559903890951822],[108.926650749732,0.559774680856867],[108.926233583013,0.559511202879757],[108.926231759188,0.559510050848168],[108.926221699372,0.559503700735266],[108.92602160921,0.559036811399771],[108.925990389245,0.558724690891837],[108.925957999262,0.558400730809127],[108.925954909192,0.558369821110432],[108.925954928977,0.558369795030039],[108.925979159411,0.558337482388927],[108.925979090163,0.558337321410305],[108.925955048587,0.558281220801753],[108.925955116036,0.558281121876343],[108.925955050385,0.558280968991601],[108.926278978992,0.557801073660638],[108.926731688717,0.55759411987274],[108.926870540443,0.557534162071993],[108.926914483117,0.557515187276121],[108.926916922078,0.557513940815715],[108.926919513925,0.557512617013684],[108.92724457118,0.55734650593655],[108.927276339731,0.557330271374955],[108.927294352253,0.557351151834211],[108.927300811184,0.557348363036544],[108.927405076783,0.557361673902163],[108.9279087358,0.55742597093188],[108.927997390068,0.55747916313293],[108.928006150364,0.557484418770962],[108.928049176628,0.557510235608957],[108.928202996671,0.557602527634567],[108.928228866569,0.557616755808665],[108.928229021252,0.557618141663964],[108.928229377384,0.557621351344302],[108.928245034581,0.557762269713],[108.928249476332,0.55786897877036],[108.928249486225,0.557869230580576],[108.92825073988,0.557899293117917],[108.92825149621,0.557917486402891],[108.928251499807,0.55791773101851],[108.928274109662,0.558001698020014],[108.928274140239,0.558001811334577],[108.928250839705,0.558114961336436],[108.928228870166,0.558221700970755],[108.928208378214,0.55826266419061],[108.928208299973,0.558262820672658],[108.92820843667,0.558262993342501],[108.928208499623,0.55826307068421],[108.928190059923,0.558312241117108],[108.928041310258,0.558596801001611],[108.928022839982,0.558679090767492],[108.927970203562,0.558913547622165],[108.927970170287,0.558913701406232],[108.928054249704,0.559204721121008],[108.928131860297,0.559392281028977],[108.928319410313,0.55965744073836],[108.928545759779,0.559909661002108],[108.928791520212,0.560019601323566],[108.92895320033,0.560097211017532],[108.929114880448,0.560136011367884],[108.929145019427,0.560145286076138],[108.929267049335,0.560182840865472],[108.929367109704,0.560213621061792],[108.929638739137,0.5602459606826],[108.929646182825,0.560243883248685],[108.929689849407,0.560231691139651],[108.929916829298,0.560168350988622],[108.929928629303,0.56016061232242],[108.929929759751,0.560161881265836],[108.929949289428,0.560152120923706],[108.929952199634,0.560150671216543],[108.929986935948,0.56013330081123],[108.930020309789,0.560116611192705],[108.930181989907,0.559922601346997],[108.930266709641,0.559736870660119],[108.930344810365,0.559565651433729],[108.930350139747,0.559553961146407],[108.93039540982,0.559327600888136],[108.93042141012,0.559110950609898],[108.930434210171,0.559004240653221],[108.930473020414,0.558764950841858],[108.930521080184,0.55851930102494],[108.93053122004,0.558467450612392],[108.930531178671,0.558467420934788],[108.930529969982,0.558466541397813],[108.930524010175,0.558462170692676],[108.930524068631,0.558461964747944],[108.93054032028,0.558405100614948],[108.930599000144,0.558056741025836],[108.930599007338,0.558056496410249],[108.930606664166,0.557913096811998],[108.930627558115,0.557522030217575],[108.930627574303,0.557521680381271],[108.930627586894,0.557521428571138],[108.930658145857,0.556949290677268],[108.930658146756,0.556949195349144],[108.930653924439,0.556831731299382],[108.930653915446,0.556831476791251],[108.930645343108,0.556593630391748],[108.930640914846,0.556470711054541],[108.930640905853,0.5564704628416],[108.930622294383,0.555953880567189],[108.93062228539,0.555953626958338],[108.930618724075,0.555854840928198],[108.930572790302,0.55579713143252],[108.930002229819,0.555080251252645],[108.929930329921,0.554939870678519],[108.92979946957,0.554684391271667],[108.92979946957,0.554684136763567],[108.929794873135,0.554470760916931],[108.929794867739,0.554470510905388],[108.929794418977,0.554449718579691],[108.929792302873,0.554351410089565],[108.929899160318,0.554272881288507],[108.930061239734,0.554153770580122],[108.930172609978,0.554071931374609],[108.930630870318,0.554399200962367],[108.930634040429,0.554401460958714],[108.930669310041,0.554426650969192],[108.931161060235,0.554548971357953],[108.931913010377,0.554223030968154],[108.93226767961,0.553907780819487],[108.932369300303,0.553760900844944],[108.932613350226,0.553408160658109],[108.932613346629,0.55340790974728],[108.932604940666,0.552785840594134],[108.932497960013,0.552688560928374],[108.932255599916,0.552468171269135],[108.93216994039,0.552390271094172],[108.931826590025,0.55242654075232],[108.931764439677,0.552523540728859],[108.931412769684,0.553072351108135],[108.930920929557,0.553467310867742],[108.930425670209,0.553495780705761],[108.929928589733,0.553368730782322],[108.929464869608,0.553190650628088],[108.929443007089,0.553168431078275],[108.929296720667,0.553019755157585],[108.92909340014,0.552813110736504],[108.928977500012,0.55239518139256],[108.928937040412,0.552249251102124],[108.928890989727,0.55208319128628],[108.928891040089,0.552083141823571],[108.928890985231,0.552082943073398],[108.928977586347,0.551998301580382],[108.929300335942,0.55168285627881],[108.92933756068,0.551646474205481],[108.929404255302,0.551668011169851],[108.929827194769,0.551804584913727],[108.929887095913,0.551823928431588],[108.930235209987,0.551810038402614],[108.930381249995,0.551804210795733],[108.930414914317,0.551759351712727],[108.930787525924,0.551262836011116],[108.930830413693,0.550911817126685],[108.930850712291,0.550745682667177],[108.930857998598,0.550686036931091],[108.930948736595,0.550179590016111],[108.930954276419,0.550148673122799],[108.931124089105,0.549800951153034],[108.931867857216,0.549718096612913],[108.932271254415,0.549818566173946],[108.932852417006,0.549961733747069],[108.933362435128,0.549751447071687],[108.933575617621,0.54936145156978],[108.933605140565,0.549307440985676],[108.933605224202,0.549307289899557],[108.93354569178,0.54923177202869],[108.93346655234,0.549131380708649],[108.933131342637,0.548706160560929],[108.932600950374,0.548435326129429],[108.93220606256,0.548321042981788],[108.931839642785,0.548153873402555],[108.931515911131,0.547867537357036],[108.931450086153,0.547376001201544],[108.931555830237,0.547129220936822],[108.931555762788,0.547129133702562],[108.931555832036,0.547128972723957],[108.931543971777,0.547113649175606],[108.931659451023,0.547016403684149],[108.931699230735,0.546909301623004],[108.93179802396,0.546907003855195],[108.931924185353,0.546830405898539],[108.931926662086,0.546828902232109],[108.931969520177,0.546839650929203],[108.932314699764,0.546926231360523],[108.932670940112,0.547015580804423],[108.933457140035,0.547103880739541],[108.933619150204,0.547068081426837],[108.934199399982,0.546939860586106],[108.934321099839,0.546751350994081],[108.934540170193,0.546412020598326],[108.934540100945,0.546411883901385],[108.934120640055,0.545580350952482],[108.934113797114,0.545536787792548],[108.934113833986,0.545536798584384],[108.936333960644,0.546192746098432],[108.938858494324,0.544893354344872],[108.938725461211,0.544689890825842],[108.938871809686,0.544528906783658],[108.939046966145,0.544228638440987],[108.939054050104,0.544213583789859],[108.939247146239,0.543803258213849],[108.939647503729,0.543327831614189],[108.939897728397,0.54315267605523],[108.940248041314,0.54315267605523],[108.940623376967,0.54317769789245],[108.941123825404,0.543352855250134],[108.941499161057,0.543427921661288],[108.942124721379,0.543477967134551],[108.942374945148,0.543327831614189],[108.942675212591,0.542902452286392],[108.943175661028,0.542226847391123],[108.94347593027,0.541951600885722],[108.943601042154,0.541826489001303],[108.944294074112,0.541677982153206],[108.944793863346,0.541701780912474],[108.944771728333,0.541631587028177],[108.944482875984,0.540715587054762],[108.94458638975,0.54068827104692],[108.945155520311,0.540673287442303],[108.945272319762,0.540670210861611],[108.945958239881,0.54068827104692],[108.946231980022,0.54070537075631],[108.946441859304,0.540591540866965],[108.946659438582,0.540467211392748],[108.946847039859,0.540344301048713],[108.946893999758,0.540263451097419],[108.947232229384,0.539801201364389],[108.947232232981,0.539800949554203],[108.947239666777,0.539503611202747],[108.947239664979,0.539503565337299],[108.947218949995,0.539275670835592],[108.947218960787,0.539275544930492],[108.947218949995,0.539275419924768],[108.947239670375,0.539047469665033],[108.947260389855,0.538798799924724],[108.947270750045,0.538684829741158],[108.947415809792,0.538539769994432],[108.947550510248,0.538405070437699],[108.947964960115,0.538280740064116],[108.948311239572,0.538326299719009],[108.948358679709,0.53833254011471],[108.948690239963,0.538529409804481],[108.949073610159,0.538974940241356],[108.949498420216,0.539410109588906],[108.949778169627,0.539658780228566],[108.949954309943,0.53971059017161],[108.949989430268,0.539706198782065],[108.950202979684,0.539679499709168],[108.95038948019,0.539544810044989],[108.950493146841,0.539380156768862],[108.950565619608,0.53926504984222],[108.950565619608,0.538778331354936],[108.950337679241,0.538353521297987],[108.950130449361,0.538156650708907],[108.950068279228,0.537980511291604],[108.950016479177,0.537607511177728],[108.950016189596,0.537605780882125],[108.949984889591,0.537536590641198],[108.949923229374,0.537400281298005],[108.949798890007,0.537079091127225],[108.949798895403,0.537078840216345],[108.949809295163,0.536800590874625],[108.949809304156,0.536800339963749],[108.949825395725,0.536369561106415],[108.949825404719,0.536369309296216],[108.94983284481,0.536170181408781],[108.949832850206,0.53616992959858],[108.949832850206,0.535783362312374],[108.949593390423,0.535157080734734],[108.949575709751,0.535134101257832],[108.949409188583,0.534917620951488],[108.949409315388,0.534917531918585],[108.949409190382,0.534917370040657],[108.950523355968,0.534130923703231],[108.950812890902,0.533392731389465],[108.950882789809,0.532670139615272],[108.950882789809,0.532467281340011],[108.950882789809,0.532467030429113],[108.950882789809,0.532265150616242],[108.950882789809,0.532264899705409],[108.950882789809,0.531712551393178],[108.950882789809,0.531712299583028],[108.951185048351,0.531181121311756],[108.951244543001,0.531076566130631],[108.951454238822,0.530544277196672],[108.951893940753,0.530341169809159],[108.952315222769,0.530218827836664],[108.952899419673,0.530403935293411],[108.953467575368,0.530502633189975],[108.953773120034,0.530138539961655],[108.953773152409,0.530138502190199],[108.953682625753,0.529501910784573],[108.953701033076,0.529152180628675],[108.953701044767,0.529151929717846],[108.953719454789,0.528691680976354],[108.953719460185,0.528691430065494],[108.953719460185,0.52843380127892],[108.953719460185,0.528433550368105],[108.953940500054,0.528175669771369],[108.953981900345,0.528134270380324],[108.95400336986,0.528112799965806],[108.954216799666,0.527899370159842],[108.954640460389,0.527844110417382],[108.955174639698,0.527788849775613],[108.95581934029,0.527825689603933],[108.956445620069,0.527899370159842],[108.956795590344,0.528028309558863],[108.95709030987,0.528323029983875],[108.957119822921,0.528568972080428],[108.957139188023,0.528730344629761],[108.957145569612,0.528783529636259],[108.957145569612,0.528783782345733],[108.957145569612,0.529204120074138],[108.957145569612,0.529204370984988],[108.957145569612,0.529372969586915],[108.957145569612,0.529373221397119],[108.957241149559,0.529612181157295],[108.957329769653,0.529833721049415],[108.957345129174,0.529847081377736],[108.957567631341,0.530040554328194],[108.957753428578,0.530202111238481],[108.957883009194,0.530312491328447],[108.958250769857,0.530625771062544],[108.958361289342,0.531049430886559],[108.958446279772,0.531205251021565],[108.958471809726,0.53125205084154],[108.958637589853,0.531362571225706],[108.958840209808,0.531270470755651],[108.958987759777,0.531122920786233],[108.959079669591,0.531031010972417],[108.959099925022,0.530944926966873],[108.959153350147,0.530717870633283],[108.959190189975,0.530386311279301],[108.959613849799,0.530017911197715],[108.960313800242,0.529612681180363],[108.960719040152,0.529446901053668],[108.96116111989,0.528986401401367],[108.961492680143,0.528728520804636],[108.961713720012,0.528507480935539],[108.962100540008,0.528396960551328],[108.962708399873,0.528654841148063],[108.963132059697,0.529078500972102],[108.963666230013,0.529170601442157],[108.964126729665,0.529170601442157],[108.964789850171,0.529115340800361],[108.965268769738,0.529207441270445],[108.965397710036,0.529557421437919],[108.965452969779,0.529852140963545],[108.965482140189,0.529992131231894],[108.965545070249,0.530294210809244],[108.965618749905,0.530791551189161],[108.965692069833,0.531176470917419],[108.965692600433,0.531178650874099],[108.965750300036,0.53127279100651],[108.966042409729,0.531749391221469],[108.966300290326,0.532044110747164],[108.966558170024,0.532173051045509],[108.96703708959,0.53215463113139],[108.967171850301,0.53210280140318],[108.967516000163,0.531970431090542],[108.967644939562,0.531620450923124],[108.967644939562,0.531620200012227],[108.967644939562,0.531572660949547],[108.967644939562,0.53157241003874],[108.967644939562,0.530995560596668],[108.967644939562,0.530995314182459],[108.967644939562,0.530994171144127],[108.967644939562,0.530993920233298],[108.967525854934,0.530313432918667],[108.967516000163,0.530257120070076],[108.967368645347,0.529446650142856],[108.967387055368,0.529004821315483],[108.967387059865,0.529004570404658],[108.967534420077,0.528709849979623],[108.96799491973,0.528654590237166],[108.968408583589,0.528654590237166],[108.968685432687,0.528807094571772],[108.968842240277,0.528930889848683],[108.969247480187,0.529262450101992],[108.969542199713,0.529612430269477],[108.969818500224,0.529667690011931],[108.970057960007,0.529649270097761],[108.970097136274,0.529584744640315],[108.970371100346,0.529133509803666],[108.970483181953,0.529033879310136],[108.970536879573,0.528986149591137],[108.970923689677,0.528967729677025],[108.971365770314,0.529262450101992],[108.971715749582,0.5295571696277],[108.971955210265,0.530128179771729],[108.971955161701,0.530128317367999],[108.971836034805,0.530470808880741],[108.971824296854,0.530504555041186],[108.971807850052,0.530551839595771],[108.971586810183,0.530699199808276],[108.971454860753,0.530774599867927],[108.971328929587,0.530846560020785],[108.970923689677,0.531049179975696],[108.970555300387,0.53132547958728],[108.970186900305,0.531767560224733],[108.970186904802,0.531767806639043],[108.970205316622,0.532393840003749],[108.970205320219,0.532394090914631],[108.970393280326,0.532714740592833],[108.970518459659,0.532928271122837],[108.970886849848,0.533425610603495],[108.971421030057,0.534070301303415],[108.971734170396,0.534475541213269],[108.972394899605,0.535221551333565],[108.972787860172,0.535527181434295],[108.973530120119,0.536138450629035],[108.973923079786,0.536618740762321],[108.974005720288,0.537486510993722],[108.97401040036,0.537535640957108],[108.974080489923,0.537580991069929],[108.974752660307,0.538015921197819],[108.975713219889,0.538103250764434],[108.976717449651,0.538103250764434],[108.977328719745,0.538146911051157],[108.977765339699,0.538365220578488],[108.978201959653,0.538583531005186],[108.978289294615,0.539456770913297],[108.978290685866,0.539492937149363],[108.978290695759,0.539493190758186],[108.978332945009,0.540591739617122],[108.978463930366,0.541377659851144],[108.978519702722,0.541437416203843],[108.979075199561,0.542032590231879],[108.979730129942,0.542119909905983],[108.980297739749,0.541901600378584],[108.980865349556,0.541028359571158],[108.98147661965,0.540329769803046],[108.981828376878,0.540301628217601],[108.982568169985,0.540242440236454],[108.982917470265,0.540853710330509],[108.982917448681,0.540853924369165],[108.982917470265,0.540853961241337],[108.982856569975,0.54146290119201],[108.982830139799,0.541727201149458],[108.982437231393,0.542469382855756],[108.982437190024,0.542469461096782],[108.982667299556,0.543428270598264],[108.982699159838,0.543561011431563],[108.982830610145,0.543780090778611],[108.983223100366,0.544434251339675],[108.983223100366,0.545167509972661],[108.983223100366,0.545167760883484],[108.983223100366,0.545263580050206],[108.983223100366,0.54526383096107],[108.982306200171,0.546093410582499],[108.981738671303,0.547141151343117],[108.981738590364,0.547141300630578],[108.982151020353,0.547656840590777],[108.982437190024,0.548014541437961],[108.983441409893,0.548494830671932],[108.984314659694,0.549149761052644],[108.985144240215,0.549630041293419],[108.986017480123,0.550197651100723],[108.987327339985,0.550459620914801],[108.988017000384,0.55080445066494],[108.988200579893,0.550896240868894],[108.988503459867,0.551006380839826],[108.988680870026,0.551070891008858],[108.988724530313,0.551507510962888],[108.988756270985,0.551729720850003],[108.988773070321,0.551847330589907],[108.988810500105,0.552109321088329],[108.988811849987,0.552118781056948],[108.98894283984,0.552817380717607],[108.988974799947,0.55285253071974],[108.989379459794,0.553297660958322],[108.990121709849,0.553777941199081],[108.990863969796,0.553821600586443],[108.99112593961,0.553472311098336],[108.991125950402,0.553472060187463],[108.991169595401,0.552599071190229],[108.991169605293,0.5525988202794],[108.99121326558,0.551420191288837],[108.991382339923,0.55101701082646],[108.991431579604,0.550721600621425],[108.992086509985,0.549804691433395],[108.992741440365,0.549106100765963],[108.993178060319,0.54836384081864],[108.99370200984,0.54757792058459],[108.993772809867,0.547117690728897],[108.993789330413,0.54701032066981],[108.99378930883,0.547010208254563],[108.993789330413,0.547010069758981],[108.993658339661,0.546311470098315],[108.993324425882,0.5458105953827],[108.993309050173,0.545787529570857],[108.99313443061,0.544608861010152],[108.993134400033,0.544608649669493],[108.993259639621,0.54444762965443],[108.994051300227,0.54342976976812],[108.995142859555,0.542381879720038],[108.996016100363,0.541683289951887],[108.996802019697,0.541290330284538],[108.997806239566,0.541203009711175],[108.998679490266,0.541683289951887],[108.998810470227,0.542207240371907],[108.998810460334,0.542207450813233],[108.998810463932,0.542207491282737],[108.998789669807,0.542644371140827],[108.998766816236,0.543124140566682],[108.998766816236,0.543124390578214],[108.998810463932,0.544041040761445],[108.998916695449,0.544103524757928],[108.999552730174,0.544477659816208],[109.0009265768,0.544520599745911],[109.000949919603,0.544521329995403],[109.001866819798,0.544914289662795],[109.003133020273,0.546005839997578],[109.00313299779,0.546006072022626],[109.003133020273,0.546006090908387],[109.003054180306,0.546833931240994],[109.002958791015,0.547835484619949],[109.002958370133,0.547839901190508],[109.002702209939,0.548134481321304],[109.002085130225,0.548844121059405],[109.001538489909,0.550054541084248],[109.001473876318,0.550197614228573],[109.001561179805,0.551332609912036],[109.001721128727,0.551482562870037],[109.002155940145,0.551890200372477],[109.002259780365,0.551987550185327],[109.002390760325,0.552555150100149],[109.002410069669,0.5527578797724],[109.002643459928,0.553554740259105],[109.003613299614,0.554039660102263],[109.004486550314,0.554650930196312],[109.005401829031,0.555222982654582],[109.005534434966,0.555305869570249],[109.006975280185,0.555829810097693],[109.007717540132,0.556484739579108],[109.008372469614,0.557096009673154],[109.008852749855,0.557663620379794],[109.00885274266,0.557663863196751],[109.008809089568,0.55836246105876],[109.008769159669,0.558452300633209],[109.00845980008,0.559148381292802],[109.008046629948,0.559499571048435],[109.007586550279,0.559890631347605],[109.007368249745,0.560676515608739],[109.007368246148,0.560676550682331],[109.007408753411,0.561567884050628],[109.007411900139,0.561637121056326],[109.007517430185,0.561693400629958],[109.008066840412,0.561986421336314],[109.008896420034,0.561942751157064],[109.009202050135,0.561506131203035],[109.009507690128,0.561025850962327],[109.009534380207,0.560981371393209],[109.009769659942,0.56058923100823],[109.01029359957,0.560414580868262],[109.011123180091,0.560632891294956],[109.011559809937,0.561069511248986],[109.011865376186,0.561724304033472],[109.011865440038,0.561724440730416],[109.011693690212,0.56202977135688],[109.011472480371,0.562423041290327],[109.011248679583,0.562688810740081],[109.010773889703,0.563252620911777],[109.010642930427,0.563907402904365],[109.01073022492,0.564212929583094],[109.010870753882,0.564367513150273],[109.01116685027,0.564693219716391],[109.012302059992,0.564955190429712],[109.01260769459,0.565435469771142],[109.013131639614,0.565741109764451],[109.013742909708,0.565260819631191],[109.013947009947,0.564943340063148],[109.014135870274,0.56464955043645],[109.014703480082,0.564605890149764],[109.015009110182,0.565173499957103],[109.01538647021,0.565754060001875],[109.01557671999,0.566046739865209],[109.016318970044,0.566396040145207],[109.016619509982,0.566448510190644],[109.019069690414,0.566876320385912],[109.020423209664,0.566919979773272],[109.021340119751,0.566876320385912],[109.022082369806,0.56731294033994],[109.022257019946,0.567967869821334],[109.022546400196,0.568582810048652],[109.022606320226,0.568710129768704],[109.023217584924,0.569277739576081],[109.024178149902,0.569321399862737],[109.024702100322,0.56910309033536],[109.024920079798,0.568865289801347],[109.025182379663,0.568579139915419],[109.026448580138,0.567793229573905],[109.027190840085,0.56774956029402],[109.027496470186,0.568142519961387],[109.027496415327,0.568142699825791],[109.027496470186,0.568142770872198],[109.027321820046,0.568710380679586],[109.027320349655,0.56872065093732],[109.027259880139,0.569143990602747],[109.027234500372,0.569321650773587],[109.027190849078,0.569889015965354],[109.027190840085,0.569889260580967],[109.027447899601,0.570054511006877],[109.027802100287,0.57028221125512],[109.028457039661,0.570107571007672],[109.028497680024,0.570005970998816],[109.028631689801,0.569670951053575],[109.028850000227,0.569103341246255],[109.029373939856,0.569059680959578],[109.030028870236,0.569103341246255],[109.030771130184,0.569277991386226],[109.031469694771,0.570063872949446],[109.031469719952,0.570063900828412],[109.031426059665,0.57045686139506],[109.031313600343,0.570663040866694],[109.031164089851,0.57093715062905],[109.030683806912,0.57141742367519],[109.030710610306,0.571873181202406],[109.030727469897,0.572159690817098],[109.030866130068,0.572307601414691],[109.031382366103,0.572858244612345],[109.031382400278,0.572858280585222],[109.031284529757,0.573478090641395],[109.03127337007,0.573548771058996],[109.031251410424,0.573687861105925],[109.031059790077,0.573867500684668],[109.030897270892,0.57409503365892],[109.030897180061,0.574095161362668],[109.030547619877,0.574367040806354],[109.030430150431,0.574915220760879],[109.030445279726,0.574975701067773],[109.030533297274,0.575056954814654],[109.030543670054,0.575066530795819],[109.030862500404,0.575194060957194],[109.031397300245,0.575407980893653],[109.031834910353,0.575658040985847],[109.03189742043,0.576095651093452],[109.031809959562,0.576153961336274],[109.031906339906,0.576394911296174],[109.032080990046,0.577268151204212],[109.032117040269,0.577321270560212],[109.032910569667,0.578490691392345],[109.033725400407,0.579133980948472],[109.033740150188,0.579145620873752],[109.033744029863,0.579180551441363],[109.033835390191,0.57940896125461],[109.033880820344,0.58013585088883],[109.033897910161,0.580409200724095],[109.033799220358,0.580779311316235],[109.033783809575,0.58124140096991],[109.033647850068,0.581830571123965],[109.033647850068,0.583034840685394],[109.033460300053,0.583472450792989],[109.033157956075,0.584465869804093],[109.033157538789,0.584467241270203],[109.033146960064,0.584502000966592],[109.033128880094,0.585170991348186],[109.033128880094,0.585917080608839],[109.033128880094,0.586218881396289],[109.033161191836,0.586364282885369],[109.033692289168,0.585125056676051],[109.033773213763,0.584781121751402],[109.034039435572,0.58481915408072],[109.036269826192,0.584930672712407],[109.039057812668,0.583815478301742],[109.040061489346,0.582811803422031],[109.041734282311,0.581585087681646],[109.042849476722,0.580358373740013],[109.043630113439,0.579354697960971],[109.044968346912,0.577458865933977],[109.047087218001,0.57411328090323],[109.048536971004,0.571882891182553],[109.049426545299,0.570578182637045],[109.051436478811,0.566529954593758],[109.052217114628,0.564634122566731],[109.053109270876,0.562180693784055],[109.053889907593,0.560953979842338],[109.054001427124,0.56061942124932],[109.055055573756,0.560206929206459],[109.055055659191,0.560206895032251],[109.056566376337,0.55961574457097],[109.0586441601,0.558784631605532],[109.061507701319,0.557455464198366],[109.064230703684,0.555862817914775],[109.065376416588,0.554931926067578],[109.067495286778,0.552813055877888],[109.068610482088,0.550025067602852],[109.069056560212,0.549355951316157],[109.070952392239,0.548463795068132],[109.072428257059,0.547611351083044],[109.072848224266,0.546456444409433],[109.073071263328,0.545341249099405],[109.073443701366,0.542883156432593],[109.073628860084,0.541661104576348],[109.074409496801,0.540991988289632],[109.075972575174,0.541369282666322],[109.075972723562,0.54136931863917],[109.077643562301,0.541772625006647],[109.07802564197,0.54136931863917],[109.078609677894,0.540752836973919],[109.080590822309,0.538337882087663],[109.081323705924,0.537311843766648],[109.082438901234,0.536085129824927],[109.084223212831,0.533297142449205],[109.085784486265,0.531178271360195],[109.086872477982,0.530498275974708],[109.08846095411,0.529505479294468],[109.089067376858,0.528739470949864],[109.08979038322,0.527826201318186],[109.087180859109,0.527009414552878],[109.084135149418,0.527104594301624],[109.082993006822,0.526723879803279],[109.081755688075,0.525867273755747],[109.080101231387,0.524799739816166],[109.077593470063,0.523963819974361],[109.075705779598,0.523078959926121],[109.073051210245,0.521604200373581],[109.071281500041,0.521073290100335],[109.069216840085,0.520247420182326],[109.067329139728,0.518890649883627],[109.065618419654,0.517887809574795],[109.062845879934,0.516059110139851],[109.06113515986,0.514230409805634],[109.058274119655,0.512962110313183],[109.054734700146,0.511310380369815],[109.053674969624,0.510814340409516],[109.051962149633,0.510012600201378],[109.048481720255,0.507004090066727],[109.046829990312,0.505470340383959],[109.045178260369,0.502933750392287],[109.044035279605,0.501282769584173],[109.043585519656,0.500633129915059],[109.039780640065,0.495530460262557],[109.039367710052,0.494999549989304],[109.037480019587,0.492050029984949],[109.036300209787,0.490103350289396],[109.035769300413,0.487802719919616],[109.034680269978,0.487156110066447],[109.034032220311,0.486771329733132],[109.033881600056,0.486681900249534],[109.031465219744,0.483802799859338],[109.031109060335,0.4833784403628],[109.027628620165,0.480959839624971],[109.025151030196,0.479898010085136],[109.022407980144,0.47774486043699],[109.02057927981,0.476624049760094],[109.014916200322,0.47562121035065],[109.010786869618,0.474913329686427],[109.006893510227,0.474913329686427],[109.004179949845,0.474913329686427],[109.001466390362,0.474972319816724],[108.997701210443,0.474986010196271],[108.993355219568,0.475001810385249],[108.991365941685,0.475001810385249],[108.989365306264,0.473614866033293],[108.983383515137,0.469467979663591],[108.983153654717,0.469174710744367],[108.98283665179,0.468956830193623],[108.981638068642,0.468133025119068],[108.979242731567,0.466486673121493],[108.978771898704,0.46616306197581],[108.976840330317,0.464835463885611],[108.976766126356,0.464784463332339],[108.976533457353,0.46462454588611],[108.97554406011,0.463944518125055],[108.973769249851,0.462724663312594],[108.973390644263,0.462464440881255],[108.972482951327,0.462141009599952],[108.972433584842,0.46169122986638],[108.972432318597,0.461679696960493],[108.972854311977,0.461679696960493],[108.973110905644,0.458220428629939],[108.972512732377,0.457998251118451],[108.972207688634,0.45792562187],[108.972207937746,0.457892966587159],[108.972136824755,0.45784920467708],[108.972007775638,0.457769790043786],[108.971720812765,0.45763587379656],[108.9715394312,0.457551228706277],[108.971149143418,0.457410725824374],[108.97085327276,0.457348436980857],[108.970852525424,0.457348279599435],[108.970321733861,0.457160941824048],[108.969900223417,0.457020438042809],[108.969478712972,0.456942381385804],[108.968744972303,0.456723820048297],[108.968741884031,0.456723258871367],[108.968058065627,0.45659892759846],[108.967976504312,0.456579087654796],[108.96748044097,0.456458423817234],[108.966934038075,0.456302308704585],[108.966528138963,0.456224252047665],[108.966247132299,0.456161805822722],[108.965466557636,0.455880799159619],[108.965045047191,0.455849575597485],[108.964747304145,0.455795982298811],[108.964264471628,0.45570907181628],[108.963702458302,0.455615402928565],[108.962906272307,0.455443677383848],[108.962515983626,0.455350007596848],[108.962418504311,0.45534409995031],[108.962000805193,0.455318784934012],[108.961923980607,0.455309181973235],[108.961751021193,0.455287562271228],[108.961235840961,0.45525633870909],[108.960862601628,0.455289663986821],[108.960845554079,0.455178281152808],[108.960759690407,0.455045584386238],[108.960556741301,0.454975332045993],[108.960542716373,0.454970355197763],[108.960314763416,0.454889469273606],[108.960033755853,0.45485043959615],[108.959799583184,0.45486605092754],[108.959557605299,0.454905079705718],[108.959170895021,0.454935410241038],[108.959159512302,0.454936303267838],[108.959066542187,0.454883620083017],[108.958925338733,0.454803604702627],[108.958722389627,0.454717741930245],[108.958347714076,0.454592850379816],[108.958191598963,0.454546016385612],[108.957980843741,0.454522598039483],[108.957723253625,0.454452346598542],[108.957403218184,0.454428929151788],[108.957176850731,0.45448357016067],[108.95707168581,0.454515119277384],[108.956997319071,0.454460151814599],[108.956833397843,0.45439770558971],[108.956630448736,0.454389901272956],[108.956396276067,0.45431964893271],[108.956146492067,0.454132311157299],[108.955768828069,0.453893380175421],[108.9557640113,0.453890333272279],[108.955030269731,0.453890333272279],[108.954686816843,0.453796664384581],[108.954273111615,0.453749828591751],[108.953742320951,0.453640549271997],[108.953445702957,0.453468821928656],[108.953058859579,0.453213506198388],[108.953055415175,0.453211232712252],[108.952829048622,0.453070728931031],[108.952524623613,0.452930226049151],[108.952235811733,0.452953642596577],[108.951962610286,0.453000476590773],[108.951658186176,0.452984866158712],[108.951525519087,0.4530035747552],[108.951049337957,0.453070728931031],[108.950799553956,0.453101951593846],[108.950212481021,0.453045367150025],[108.950151676958,0.453039506268233],[108.94985231873,0.453195420832059],[108.949848434558,0.453194590757764],[108.949652063092,0.452869821285276],[108.949517320368,0.45280896955834],[108.949226102802,0.452839395421785],[108.949052241368,0.45275681067829],[108.948843607646,0.452522098416173],[108.948730597939,0.452387355691936],[108.948613240908,0.452374316421633],[108.94830463675,0.452274345984313],[108.948169894925,0.452378662845034],[108.947730895365,0.452500366298921],[108.947304935075,0.45248623974822],[108.947009370186,0.452260220332964],[108.946531251916,0.452364537193656],[108.946270460214,0.452216754299798],[108.946000974765,0.452329764007459],[108.94574887591,0.451973349190781],[108.945522855595,0.451973349190781],[108.94517297885,0.451826240788405],[108.944757866183,0.451651704862334],[108.944531845868,0.451669090556146],[108.944401449567,0.45155608084849],[108.944223818175,0.451507636168521],[108.943923332196,0.451425685447072],[108.943771202879,0.451169240168329],[108.943699058365,0.451147407327005],[108.9433462894,0.451040647907605],[108.942780193152,0.450869328856443],[108.942506362179,0.450517259563927],[108.94153675092,0.450170692323635],[108.941531632879,0.450167023089701],[108.941037852015,0.449812990577134],[108.941009871408,0.449800399169117],[108.940934518114,0.44975607428347],[108.94085473206,0.449716181256805],[108.940783812423,0.44966299085439],[108.940717323746,0.449623097827724],[108.940659462264,0.449586934289625],[108.940639270686,0.449574315002655],[108.940610942941,0.449556610049566],[108.940594862163,0.449551879615627],[108.940506956131,0.449495823973164],[108.940131419929,0.449376520809838],[108.940095564858,0.449365129996787],[108.939302966259,0.449113328817126],[108.939173677923,0.449105373414286],[108.939139340908,0.449064599052065],[108.939050691137,0.449046868018563],[108.938992360209,0.449063534254771],[108.938833495869,0.449108923937731],[108.938806901118,0.449228602118344],[108.938814550751,0.449234552032972],[108.938309478,0.450070192185644],[108.937939329636,0.450682600821431],[108.937939175852,0.45068285532954],[108.937418733688,0.451543922913742],[108.937408255687,0.451543922913742],[108.937296499634,0.451723703686012],[108.937298798301,0.451743808929673],[108.937274623625,0.451779432874556],[108.937161336926,0.451946376723976],[108.937070355213,0.452164726720805],[108.93691568621,0.452273902618567],[108.936833802038,0.452446763107674],[108.936724624342,0.452537742123126],[108.93670642656,0.452646917121571],[108.93663364083,0.452774288102952],[108.936542659116,0.452883463101359],[108.93643348142,0.45304722604868],[108.936397087655,0.453156401047126],[108.93636069479,0.453265576045548],[108.936324301925,0.453374751043946],[108.936287909959,0.453429338992859],[108.936178731363,0.453629493006756],[108.936105944734,0.453720472022213],[108.936051355885,0.453793255954033],[108.93601496302,0.453847843003577],[108.935978571054,0.453938822019013],[108.935943576635,0.454026301772435],[108.935942178189,0.454029801933877],[108.935905785324,0.454084388983401],[108.935881902028,0.454100309681617],[108.935851195576,0.454120780949324],[108.935742016981,0.454248151930696],[108.935560052654,0.454448305944594],[108.935483368363,0.454601670930393],[108.935469070941,0.454630263975566],[108.935442126353,0.454664905860739],[108.935341696362,0.454794026922857],[108.935232517767,0.454921397904227],[108.935141535154,0.454994180936751],[108.935086946306,0.455030572902669],[108.934941374845,0.455194334950631],[108.934886785996,0.455339901915002],[108.934741213636,0.455540055928882],[108.934686624788,0.455612839860694],[108.934668428805,0.455685622893203],[108.934613839058,0.455776601908707],[108.934593435239,0.455803807299904],[108.934624088631,0.455837867323779],[108.934541705336,0.45595704368264],[108.934442605442,0.455902265077489],[108.93433722828,0.45619498001433],[108.93435057332,0.456233534849765],[108.934222092576,0.456419395938448],[108.934185297713,0.456416942587849],[108.934164525173,0.456489647379376],[108.933821072285,0.456926769155136],[108.933290280722,0.45739511359369],[108.933196611834,0.457426337155765],[108.932572152283,0.457925905156455],[108.932228699395,0.458425473157092],[108.932072584282,0.458706479820249],[108.931666685169,0.459018710045484],[108.931292008719,0.45954950070893],[108.930979779393,0.459955399821843],[108.930761218056,0.460298852709902],[108.93057388028,0.460454967822538],[108.93032409628,0.460673529160089],[108.930097773793,0.460760576339569],[108.929918197167,0.460829644272741],[108.929637189605,0.46126676604848],[108.929137621604,0.461547772711576],[108.928575609177,0.461953671824514],[108.928200932727,0.462297124712539],[108.928169710064,0.462297124712539],[108.927795033614,0.462671801162737],[108.927358802167,0.462983394667949],[108.927447737923,0.46301934776469],[108.9267805264,0.46367236258951],[108.92676448879,0.463772592930858],[108.926718330187,0.463794399691829],[108.926630110291,0.463857280289266],[108.926396690355,0.464053290227164],[108.926271699879,0.46418829015749],[108.92616875988,0.464301110108177],[108.926049279551,0.464426849719338],[108.925875079971,0.464559040167616],[108.925726289837,0.464677050105809],[108.925652440208,0.464746990381337],[108.925631799868,0.464771030158942],[108.925615499656,0.464798349764066],[108.925613319699,0.464851909787846],[108.925603529679,0.464895630329122],[108.925553559749,0.464968860324685],[108.925412359893,0.465126220099025],[108.925351550434,0.46516882997759],[108.925308109582,0.46519505960435],[108.925265759607,0.465208160028621],[108.925249470187,0.465197229668486],[108.925234269846,0.465188470271751],[108.92522125036,0.465179719868211],[108.925208210191,0.465177530019056],[108.925173460387,0.465184089674024],[108.925110479965,0.465213580242555],[108.924862869626,0.46538293967097],[108.924740130153,0.465492209997527],[108.92465651029,0.465575259690527],[108.924546810087,0.465663770066998],[108.92440780008,0.465745709996549],[108.924391142837,0.465753366824461],[108.924243820396,0.465821090271161],[108.924113111131,0.465891883103931],[108.923883780412,0.466159435009937],[108.923509419624,0.466591389281227],[108.922933482095,0.467037740799128],[108.922659911926,0.467239319339175],[108.922357543666,0.46745529602515],[108.921752808945,0.467959241925536],[108.921392848102,0.468333601814318],[108.921137902892,0.468453575871879],[108.920903300347,0.468563976646236],[108.920658525571,0.468794352377511],[108.920082588041,0.469111117883819],[108.919751424389,0.469341493615081],[108.918985261361,0.469720172048375],[108.918498757812,0.4699606273811],[108.918124397923,0.470219799404274],[108.918004190041,0.470283242977303],[108.917606053876,0.470493369573376],[108.91688613129,0.470810135979014],[108.916410981681,0.471126902384691]]],[[[108.857214753758,0.483063613794794],[108.855813737714,0.486040775361523],[108.85450028506,0.487529354795899],[108.851960942244,0.489105497620643],[108.847582766432,0.490506514564045],[108.847407637852,0.490594077954366],[108.848195710164,0.491995094897732],[108.848370836945,0.493045857380465],[108.845831495027,0.493921493082505],[108.843467278992,0.493921493082505],[108.840665246004,0.494884692174868],[108.83908910318,0.495847891267186],[108.837775649627,0.498387233184282],[108.837863213017,0.500138503688999],[108.838563721039,0.500926576000722],[108.841015499566,0.502327592044765],[108.838651285329,0.503903735768832],[108.839702046912,0.50583013395355],[108.84302946204,0.50495449825155],[108.848370836945,0.505129625032216],[108.852223633314,0.508719730331331],[108.852398760095,0.511872017779466],[108.85073505298,0.512835215972447],[108.850297235129,0.51484917844685],[108.853887340428,0.514323797205525],[108.856076427885,0.513097907042814],[108.856952063587,0.513885979354484],[108.856776936806,0.515724813249535],[108.857214753758,0.517476083754314],[108.858615770701,0.517651211434303],[108.859491406403,0.51721339268397],[108.859491406403,0.515286995398587],[108.860629732276,0.51379841506485],[108.860542168886,0.512484962411123],[108.859316278723,0.509595366033333],[108.857827699289,0.50495449825155],[108.859053588552,0.501101702781399],[108.861242676908,0.498212106403625],[108.862731257242,0.494797127885182],[108.863344201874,0.491382150266065],[108.863869583115,0.488667680668965],[108.863081510803,0.485427829830535],[108.862643693851,0.481399906680377],[108.861067550127,0.478422746912312],[108.859228716232,0.477109294258587],[108.857827699289,0.477021730868198],[108.857915262679,0.478773001372987],[108.85817795285,0.479648637075002],[108.858353079631,0.48087452633837],[108.857214753758,0.483063613794794]]]]},"properties":{"gid":530,"luas":164.977956861028,"idkec":"6104110","kdkab":"04","kdkec":"110","nmkab":"MEMPAWAH","nmkec":"SUNGAI KUNYIT","kdprov":"61","nmprov":"KALIMANTAN BARAT","sumber":"BPS","periode":"2023_1"}},{"id":524,"type":"Feature","geometry":{"type":"MultiPolygon","coordinates":[[[[108.968826879857,0.313623140295764],[108.968655229855,0.31367607978728],[108.968502370288,0.313726500277802],[108.968354510053,0.313789540055271],[108.968222950029,0.313847530139474],[108.968078859752,0.313910569916912],[108.967864589979,0.314034140363335],[108.967732179197,0.314105318105987],[108.967681649888,0.314132480329735],[108.96753629966,0.314224530437798],[108.967433550318,0.314310279895549],[108.967322029888,0.314403599846283],[108.967248090327,0.314479259809993],[108.967176659875,0.314547350180116],[108.96709019006,0.314636890280325],[108.967038819886,0.314687329656563],[108.966952359963,0.314745329633298],[108.96611450568,0.314933678246691],[108.966603039898,0.316399280002832],[108.966891852677,0.317430763718826],[108.966968652082,0.317525286962422],[108.967030437305,0.317616620310846],[108.967145189899,0.317993393979974],[108.967331587882,0.318605399719439],[108.967930220703,0.319898742632892],[108.967954445741,0.320097391181701],[108.968020048586,0.320300031821033],[108.968185325992,0.320810553564235],[108.968279131577,0.321100310630869],[108.968332939813,0.321880523767209],[108.968377270994,0.322066714907006],[108.968425491743,0.323261507412663],[108.968411702438,0.323323562432493],[108.968429088132,0.323688670995402],[108.968429088132,0.323932077003784],[108.968463860419,0.324210255299056],[108.968513475117,0.324323659809118],[108.968621281347,0.324841130613694],[108.96862033526,0.324870927851048],[108.968625279733,0.324952522440987],[108.968632323223,0.324981867319362],[108.968651803438,0.325108488266158],[108.968652719847,0.325114446274705],[108.968667782592,0.325212359063188],[108.968756434162,0.325602422014184],[108.968827354699,0.325832913758],[108.968896025131,0.326016033713013],[108.968926795435,0.326160837152925],[108.968957080105,0.326303355415574],[108.968982736864,0.326424092098169],[108.969022250377,0.326610034125847],[108.969022386174,0.326613039660093],[108.969051710368,0.326803643773197],[108.969093306711,0.327074024047014],[108.969208872292,0.327258928256964],[108.969270608052,0.327357706193229],[108.969464777977,0.327514890599763],[108.969521577359,0.327560871137336],[108.969642940869,0.327659119372919],[108.969661290636,0.32767517496938],[108.969784781942,0.327783230311848],[108.969956013759,0.327847441905986],[108.970089727659,0.327897583606669],[108.970159007832,0.327956966740633],[108.970358948707,0.328078670194531],[108.970458527939,0.328085164199005],[108.970458527939,0.3281982701341],[108.970458527939,0.328279674067726],[108.970458527939,0.328510164912245],[108.970564908744,0.328652006884685],[108.970807020628,0.328855891286403],[108.970808785997,0.328857376966428],[108.970870297826,0.328909176117613],[108.970937240661,0.329059799969834],[108.971025892231,0.329538513591531],[108.971025892231,0.329680354664649],[108.971025892231,0.329946306676715],[108.971025892231,0.330105877884021],[108.970937240661,0.330336369627787],[108.970777670353,0.330690973209851],[108.970689018783,0.330832814282988],[108.970529447576,0.331098766295096],[108.970427111922,0.331173812921157],[108.970263495564,0.331293797770549],[108.970258417992,0.331297860008298],[108.970086195122,0.331435638843687],[108.969921528356,0.331635591409455],[108.969871187006,0.331696720127565],[108.969837973244,0.331737051124031],[108.969678401137,0.331949812733742],[108.969554290198,0.332162574343388],[108.969359258723,0.332428527254758],[108.968916005369,0.332995890647908],[108.968826484155,0.333118985352943],[108.968813086954,0.333137404367787],[108.968632323223,0.333385953598887],[108.968531686388,0.333600646053007],[108.968636755982,0.33368625791449],[108.968672421295,0.333737209005044],[108.968788581328,0.333903151009678],[108.968743135887,0.334005401228329],[108.968633076855,0.334313565618614],[108.968565835445,0.334501844984203],[108.968664977607,0.335427177222469],[108.968670029099,0.335474318784802],[108.96867221625,0.335494733395249],[108.968683671814,0.335567289798626],[108.968666406629,0.335574844103782],[108.968450589123,0.335669263925405],[108.968450589123,0.335840470561306],[108.968415128855,0.336141882841675],[108.968237826614,0.336567406060957],[108.968042796038,0.337010660313747],[108.96800733577,0.337276612325867],[108.967921571024,0.337442015636549],[108.967759113892,0.337755325947563],[108.967639503161,0.337946702578313],[108.967644008764,0.337966229557851],[108.967617272819,0.337982270765207],[108.967588172556,0.338028829566891],[108.96755942123,0.338052004196697],[108.967574705209,0.338053222778065],[108.967626544829,0.338057358760102],[108.967492669951,0.338057033205578],[108.967432794888,0.33809295842331],[108.967390552832,0.338261929344639],[108.967179338955,0.338684356198149],[108.967179338955,0.338768842108433],[108.966891218655,0.339088974676485],[108.966848945123,0.339135946266928],[108.966877466222,0.33918891273816],[108.967075362938,0.339556435081477],[108.967470361368,0.34005676570722],[108.967760025805,0.340267431896503],[108.968743933586,0.340595401156866],[108.968945021096,0.340662430326974],[108.969550685716,0.340899428665751],[108.970314348628,0.34118909490087],[108.970809711462,0.341472159492353],[108.97086734715,0.341505094184809],[108.971446677822,0.342400423240965],[108.971815343204,0.343427419339989],[108.971789010155,0.344270082298522],[108.971620864811,0.344732480419683],[108.971646953244,0.344772797926343],[108.971657070617,0.344788435338047],[108.971647539602,0.344845622327665],[108.971635950039,0.344915163304163],[108.971551464129,0.345020769792709],[108.971505747093,0.345041089075013],[108.97136137173,0.345105254803741],[108.971150157854,0.345168619236438],[108.970854458966,0.34523198366916],[108.97064324509,0.34523198366916],[108.970072967893,0.345020769792709],[108.969354841253,0.344640584995039],[108.969122505899,0.3444504925962],[108.968754783007,0.344063416293673],[108.968570963379,0.343982995319041],[108.967180695133,0.343374753242305],[108.96662769841,0.343058753958359],[108.965284703027,0.342953420863751],[108.964664395645,0.342994775288671],[108.964398360896,0.343140341353699],[108.964249931389,0.343301866787778],[108.964257707827,0.343322086245338],[108.963821595091,0.344115017594041],[108.963799996972,0.34420473396136],[108.963755830367,0.344337233776325],[108.963723708383,0.344449658924644],[108.963703632817,0.344586175111945],[108.96368355725,0.344726705872801],[108.963675526304,0.34493147970409],[108.963739769375,0.345256708730174],[108.963896361128,0.345533755678328],[108.963948826677,0.345597117413083],[108.963950565966,0.345656218159995],[108.963998748044,0.34578470430068],[108.964151324324,0.346073795869013],[108.964231628387,0.346218342102872],[108.964368142776,0.346395010321549],[108.964456853701,0.346496392694399],[108.964480567924,0.346523494663585],[108.96451851212,0.346610222583763],[108.964536780948,0.346651980804316],[108.964656249586,0.346861050696963],[108.964717419673,0.346984547399019],[108.964671702637,0.347068068336736],[108.965311036076,0.347798734224227],[108.966153699933,0.34885206337207],[108.96646371333,0.349213744618685],[108.966469698318,0.349220727854338],[108.966785696703,0.349905391620529],[108.966793983955,0.350129141147015],[108.967358445236,0.350333307036525],[108.967534885926,0.350450934762854],[108.967742271389,0.350415382763739],[108.967821913551,0.350403798596442],[108.967897465596,0.350343356960398],[108.968509985747,0.350237749572557],[108.968531107225,0.350237749572557],[108.968805684635,0.350195506617414],[108.969043949219,0.350255074112432],[108.969059142366,0.350258871949448],[108.969085094102,0.350284823685743],[108.969134340078,0.350298567125191],[108.96915702098,0.350253205321229],[108.969164747955,0.350301114005275],[108.969405349877,0.350235950928433],[108.969493279291,0.350235950928433],[108.969617025106,0.350291636949497],[108.969728396249,0.350347322970605],[108.969858330298,0.350421570099457],[108.970000638119,0.350532942141628],[108.970001838714,0.350534142736529],[108.970157452904,0.350617935269554],[108.970368666781,0.35095587711209],[108.970368666781,0.351082605078204],[108.970358670816,0.35112258713775],[108.970342670978,0.351186587391168],[108.970368666781,0.351251575999467],[108.970368666781,0.351462789875857],[108.970368666781,0.351842974673611],[108.970368666781,0.351909866247336],[108.970368666781,0.352096430605853],[108.970368666781,0.352307645381577],[108.97028418087,0.352645587224117],[108.970115209949,0.35298352906663],[108.969946239028,0.35340595681948],[108.969939780097,0.353407360661216],[108.969944685899,0.353642885910518],[108.969949078187,0.353853703185908],[108.969958747698,0.353928639195376],[108.970018100255,0.354388624435499],[108.970202433396,0.355073288201707],[108.970492097832,0.355784285016794],[108.970525927629,0.355902689757385],[108.970549704805,0.355985906724233],[108.970597430927,0.356152950398357],[108.970615897606,0.356688490381575],[108.970793642313,0.356763330163604],[108.970620921219,0.356834144580144],[108.970623764875,0.356916613311112],[108.970597430927,0.357469610933818],[108.970464103735,0.357709601317062],[108.97033409864,0.357943609410091],[108.969846585152,0.358209526348615],[108.969858457102,0.358225714145421],[108.969850728328,0.358228541613926],[108.969837653085,0.358208384209608],[108.969798574844,0.358270906876873],[108.969756332789,0.358281467615689],[108.969629603923,0.358302589093285],[108.969407830207,0.358302589093285],[108.969333905036,0.358313149832015],[108.969217737808,0.358313149832015],[108.969080449104,0.358302589093285],[108.968921777218,0.358286722354415],[108.968824754759,0.358282101637688],[108.968624403793,0.358246745690794],[108.968575515748,0.358223524296244],[108.968570278096,0.35822103587211],[108.968619997115,0.358069393088027],[108.968605247334,0.358028092622408],[108.968596105726,0.358022608556611],[108.968043109002,0.357495943982653],[108.967811923881,0.357079813282786],[108.967779775816,0.357021946405725],[108.967569109627,0.356416281786039],[108.967527233595,0.356352365169592],[108.967068779001,0.355652618873305],[108.966951967859,0.355360591917817],[108.966858112812,0.355125954299382],[108.966826128423,0.35508777807853],[108.966353774807,0.354941904445354],[108.964675898874,0.354992749415893],[108.963239535876,0.35628293391034],[108.962915400426,0.357878187328531],[108.962884449358,0.35788544665609],[108.962908130306,0.357930442436025],[108.962776464163,0.358483440058757],[108.962561535187,0.359042253597179],[108.962513130976,0.359168103824967],[108.962144465595,0.359852767591171],[108.961989212932,0.360163273816029],[108.961802134161,0.360537432256739],[108.961786978786,0.360588960711977],[108.961749468064,0.360629598377308],[108.961662079142,0.360996632388696],[108.96161780192,0.361182596000032],[108.961377022831,0.361704281927133],[108.961375219691,0.36179623670698],[108.961384587929,0.361839955449631],[108.961380648898,0.361899034612794],[108.961381924137,0.361907320066786],[108.962197132592,0.362314924294376],[108.963092461648,0.362262258196715],[108.963984011753,0.362279402872211],[108.96403657173,0.362267976985608],[108.964255791372,0.362215782132671],[108.964350498077,0.362211602983141],[108.964544625734,0.362314376607232],[108.964728839265,0.362393923440833],[108.964724658316,0.362405421273193],[108.965223552725,0.362627151821632],[108.965409786133,0.362709922724779],[108.965693223663,0.363379867287105],[108.965699452368,0.363394587390356],[108.965622216792,0.363605226599986],[108.965510147775,0.363910869291254],[108.965409786133,0.364184583351911],[108.965185619321,0.364321759641543],[108.96364546017,0.36526424464921],[108.963605430446,0.365338148237018],[108.963602147022,0.365344208768253],[108.963441377917,0.365415660804153],[108.962598714059,0.3659686593262],[108.962098383434,0.366942989327501],[108.961512148667,0.367709602016589],[108.961413718768,0.367838318383741],[108.961308385674,0.368135728680944],[108.961176720429,0.36819381679121],[108.961233459557,0.368282980075464],[108.961237923791,0.368289994787456],[108.96122664989,0.368296065211261],[108.961196470441,0.368312315960668],[108.961124054332,0.368364982957627],[108.961005554263,0.368522982149955],[108.960880471157,0.36867439830491],[108.960656638893,0.368871896620754],[108.960518389712,0.36904964582453],[108.960400433733,0.369273761375037],[108.96033262575,0.369402597352002],[108.960320889597,0.369424895142856],[108.960295252624,0.369465099334871],[108.960268407861,0.369507196599888],[108.960259974918,0.369520422029868],[108.960254104144,0.369529629288968],[108.960031225161,0.369879142708307],[108.959995629095,0.369930186429011],[108.959772644892,0.370249935885852],[108.958821265589,0.370670738563771],[108.958649963625,0.370746507345469],[108.958468001997,0.370826990373351],[108.958138253877,0.370677104864552],[108.957399607406,0.370720554709865],[108.957168273897,0.371163105692801],[108.957066492225,0.371357818808341],[108.957472024414,0.37202405006989],[108.957562015075,0.372734983932383],[108.957611439117,0.373125430893994],[108.957616855733,0.373168227831511],[108.957196840862,0.374254473964861],[108.956832967967,0.374591191830046],[108.956380182699,0.375010186870671],[108.956226461582,0.375152437135335],[108.956230177581,0.375178710828868],[108.956183011737,0.375166919817554],[108.956038180418,0.375239335926647],[108.9558933473,0.37558693468933],[108.955786919731,0.375696587227742],[108.955415399001,0.376079365670229],[108.955183666193,0.376470414278224],[108.955140217247,0.376528347705124],[108.955038833975,0.377049744949837],[108.954966416967,0.377759426056743],[108.954965528436,0.377785227606241],[108.954937450703,0.378599455800271],[108.955256083202,0.378918088299201],[108.956559576763,0.378628422064075],[108.958341020422,0.37751320966691],[108.959934180218,0.376803530358675],[108.960643861325,0.376890429150002],[108.960686082697,0.377047802414184],[108.960789157594,0.377431991892931],[108.960803177125,0.377484244302479],[108.960531806698,0.37771140225948],[108.958225153568,0.37964225118899],[108.95823379965,0.379665882674382],[108.958315959014,0.379890453281863],[108.957832272142,0.380275322648052],[108.957787268268,0.380311131853308],[108.957660909923,0.380411675158701],[108.957778222887,0.380442958975413],[108.957862235754,0.380465361986925],[108.958819572166,0.380720651636813],[108.958699167333,0.380997582572427],[108.958751660761,0.381004144925385],[108.958912885821,0.381026129752095],[108.959095113649,0.381050978919568],[108.95948540233,0.38117587136941],[108.95984446565,0.381363209144792],[108.960297199656,0.381566159150939],[108.960515760994,0.381769108257795],[108.960765544994,0.382065727151648],[108.960937533141,0.382355390688732],[108.961062162988,0.382565295152283],[108.96120266677,0.382893135809616],[108.961390005444,0.383283422691877],[108.961436839439,0.383673711372757],[108.961436839439,0.38396301158375],[108.961478109327,0.38394560070894],[108.961506043169,0.384066644959721],[108.961852833442,0.385094170759426],[108.961894801204,0.385218521817356],[108.962125176036,0.385621677998058],[108.96216504658,0.385691451899028],[108.962297958284,0.385924046257781],[108.962304157311,0.385930245284606],[108.962542731262,0.386168820134947],[108.962801904185,0.38644239030412],[108.962931490196,0.386571976315678],[108.962985084394,0.386656196026648],[108.963080873883,0.386683564195127],[108.963167263658,0.386683564195127],[108.963368843098,0.386611571666727],[108.963570420738,0.386539580037658],[108.96370000675,0.386438791217297],[108.963787103392,0.386362581767793],[108.963815194616,0.386338002396941],[108.963839774886,0.386301131092335],[108.963930381582,0.386165220148823],[108.964088764785,0.385834055597229],[108.964146359167,0.385646876102496],[108.964232749842,0.385301313404906],[108.964247147988,0.384998945145236],[108.964247147988,0.384820164419098],[108.964239948915,0.38481176475118],[108.96420395265,0.384746972195052],[108.96420395265,0.384667780593647],[108.964218351696,0.384509398290151],[108.964232749842,0.384387011351518],[108.964253428853,0.384194009645851],[108.96425434796,0.384185432811533],[108.964297543297,0.383998253316802],[108.964326339589,0.383818271995723],[108.964383933971,0.383638290674644],[108.964477523719,0.383458311152179],[108.964513519983,0.383307127022338],[108.964585511612,0.383076752190397],[108.964614308803,0.382947165279525],[108.964823087316,0.382472015671036],[108.964859082681,0.382421622160169],[108.965131666293,0.38203426706781],[108.96513265285,0.382032864125438],[108.965175849086,0.382018465080138],[108.965456619228,0.381867280950287],[108.96568699406,0.381687301427861],[108.965895771673,0.381564913589962],[108.966284529707,0.381413730359434],[108.966572498922,0.381392132241143],[108.966820779256,0.381468526051657],[108.966946858811,0.38150732010678],[108.967062045777,0.381701698674477],[108.967242027098,0.38196087069768],[108.967252059935,0.381990970107211],[108.967314018727,0.382176848282997],[108.967429206593,0.382608801654896],[108.967450804711,0.382731188593513],[108.967450804711,0.38288237182405],[108.967357214964,0.383285528904063],[108.967213229907,0.383602295309736],[108.967047647631,0.383991053344461],[108.966910863446,0.384516597363126],[108.966723683052,0.384919754443156],[108.966514905439,0.38529411433192],[108.966428513865,0.385776462114084],[108.966399716674,0.386057232255495],[108.966388199056,0.386129223884593],[108.966406916646,0.386222813631999],[108.966414115719,0.386352399643536],[108.966428513865,0.386575576301888],[108.966442987554,0.386662421133838],[108.966471710101,0.386834748325044],[108.966500507293,0.387158712904353],[108.966586897068,0.387403486781526],[108.966687686787,0.387633861613485],[108.966788475608,0.387835441052795],[108.966853269063,0.387950628019076],[108.966903662574,0.388037018693498],[108.96740488173,0.388435183636871],[108.967673981369,0.388648954285893],[108.96802674314,0.388764141252182],[108.968170727297,0.388843332853578],[108.968336309573,0.388893727263738],[108.968442729948,0.388946938350536],[108.968581082551,0.389016114202354],[108.968797060136,0.38906650861253],[108.969193018143,0.389116903022684],[108.969372997666,0.389167298332195],[108.96966096688,0.3892032936971],[108.969905740757,0.38921769184304],[108.970193709972,0.3892032936971],[108.970604066125,0.389102504876743],[108.970863238148,0.388915325382013],[108.971000024132,0.388706546869681],[108.971000024132,0.388404180408658],[108.97089054876,0.388198109755025],[108.970877637193,0.388173803778041],[108.970812843738,0.388051417738771],[108.970776848373,0.387792244816278],[108.970647262361,0.38753307279313],[108.970474480113,0.387432283972749],[108.970258503427,0.387302697961218],[108.970150514635,0.387237905405066],[108.969927338876,0.387115517567111],[108.969804951937,0.38699313062853],[108.969797752864,0.38699313062853],[108.969358600419,0.38670516231344],[108.969157021879,0.386453189363215],[108.969063432132,0.386258809896197],[108.968977040558,0.38612202481164],[108.968912248002,0.385970840681803],[108.968905048929,0.385870051861423],[108.968919447075,0.385747664922857],[108.968926646148,0.385618078911257],[108.96892716056,0.385616535674608],[108.968932540304,0.385562742726447],[108.96893384612,0.385549686368962],[108.968984239631,0.385492091986528],[108.969023835881,0.385412901284445],[108.969131823775,0.38531211156476],[108.969351401346,0.385265317140676],[108.969642968748,0.385276115300535],[108.970038926755,0.385412901284445],[108.970463681054,0.385578482660887],[108.970740852109,0.385697269613327],[108.971028821323,0.385848453743164],[108.971295192419,0.385945644376024],[108.971608357939,0.386024835078107],[108.971817135552,0.386071630401479],[108.971964719696,0.386096826707207],[108.972043912197,0.38612202481164],[108.972800054079,0.38612202481164],[108.973166990964,0.38612202481164],[108.97338296765,0.385992438800029],[108.973714132201,0.385690071439681],[108.973944507933,0.385488492899669],[108.974275671585,0.38511413301085],[108.97449164917,0.384768570313304],[108.974779618385,0.384019849636382],[108.974923603442,0.38354470092723],[108.97516837642,0.38288237182405],[108.975499540971,0.382320833339835],[108.975888299006,0.381716097719782],[108.975956346209,0.38160552067828],[108.976233861703,0.381154558336214],[108.976608221592,0.380607417098653],[108.976633152598,0.380588025916718],[108.97725615165,0.38010347119831],[108.977846489124,0.380146665636174],[108.977867351597,0.380182949683441],[108.978177652776,0.380722604064999],[108.978244343802,0.380781883776985],[108.978436825699,0.380952978896908],[108.978981186233,0.381148390785637],[108.978998365083,0.381154558336214],[108.979531108174,0.381370535022196],[108.980107045704,0.381586510808865],[108.980467008346,0.381730495865725],[108.981244524415,0.381888879068581],[108.981604486158,0.38196087069768],[108.98173407217,0.382047262271381],[108.982065383311,0.382258096633882],[108.982209220879,0.382349629631729],[108.982857150937,0.382364027777709],[108.983101924814,0.38239282496892],[108.983706660434,0.382522410980519],[108.983980230603,0.382508012834584],[108.984469778358,0.382508012834584],[108.984772145718,0.382464816598019],[108.985290489764,0.382407223114904],[108.985774056128,0.382432673928795],[108.985837631002,0.382436020306147],[108.986211990891,0.382651996992138],[108.986643945162,0.38283917738618],[108.987205485445,0.382997559689664],[108.987536649097,0.383055154072172],[108.98779582112,0.383040755026847],[108.987808524044,0.383034737663078],[108.987874945273,0.383003275780591],[108.988069392189,0.382911169015278],[108.988558939044,0.382623199800886],[108.988855480596,0.38243514886304],[108.989149275619,0.382248839912029],[108.989754011239,0.381917676259776],[108.990214761802,0.381456924797309],[108.990358745959,0.381341737831004],[108.991179458265,0.381039369571276],[108.991654606975,0.380996175133423],[108.991823662432,0.381097607868352],[108.991870583661,0.381125761145022],[108.992201748212,0.381312940639761],[108.992532912764,0.381528918225035],[108.992921670798,0.381860081877336],[108.99315204563,0.382191247328249],[108.993310428833,0.382407223114904],[108.993540804565,0.382608801654896],[108.993886368161,0.382911169015278],[108.994188734622,0.383184740083726],[108.994491102882,0.383559099972554],[108.994721477714,0.383919060816023],[108.994980649737,0.384149435647995],[108.995141626585,0.384348740701854],[108.995283017997,0.384523796436087],[108.995383806817,0.384710975930826],[108.995644114684,0.385055707654826],[108.995916549909,0.38541650037127],[108.996026191656,0.385578353158507],[108.996082132185,0.385582082647012],[108.996161322887,0.385718867731616],[108.99619732005,0.385769263041064],[108.996262112607,0.385891649080407],[108.996348503281,0.386078828575112],[108.996427694882,0.386251610823246],[108.996535682776,0.386481985655155],[108.996693616317,0.38682214972249],[108.99672286317,0.386885142735182],[108.996780456653,0.387050725011012],[108.996910042664,0.387317096107153],[108.996989235165,0.387518674647123],[108.99707562494,0.387691455995942],[108.997179004707,0.387911699065684],[108.997241208115,0.388044217766469],[108.997291601626,0.388181003750389],[108.997370794127,0.388360984172152],[108.997485981093,0.388576960858131],[108.997543574576,0.388713746841977],[108.997615567105,0.388836132881289],[108.997694758706,0.388944121673928],[108.997759008072,0.389156144940143],[108.997902931975,0.389414215293851],[108.997982727921,0.389527259175729],[108.998090715814,0.389642447041327],[108.998213102753,0.389887220918581],[108.998241899944,0.389973610693631],[108.998313891573,0.390167990160647],[108.998347104435,0.390255549054392],[108.998393084074,0.390376767773656],[108.998414682192,0.390441561229126],[108.998565865422,0.391255073562814],[108.998486673821,0.391795015727438],[108.998558666349,0.392205371880431],[108.998508271939,0.392766912163319],[108.998493872894,0.393054881377729],[108.998493872894,0.393328450647518],[108.998473685812,0.393688454658496],[108.998450677557,0.394098769442673],[108.998472274776,0.394199558263023],[108.99860906076,0.394609914416045],[108.998652256097,0.394797093910805],[108.998738646771,0.395092262198201],[108.998904229047,0.395351434221362],[108.999048214104,0.395574609980298],[108.999098607615,0.395632204362785],[108.999732140426,0.396107353071949],[108.999816199158,0.39611575903512],[108.999876124583,0.396121752117203],[109.000466461158,0.396179344701046],[109.000725634081,0.396179344701046],[109.00099920425,0.396164946555079],[109.001272775318,0.39604975868946],[109.00150315015,0.39586257919473],[109.001690329645,0.395560211834363],[109.001877510039,0.395272242619966],[109.002107884871,0.39491228087712],[109.002208673691,0.394696305090461],[109.002381455939,0.394278748965112],[109.002525440097,0.393918788121598],[109.002727018637,0.393645217053177],[109.003072582234,0.393256459018403],[109.003533331898,0.392954090758712],[109.003864497349,0.392795707555932],[109.004440434878,0.392738114972057],[109.005088364936,0.392738114972057],[109.005462724825,0.392867700983678],[109.005556793012,0.392974596200685],[109.005779491231,0.393227661827137],[109.005981069771,0.393558827278126],[109.006139452973,0.393774803064727],[109.006264777997,0.393989645705623],[109.006341030614,0.394120365762299],[109.006406304308,0.39434066099278],[109.006385545257,0.394579394123799],[109.006398624997,0.394609914416045],[109.006398624997,0.394869086439264],[109.006398624997,0.39508506312524],[109.006427422188,0.395315437957151],[109.006427422188,0.395776189419678],[109.006297836176,0.39636652509512],[109.006110655782,0.396740884983873],[109.005837084714,0.397331221558657],[109.005635507073,0.397662386110258],[109.005549116399,0.397878362796233],[109.00547712387,0.398209527347824],[109.005426919217,0.398474893001941],[109.005449340215,0.398624365721943],[109.005603340122,0.3996510704406],[109.005702793449,0.399750522868372],[109.005736295893,0.399879748251805],[109.005894679096,0.400297302578491],[109.005911273387,0.400331598224735],[109.006110655782,0.400743655895036],[109.006240241794,0.400902039097903],[109.006715391402,0.401190008312248],[109.006931368088,0.401305195278611],[109.007377719606,0.401434781290165],[109.007824072023,0.401463577582082],[109.008256025395,0.401434781290165],[109.008817564779,0.401261999941345],[109.009263917196,0.401190008312248],[109.009911848153,0.401046023255371],[109.010273574366,0.401005831653837],[109.010300606188,0.401002827918205],[109.010674966077,0.401089217693311],[109.011207709169,0.401391585952983],[109.011481279338,0.401650757976136],[109.011783646698,0.402068313202147],[109.012143608441,0.402586658147815],[109.012373984172,0.40288902460884],[109.012762742207,0.403205791014478],[109.01292112541,0.403248987251001],[109.013281086253,0.40329218168887],[109.013511461085,0.403133799385377],[109.013741836816,0.402831431125726],[109.013943415356,0.402125906685278],[109.014130594851,0.401679555167375],[109.014346572436,0.401290797132603],[109.014677736089,0.400772452186959],[109.01490811182,0.400282905331834],[109.015066495023,0.399937341734982],[109.015397658675,0.399361404205479],[109.015455253058,0.399217419148621],[109.015556041878,0.399044637799817],[109.015757620418,0.398569489090676],[109.015815213901,0.398310317067503],[109.015987996149,0.398007948807818],[109.016261566318,0.397748776784661],[109.016880700084,0.397216033693036],[109.017370246939,0.396942462624605],[109.017759005874,0.396683290601403],[109.018133364863,0.396380924140374],[109.01827734992,0.395992165206265],[109.018493326606,0.395358633294331],[109.018594116326,0.394955477113625],[109.018766896775,0.394566718179508],[109.018824491157,0.394278748965112],[109.018954077169,0.393990779750682],[109.019198851046,0.393803600255981],[109.019673999755,0.393875592784408],[109.019918773633,0.394091568571055],[109.020134751218,0.394321945201675],[109.020581102736,0.394825891102014],[109.020984258916,0.395243446328012],[109.02127222903,0.395876978239991],[109.021430612233,0.396222540937566],[109.021804971222,0.396683290601403],[109.022121736729,0.397100845827416],[109.022380909651,0.397446409424265],[109.022611285383,0.397791972121859],[109.022913651844,0.398785465776651],[109.022928050889,0.39915982476617],[109.023014441563,0.399706966903052],[109.023014441563,0.400110123083776],[109.023057636901,0.400628468029405],[109.023273613586,0.401103616738572],[109.023518388363,0.401463577582082],[109.024065528701,0.401837938370171],[109.02423831005,0.40199632067373],[109.024396693253,0.402111509438664],[109.025015827019,0.402370680562514],[109.025303796233,0.402543461911312],[109.025584682387,0.402501850280201],[109.025623558281,0.402496090122498],[109.025908530954,0.40284583017097],[109.026052516011,0.402961018036566],[109.026182102023,0.403105002194134],[109.026570860057,0.403277784442256],[109.027074805958,0.403349776071365],[109.027607549049,0.403335377026046],[109.028226681916,0.403133799385377],[109.028629838996,0.403033009665701],[109.029637730797,0.40288902460884],[109.030156074843,0.402773837642547],[109.030660020743,0.402485869327448],[109.030947989958,0.402212298259031],[109.03117836479,0.402025117864918],[109.031595920915,0.401650757976136],[109.031826295747,0.401377187807045],[109.03198467895,0.401132413929811],[109.032301445356,0.400830045670126],[109.032503022996,0.400786851232202],[109.033251742774,0.400599670838179],[109.033798884011,0.400527679209064],[109.034187642046,0.400657265220648],[109.034633995363,0.400714858703795],[109.035137941263,0.400772452186959],[109.035569893736,0.400858842861318],[109.035987448962,0.400930835389772],[109.036405005087,0.40091643724384],[109.036851356605,0.400858842861318],[109.037196920202,0.400844444715398],[109.037657669866,0.400772452186959],[109.038017630709,0.400657265220648],[109.038463984026,0.400398093197491],[109.038575553019,0.400253053235868],[109.038651162621,0.400239709994651],[109.03875195324,0.400124522129031],[109.038838343015,0.40003813055534],[109.038910336443,0.399966138926207],[109.038967929027,0.399807755723364],[109.039011125263,0.399663770666505],[109.039054319701,0.399577380891452],[109.039054319701,0.399574501262292],[109.039140711275,0.399562981846194],[109.039140711275,0.399361404205479],[109.039111914084,0.399217419148621],[109.038996726218,0.399116630328249],[109.038956853876,0.399067896965896],[109.038867140206,0.398958247125427],[109.038636765375,0.398857458305091],[109.038176013912,0.398771066731391],[109.037758458686,0.398799863922641],[109.037326506213,0.398828661113832],[109.036548989244,0.398929449934203],[109.035915457333,0.399131029373546],[109.035613089972,0.399174223811426],[109.035238730083,0.399131029373546],[109.034993956206,0.399044637799817],[109.034878768341,0.398828661113832],[109.034849971149,0.39864148071979],[109.034936361824,0.398209527347824],[109.034993956206,0.398108737628212],[109.035035423946,0.39803041117458],[109.035109144072,0.397993550661882],[109.035325119858,0.397806371167118],[109.035497902107,0.397633588919065],[109.035713878793,0.397360018749908],[109.036045043344,0.397201636446425],[109.036491394862,0.397057651389557],[109.036851356605,0.396884870040745],[109.037211318348,0.396712087792629],[109.037686467057,0.396524908297919],[109.037960038125,0.396409721331602],[109.038291201778,0.396193743746326],[109.038478382172,0.395934571723134],[109.038622367228,0.395617806216819],[109.039054319701,0.395128257563094],[109.039299093578,0.39508506312524],[109.039774243187,0.39508506312524],[109.040479766728,0.395070664079914],[109.040911720999,0.395200250091513],[109.041430065046,0.395430625822767],[109.041804424934,0.395718595037179],[109.04212119134,0.395934571723134],[109.042538745667,0.396121752117203],[109.042970699938,0.396294532566662],[109.043474645838,0.396539307343219],[109.043935396401,0.39678408032108],[109.04430975629,0.396942462624605],[109.044756107808,0.397201636446425],[109.045260053709,0.39754719914396],[109.045291937373,0.397573766915846],[109.045377042017,0.397545398701253],[109.045492228983,0.397674984712788],[109.045679409377,0.397862165106843],[109.045837791681,0.3980061492644],[109.046062242678,0.398143313862871],[109.046096963704,0.398164531567921],[109.046125760895,0.398193328759134],[109.046208273693,0.398186727735315],[109.046485722638,0.398164531567921],[109.046644105841,0.398078141792838],[109.046874480673,0.39781896887035],[109.04691767601,0.397617391229683],[109.046960872247,0.397257430386146],[109.046941388434,0.397043109352041],[109.047412379578,0.397493622932399],[109.047424884651,0.397112224949284],[109.046134513097,0.395939159164926],[109.045899898861,0.395176666270176],[109.048304685113,0.396115118717803],[109.049888323787,0.396173771602322],[109.050826776235,0.395939159164926],[109.051354655793,0.395176666270176],[109.051589269129,0.394355519591596],[109.053114254919,0.393534373812346],[109.05522577405,0.392830533802165],[109.05604691983,0.392537266681589],[109.05634018695,0.392537266681589],[109.057044026061,0.393065147138882],[109.05634018695,0.393417067143947],[109.055108467382,0.393886292918126],[109.054815201161,0.394179560038704],[109.054756547377,0.394883399149575],[109.055694999824,0.395176666270176],[109.056516145604,0.395469931592123],[109.057161332729,0.395939159164926],[109.058510358966,0.396701652059622],[109.059918038087,0.396760304944169],[109.060328610977,0.396760304944169],[109.060973797203,0.397112224949284],[109.061853596766,0.398167984065253],[109.06232282344,0.399165090296697],[109.06302666255,0.40010354274436],[109.063847809229,0.399165090296697],[109.064199729234,0.398402597401977],[109.06455164834,0.398813170291641],[109.064844914561,0.400338156081089],[109.065372795019,0.401511221865462],[109.065783367908,0.402156408091774],[109.064668955008,0.402977554770353],[109.063847809229,0.402742941433644],[109.064434341672,0.404150620554707],[109.065196834566,0.405089073002371],[109.065275574708,0.405482773711062],[109.065314141235,0.405499645891988],[109.065842020793,0.406379446354436],[109.066311246567,0.407200592133667],[109.067660272803,0.407435204571054],[109.068481418583,0.406965978796904],[109.068950646155,0.406379446354436],[109.069361219045,0.406203485902202],[109.069654485266,0.407200592133667],[109.070768898166,0.408666925038633],[109.071120818171,0.408784230807664],[109.072000616835,0.407317898802032],[109.073584256408,0.407083286364639],[109.073994830197,0.407141939249104],[109.074640016424,0.407493859254264],[109.074522708856,0.409077497928232],[109.074288096419,0.40937076414949],[109.07387752263,0.410133257044202],[109.07305637685,0.412127468607824],[109.073232337303,0.412479388612948],[109.074229442635,0.412244776175562],[109.075226548866,0.410837097054409],[109.076282307982,0.410426524164794],[109.077514026651,0.41071979038605],[109.077220761329,0.411658242833691],[109.076223655098,0.412362081944586],[109.076106348429,0.413183228623156],[109.077103453761,0.413359189075354],[109.078100559993,0.413535147728889],[109.079508240013,0.414297640623632],[109.079625545782,0.414884173965499],[109.079625545782,0.415118788201524],[109.079214972893,0.416233200202083],[109.078159213777,0.418168758881168],[109.077572681334,0.419048559343593],[109.077919644276,0.419525632601897],[109.07889237978,0.419136538220676],[109.079889486011,0.419605764894183],[109.081355818916,0.419781725346387],[109.082059658027,0.419781725346387],[109.082763498037,0.419840378230885],[109.083643296701,0.420016337783791],[109.084757709601,0.420368257788933],[109.085930776284,0.420309604005071],[109.085995762195,0.42031682466176],[109.086458655842,0.420368257788933],[109.086634615395,0.421130750683625],[109.086670955201,0.421603164554415],[109.086487981835,0.421629304249032],[109.085989429169,0.421717284025476],[109.08572548894,0.421834589794494],[109.084816363385,0.422186509799633],[109.083995216706,0.422391797143741],[109.083936563821,0.422890349809848],[109.084181377269,0.42311068191245],[109.084279405171,0.423424370838056],[109.084640402932,0.423359575583993],[109.085344242942,0.423066310262076],[109.085666836056,0.422890349809848],[109.085989429169,0.422773043141465],[109.086341349174,0.422714390256935],[109.086517308727,0.422743716249558],[109.086722595172,0.422831696025961],[109.086758438551,0.422919314274963],[109.087074515177,0.422743716249558],[109.087602394735,0.422802370033405],[109.087983640733,0.422802370033405],[109.088599500966,0.422626409581198],[109.089156707416,0.422450450028267],[109.089655260082,0.422685063364991],[109.089948527203,0.422949002694373],[109.089919200311,0.42333024869208],[109.089919200311,0.423858129149369],[109.090036506979,0.424268702039002],[109.090007180087,0.424620622044111],[109.089948527203,0.425001868041816],[109.089916826101,0.425070551964413],[109.089948527203,0.425089847818239],[109.090447079869,0.425793687828481],[109.090352427123,0.425955949807297],[109.090447079869,0.425998974273282],[109.090681693206,0.426116280941617],[109.090916305643,0.426204260718121],[109.091326879432,0.426380221170284],[109.091708126329,0.42655618072319],[109.092441292332,0.426526853831264],[109.092675904769,0.426321568285805],[109.092763885445,0.426262913602611],[109.092784833353,0.426241966593505],[109.092763885445,0.426116280941617],[109.092587924993,0.425529747599801],[109.092523424716,0.425284648168008],[109.092294658772,0.424840571934897],[109.09226533188,0.42381413881151],[109.092338649109,0.422597082689249],[109.092573262446,0.421453343796821],[109.093101142004,0.420529553895843],[109.093159882123,0.420453350741574],[109.093262438111,0.420192298236025],[109.093483251351,0.419618186330293],[109.093482388002,0.419605764894183],[109.093511714894,0.418828608553495],[109.093570367778,0.418242076110968],[109.093760990777,0.417948808990383],[109.094590772746,0.417921150340872],[109.09464079124,0.417919482997756],[109.095417946681,0.417860829213963],[109.096151112684,0.417611553330569],[109.096230020099,0.417607795063745],[109.09645904325,0.417596888985238],[109.096737646026,0.417714195653674],[109.096777622689,0.417902657581636],[109.096781636364,0.417904818652513],[109.096898943032,0.418344719333398],[109.09686961614,0.419341824665536],[109.096957595916,0.420221625127945],[109.096957595916,0.421130750683625],[109.097104228577,0.42206920313129],[109.097250863037,0.422655735573812],[109.097679593239,0.422822465384507],[109.097866722371,0.422538429804726],[109.09861455182,0.422318479913933],[109.099289064938,0.422479776920207],[109.099333055276,0.422567755797331],[109.099338626576,0.422572493425869],[109.099421035053,0.422509102912835],[109.099701703571,0.422549199186222],[109.099890260827,0.422729052803623],[109.100350642668,0.422879178431402],[109.100418141284,0.422919675802463],[109.100748152905,0.423124190628901],[109.100784723836,0.423036983370116],[109.101209960172,0.422743716249558],[109.101576542723,0.422406459690423],[109.101781830067,0.422113192569833],[109.102179006656,0.422031721186988],[109.102133750073,0.421922569570981],[109.101693850291,0.421585313911171],[109.101297939948,0.421248057351991],[109.101048664065,0.420984117123339],[109.100858040167,0.420852147009016],[109.100330160608,0.420617533672277],[109.100242180832,0.420324268350327],[109.1014739004,0.420632198017564],[109.101552738568,0.420658477107052],[109.100961080889,0.419853822196164],[109.100981422655,0.419833862642688],[109.101781830067,0.419048559343593],[109.100235093275,0.417767306016403],[109.099815672855,0.407894820189799],[109.099684709082,0.404812119583709],[109.099559381361,0.401862078871883],[109.099038154088,0.401948949784239],[109.098483211231,0.401648980915792],[109.094912061842,0.399718631109976],[109.088118355578,0.396339378159818],[109.074309552444,0.389470749375618],[109.075244373429,0.37587334987521],[109.074305364301,0.375869081692827],[109.075083902001,0.363217849024577],[109.052774384031,0.366118086180791],[109.05276824256,0.366114752393962],[109.052824763152,0.366013015688159],[109.053092172066,0.365531679643366],[109.053306099197,0.364782935584055],[109.053520025429,0.364462045786805],[109.053573507212,0.364087674206876],[109.053680470777,0.36280411321928],[109.054001360574,0.361039216186947],[109.054429214836,0.358792984009027],[109.054536178402,0.356600233613942],[109.054536178402,0.355156228177468],[109.054429214836,0.354140075204331],[109.054035395417,0.353598572716009],[109.054135064582,0.353324479141457],[109.054135064582,0.352843143995917],[109.054135064582,0.352737636432834],[109.054135064582,0.352556656864292],[109.050384461774,0.346020517333029],[109.049696082908,0.344820887374093],[109.049703341336,0.344788415552962],[109.049715340091,0.344734738617316],[109.049615859784,0.344526737119281],[109.049375193111,0.344018660632744],[109.049134524639,0.343443733041886],[109.048693301055,0.342949026776216],[109.048359040138,0.342628136978984],[109.048278883564,0.342447786036512],[109.048212136781,0.342478452918328],[109.047271808347,0.340709357850619],[109.047056319993,0.340302712300379],[109.046490331664,0.339234637868282],[109.045863050939,0.338312166373418],[109.04498052643,0.337014334943656],[109.044689353831,0.336586140737833],[109.043224548874,0.334432015325317],[109.041786383635,0.332317067079015],[109.041054223074,0.331240360054613],[109.040774989874,0.330829723313099],[109.040514527324,0.330356882264364],[109.039750677352,0.328970199615057],[109.039510820068,0.328534768564787],[109.038035972382,0.326318510790686],[109.037981626351,0.326236845154291],[109.036754900718,0.324393441803914],[109.034709054579,0.321319143563703],[109.034665336736,0.32106454908973],[109.034213391435,0.320353152076342],[109.034124266821,0.320212864132403],[109.033615620165,0.319412215701219],[109.032429043865,0.317544457810509],[109.032171004988,0.31735167014352],[109.030770461088,0.314936447259297],[109.029652363666,0.313008300792487],[109.029180491187,0.312194560030943],[109.0290377391,0.312233205697901],[109.028898899065,0.311991520991952],[109.028806723052,0.311917317030583],[109.028464154197,0.311303198783666],[109.028003648041,0.310477658048718],[109.027241438642,0.309111259577038],[109.026758801278,0.308341578401154],[109.025484527589,0.306309447822798],[109.024910172654,0.305393502606936],[109.024127018947,0.304144578209779],[109.023625665792,0.303345052132495],[109.023647802604,0.30328289818726],[109.023564626107,0.302824163904042],[109.023481761674,0.302367159916568],[109.023400067259,0.302226276621404],[109.022522077132,0.300431703760181],[109.02250856302,0.300409744114443],[109.022509410181,0.300396871218633],[109.02002013622,0.296083803624699],[109.019998229635,0.296045847737728],[109.019852131171,0.296245074550589],[109.017876680365,0.297114997758967],[109.017779981661,0.297157579758534],[109.017205215948,0.297410688552476],[109.017088750146,0.297319787778007],[109.015996994766,0.297915290957974],[109.015299384359,0.298225340327233],[109.014960305774,0.298376042420441],[109.014751552442,0.29849346600068],[109.01311730442,0.299412729613832],[109.012369905747,0.299679658289616],[109.01231099026,0.299700698828241],[109.011447082617,0.300103855908272],[109.010640770255,0.300449418605804],[109.009875136928,0.30060254527129],[109.009920933105,0.300852969588885],[109.009605742311,0.300984060166284],[109.006952706302,0.301623351336611],[109.006780425876,0.301664861344283],[109.006421358959,0.301800871213288],[109.006144553928,0.301905721372009],[109.004533799795,0.302515861917525],[109.003913238805,0.302876911840012],[109.002661606448,0.303605133370233],[109.002260036671,0.303753406394639],[109.000449010713,0.30442209370471],[109.000142650363,0.304456133943453],[108.999642579641,0.304596152990116],[108.999291647991,0.304694413816211],[108.998751876698,0.305018274074127],[108.998140924964,0.305158230168212],[108.994804943793,0.306450903086767],[108.995430701965,0.309044771798823],[108.995430472638,0.309045013716433],[108.994804943793,0.306452092889804],[108.994690921449,0.306496276581914],[108.993957795016,0.306625650353506],[108.993402200151,0.306863757556396],[108.993395279868,0.306822235857563],[108.992822075378,0.306961362776748],[108.992820588799,0.30695724568037],[108.992303910297,0.307120111104274],[108.992303115297,0.307115655862902],[108.991310410347,0.307179020295623],[108.991311146892,0.307183932392604],[108.991038593856,0.307320207561593],[108.991004943024,0.307337032977728],[108.991004149822,0.307336239775655],[108.991038593856,0.307319017758496],[108.991024019443,0.307301374858576],[108.990184169564,0.307536532285211],[108.989466042924,0.307832232071896],[108.989254829947,0.307958960038015],[108.989001373115,0.308085688004137],[108.988846649254,0.308201732024367],[108.988754723252,0.308181095281377],[108.988777084895,0.308242590023535],[108.988805645564,0.308321133213753],[108.988803348696,0.308320804961211],[108.988502145058,0.308277775998568],[108.988490705682,0.308276141930408],[108.988483431066,0.308281843632243],[108.988221027778,0.308338887629575],[108.988047167243,0.308356274222693],[108.987751602355,0.308356274222693],[108.987212632357,0.308408433102729],[108.986917068368,0.308460591083457],[108.986586732092,0.308669224804937],[108.986343326084,0.308860471933263],[108.986204236936,0.308947403100209],[108.986021419153,0.308997262413758],[108.986012988908,0.308999561080937],[108.985809653093,0.309124690951767],[108.985264782644,0.309195342591009],[108.985056752367,0.309260352783077],[108.984778574072,0.309416827624552],[108.984622098331,0.309399441930722],[108.984274376361,0.3094516008108],[108.984065741741,0.309503758791496],[108.983913170856,0.309485451292551],[108.98390445013,0.309491820291327],[108.983812150011,0.309558999648175],[108.983610489632,0.309697610356457],[108.983533799945,0.309730479677966],[108.983458540179,0.309747619856792],[108.983413110027,0.309747609964293],[108.9833733501,0.309747600071694],[108.983290990187,0.309746160257142],[108.983273949833,0.309746150364618],[108.983259750437,0.309766160280105],[108.983258330408,0.30978331035151],[108.983256899586,0.309809049847844],[108.983241280161,0.30984620983473],[108.98320718956,0.30986335990616],[108.98317594981,0.309869069701851],[108.983151810208,0.309864779935706],[108.983037959634,0.309821220373041],[108.98291634971,0.309779990054541],[108.982862560359,0.309768209835053],[108.982808770109,0.30976466021091],[108.982752639822,0.309765830228887],[108.982702359626,0.309775239835524],[108.982673129861,0.309783470430879],[108.982647390365,0.309799949607999],[108.982613479628,0.309838800320442],[108.982595930258,0.309880000061963],[108.982585400096,0.309923549732099],[108.98257017997,0.309975339890059],[108.982564241746,0.309986344893952],[108.982547949628,0.310016539631651],[108.982521050006,0.3100706896107],[108.98248129008,0.310108360412509],[108.982433340027,0.310113050377029],[108.9823935801,0.31010833972811],[108.982295359743,0.310078889629087],[108.982225200033,0.310080049754562],[108.982137499946,0.310078859951486],[108.98205447993,0.310074130416802],[108.98200653977,0.310067059946904],[108.981971459915,0.310047040138844],[108.98193638006,0.310016420021842],[108.981908320313,0.309982279958321],[108.98188376972,0.309959900329202],[108.981865070117,0.309951659841242],[108.98184752974,0.309951659841242],[108.981820630118,0.309955189680277],[108.981794899615,0.309974019685263],[108.981784370352,0.309995199618809],[108.981770330137,0.310031700402705],[108.981727050263,0.310083479768814],[108.981695479563,0.310121149671371],[108.98167910021,0.310149409967324],[108.981646339707,0.310195299673414],[108.981621790014,0.310209429821389],[108.981562149674,0.310229429844347],[108.981500170197,0.310225890112802],[108.981468600396,0.310207040322704],[108.981454751735,0.310194215090952],[108.981439369731,0.310179969829787],[108.98140779993,0.310136400374634],[108.981393780399,0.310122270226658],[108.981385600165,0.310118729595737],[108.981368059788,0.310117559577742],[108.981335310077,0.31012226033406],[108.981309579574,0.310144620178103],[108.981280339916,0.310185819919694],[108.9812662997,0.310198770157147],[108.981227719684,0.31020229010364],[108.981209000295,0.310190519776688],[108.98120199008,0.310186980045156],[108.981185619721,0.310181090385056],[108.981170420279,0.310183440313531],[108.981145859794,0.310198739580184],[108.981129480441,0.310229349804656],[108.981116620136,0.3102564202976],[108.981088549597,0.310288199640737],[108.981067490173,0.310303499806703],[108.981041769562,0.310304669824689],[108.980997329563,0.310304659932174],[108.980965759762,0.310304659932174],[108.980924829817,0.310291699802174],[108.980878069567,0.310248130346959],[108.980852339964,0.310230470359953],[108.980823110199,0.310211629563124],[108.980792710415,0.310209269742052],[108.980775170038,0.310221040068977],[108.980769310056,0.310246929752039],[108.980773980235,0.310345820103576],[108.980761100145,0.310397620154084],[108.980737709678,0.310437639985132],[108.980700279894,0.310478839726706],[108.980666370057,0.310495309910664],[108.980617249986,0.310502369588709],[108.980588020221,0.310498829857175],[108.980522539684,0.310470559668667],[108.980416139993,0.310428160231476],[108.980361179725,0.310386949697996],[108.98033897996,0.310352799741959],[108.980334299888,0.310326910058899],[108.980329629709,0.310296299834422],[108.980313260249,0.310263329788879],[108.9802980698,0.310248019730345],[108.980274680232,0.310242130070315],[108.980246619586,0.310242120177751],[108.980205689641,0.31025153967687],[108.980157739588,0.310260950182738],[108.980107450399,0.31027152980732],[108.9800630104,0.310297420389694],[108.980043129986,0.310324489983234],[108.980031429807,0.310359800064743],[108.980029089771,0.310399829788367],[108.980031410022,0.310450459820908],[108.980023219896,0.310478710224344],[108.97999281022,0.310501060175852],[108.979956560347,0.310506939943364],[108.979898090025,0.310501050283269],[108.979877050386,0.310505750140268],[108.979826760297,0.310524580145287],[108.97979166965,0.31054693998936],[108.97975774992,0.310581070160315],[108.979705119795,0.310636390157339],[108.979677060048,0.31064226992487],[108.979631459924,0.310637560175335],[108.979630706292,0.31063704486376],[108.979595210051,0.310612819825847],[108.979562480124,0.31058103958338],[108.979513360054,0.310557480043686],[108.979444380254,0.310543349895717],[108.979307569988,0.310503289595198],[108.979190230045,0.310444160070005],[108.979135519788,0.310423960397472],[108.979088329663,0.310407140377247],[108.979051589659,0.310386519822092],[108.979019429903,0.310363400050876],[108.978983939957,0.310352459798227],[108.97895011016,0.310350769972097],[108.97890709019,0.310357489706404],[108.978869080344,0.310370510090971],[108.978845689877,0.310388590061434],[108.978790549744,0.31047410029953],[108.978783439704,0.310519839818801],[108.978774909634,0.310585590152929],[108.97877346982,0.310662779863434],[108.978784820163,0.31074284020997],[108.978791899627,0.310804309771128],[108.97880467,0.310888649991204],[108.978794719901,0.310910089828843],[108.978747859826,0.310955830247393],[108.978712359987,0.310964389994638],[108.978649879588,0.310965810024179],[108.978584569922,0.310957219699958],[108.978529199563,0.310937199891869],[108.978465300034,0.310917170191322],[108.978388630131,0.310901440149394],[108.978290649894,0.310892839932622],[108.978184160271,0.310881379871828],[108.978120259842,0.31087708021312],[108.978059210264,0.310877070320603],[108.978033649733,0.310879920272153],[108.977999560032,0.310898500265631],[108.977975420429,0.310918510181115],[108.977971150448,0.310957109982665],[108.977991029962,0.31100857008949],[108.978009479554,0.311040030173265],[108.978010889691,0.31104288012489],[108.978002380306,0.311067179806563],[108.97798106997,0.311104339793452],[108.977954080417,0.311130070296541],[108.977893020047,0.311155790007774],[108.977844286685,0.311170679183536],[108.977701309768,0.311214360154624],[108.977628899954,0.311224349823928],[108.977513880261,0.311238620266176],[108.977380410078,0.31126147024071],[108.977262550327,0.31127859962772],[108.977187289662,0.311274299968995],[108.97713049028,0.311257130112478],[108.977048140259,0.311237100411896],[108.976965790239,0.311232799853883],[108.976862129883,0.311235639912902],[108.976741430073,0.311287080234589],[108.976687469851,0.311307080257611],[108.976602259986,0.31134709019606],[108.97652273024,0.311402820283998],[108.976474450136,0.31142854988769],[108.976387840027,0.311448540018141],[108.976296959937,0.311458529687438],[108.976149279566,0.311475650081206],[108.976078279889,0.311489930416034],[108.975993079917,0.311502779929414],[108.975863869822,0.311518480293673],[108.975765889584,0.3115270400409],[108.975667910246,0.311539889554301],[108.975497510302,0.311595599857063],[108.975382479818,0.311645610256741],[108.975334199714,0.311682770243675],[108.975304379993,0.311714220434959],[108.975263190144,0.311752799552098],[108.975223430217,0.311771380444892],[108.975173730084,0.311771369653054],[108.975143910363,0.311761350306137],[108.975124039843,0.311718469731663],[108.975112690398,0.311681289959605],[108.975097079966,0.31164270005064],[108.975071520334,0.311615539625503],[108.975021830093,0.311594080002853],[108.974974970019,0.311589780344144],[108.974889770047,0.31159834998391],[108.974797469927,0.311645499640119],[108.974770490266,0.311665499663155],[108.974750609853,0.311689800244131],[108.974712260063,0.311725540201556],[108.974655459782,0.311764120218011],[108.974617109992,0.31177554970189],[108.974544700178,0.311782690318973],[108.974493580015,0.311788390222069],[108.97444813997,0.311801249627985],[108.97441690022,0.311815539855337],[108.9743771304,0.311826970238538],[108.974337380366,0.311852680057198],[108.974321750149,0.31188271021892],[108.974320320227,0.311911299666802],[108.974318890305,0.311962749881043],[108.974311790157,0.312009920221645],[108.974291899851,0.312049940052757],[108.974254979983,0.312064230280047],[108.974247879836,0.312064230280047],[108.974228000322,0.312061370435971],[108.974192499584,0.312035630040325],[108.974179730111,0.31201419020277],[108.97415985959,0.311989879729189],[108.974134299958,0.311967000077035],[108.974095969953,0.311968429999073],[108.974044318291,0.312013566073293],[108.974038439423,0.311995305339087],[108.973936599295,0.312107695413885],[108.973921280243,0.312125639586672],[108.973874420168,0.312177089800916],[108.97383181029,0.312218529661432],[108.973773589979,0.312242830242474],[108.973719629757,0.31225281991175],[108.97365574012,0.312248520253019],[108.973597509917,0.312244219694988],[108.973566270167,0.312251360312078],[108.973522250152,0.312267069669595],[108.973500959602,0.312285659555589],[108.973471129989,0.31230852032198],[108.97343705018,0.312329960159547],[108.973373149751,0.312347100338438],[108.973307830192,0.312354240056202],[108.97326098001,0.312335640277643],[108.973236840408,0.312299900320176],[108.973201360355,0.312258439775215],[108.973177219853,0.312238419967151],[108.973143140044,0.312228409613455],[108.973119000442,0.312226979691385],[108.973083499704,0.312236970260011],[108.973025280293,0.312276990091042],[108.972995439888,0.312349880142887],[108.972981239593,0.31238705002236],[108.972934369626,0.312437070314622],[108.97286052989,0.312504239778881],[108.972816490089,0.312528540359893],[108.972695970143,0.312545479989983],[108.972599499867,0.312551769848363],[108.972479229933,0.31255930976437],[108.972377739641,0.31257443006592],[108.972262469937,0.312595850118416],[108.972104600247,0.312637440165752],[108.971935450361,0.312700470050687],[108.97175377022,0.312743320048237],[108.971590890407,0.312782390195196],[108.971455570318,0.312818940441794],[108.971334232889,0.312849729631354],[108.971316500057,0.312854229838851],[108.971012030081,0.312946250269299],[108.970824079867,0.313004229561606],[108.970688769671,0.31303825990784],[108.970560969713,0.313057160059948],[108.970415630277,0.313091179614249],[108.97022266994,0.313146639905545],[108.969979600278,0.313226059934759],[108.969822979747,0.313286569919336],[108.969693919839,0.313330689759577],[108.969568629888,0.313367249898696],[108.969414520264,0.313413879746806],[108.969398837886,0.313420031109622],[108.969266669921,0.313471869830947],[108.969024840424,0.313558860353174],[108.968826879857,0.313623140295764]]]]},"properties":{"gid":524,"luas":104.56017744247463,"idkec":"6104101","kdkab":"04","kdkec":"101","nmkab":"MEMPAWAH","nmkec":"MEMPAWAH TIMUR","kdprov":"61","nmprov":"KALIMANTAN BARAT","sumber":"BPS","periode":"2023_1"}},{"id":531,"type":"Feature","geometry":{"type":"MultiPolygon","coordinates":[[[[109.090916305643,0.426204260718121],[109.090681693206,0.426116280941617],[109.090447079869,0.425998974273282],[109.090352427123,0.425955949807297],[109.090189005019,0.425881667604904],[109.09018313964,0.425940321388772],[109.089977853195,0.426262913602611],[109.089908647666,0.426364060353135],[109.086663942287,0.430412634635431],[109.086624595149,0.430495868689434],[109.08657238231,0.430506817035994],[109.080702760924,0.435162032601793],[109.080186798282,0.434961874990564],[109.06538540801,0.437211685570882],[109.061624052908,0.437783411575244],[109.050634907675,0.442386972780638],[109.049119005038,0.443975062199401],[109.049217347702,0.443993847238291],[109.048835610675,0.44410612309917],[109.04783085481,0.445426659712611],[109.047199776249,0.446155222985221],[109.047198945275,0.446156182561797],[109.047058628553,0.446133551122556],[109.044397825999,0.448921059159603],[109.042764304629,0.466147286068464],[109.048373146903,0.475657930569047],[109.049595394812,0.477730438908667],[109.055387859762,0.47991627531587],[109.060358272416,0.487300885627399],[109.072041753624,0.496202586580188],[109.082235792048,0.502446435654509],[109.091651360222,0.508213471374625],[109.092414350442,0.508680802277217],[109.09456200793,0.509736430991529],[109.095569519318,0.510231648072142],[109.096754471442,0.510814082304081],[109.099015596393,0.511925481575758],[109.099513471869,0.512170200594316],[109.099495488126,0.512176825899852],[109.09889236589,0.512490155096595],[109.097284145147,0.513957231740885],[109.096272629978,0.51577795868585],[109.095804359284,0.517130741390647],[109.095362266955,0.518407897406574],[109.094908819786,0.520351243315253],[109.094654207326,0.521442442015138],[109.093558187361,0.522970863214822],[109.091710544606,0.525547436165304],[109.08979038322,0.527826201318186],[109.089067376858,0.528739470949864],[109.08846095411,0.529505479294468],[109.086872477982,0.530498275974708],[109.085784486265,0.531178271360195],[109.084223212831,0.533297142449205],[109.082438901234,0.536085129824927],[109.081323705924,0.537311843766648],[109.080590822309,0.538337882087663],[109.078609677894,0.540752836973919],[109.07802564197,0.54136931863917],[109.077643562301,0.541772625006647],[109.075972723562,0.54136931863917],[109.075972575174,0.541369282666322],[109.074409496801,0.540991988289632],[109.073628860084,0.541661104576348],[109.073443701366,0.542883156432593],[109.073071263328,0.545341249099405],[109.072848224266,0.546456444409433],[109.072428257059,0.547611351083044],[109.070952392239,0.548463795068132],[109.069056560212,0.549355951316157],[109.068610482088,0.550025067602852],[109.067495286778,0.552813055877888],[109.065376416588,0.554931926067578],[109.064230703684,0.555862817914775],[109.061507701319,0.557455464198366],[109.0586441601,0.558784631605532],[109.056566376337,0.55961574457097],[109.055055659191,0.560206895032251],[109.055055573756,0.560206929206459],[109.054001427124,0.56061942124932],[109.053889907593,0.560953979842338],[109.053109270876,0.562180693784055],[109.052217114628,0.564634122566731],[109.051436478811,0.566529954593758],[109.049426545299,0.570578182637045],[109.048536971004,0.571882891182553],[109.047087218001,0.57411328090323],[109.044968346912,0.577458865933977],[109.043630113439,0.579354697960971],[109.042849476722,0.580358373740013],[109.041734282311,0.581585087681646],[109.040061489346,0.582811803422031],[109.039057812668,0.583815478301742],[109.036269826192,0.584930672712407],[109.034039435572,0.58481915408072],[109.033773213763,0.584781121751402],[109.033692289168,0.585125056676051],[109.033161191836,0.586364282885369],[109.033303530234,0.587004800730997],[109.033628590187,0.587536720942969],[109.034091330051,0.588094747574586],[109.034744379949,0.588882271299828],[109.035486639897,0.589624521354586],[109.035503860115,0.589645192271853],[109.035510640104,0.589653331136373],[109.035510679674,0.589653370706509],[109.035923259851,0.590148470875302],[109.037713399954,0.591807631017384],[109.038245660109,0.59293357142724],[109.038654902002,0.593326442061702],[109.039249340385,0.59389710057074],[109.039675600149,0.594104470744761],[109.041476800114,0.594980730576288],[109.043222650405,0.595943950353026],[109.046052129802,0.596485770302085],[109.04876119987,0.596907180921706],[109.051058172697,0.596950516553133],[109.051055313752,0.596958995361358],[109.05106354075,0.596950619975182],[109.051063782667,0.596950373560954],[109.064637810587,0.583132207585362],[109.079112585078,0.590314626918538],[109.083694940269,0.592588402632703],[109.08415781593,0.59281808318801],[109.078245494734,0.597011218992607],[109.079784346271,0.595943755200186],[109.083071263128,0.594038968623579],[109.083483961116,0.593799808314549],[109.083529021647,0.593781784102052],[109.083824727729,0.593781784102052],[109.084475281109,0.593663500769999],[109.085658105437,0.593900065635563],[109.086426940351,0.594491477799526],[109.087314056798,0.596088288843476],[109.087491481347,0.59715283073857],[109.08760976288,0.598453935700604],[109.087550621664,0.599518477595714],[109.087550621664,0.600464736158694],[109.088082892611,0.601765842020008],[109.088674303876,0.603007806665009],[109.08908829329,0.603658360045302],[109.090034551853,0.60460461860833],[109.090958447874,0.605389930900631],[109.090378273639,0.605702331997062],[109.089372945805,0.606243661815578],[109.084948934246,0.608625822024119],[109.083541577982,0.613004264035624],[109.085622169428,0.618125719626341],[109.090413972227,0.6159733667775],[109.093719612071,0.622266927676589],[109.093745240051,0.622315721293549],[109.093946299682,0.622225741424872],[109.100482664044,0.619300630819483],[109.104738850418,0.617395930577801],[109.104563649893,0.617183190551811],[109.104738889988,0.617108391239295],[109.104894950242,0.617041781153314],[109.107167689937,0.616071701348004],[109.108922527153,0.615480398002027],[109.112901670176,0.614139600562169],[109.115422490556,0.613960614790575],[109.115534939985,0.613952630609442],[109.121061573433,0.615939727636366],[109.12107587715,0.615938416424847],[109.121081067138,0.615953874871454],[109.121081616623,0.615955514335526],[109.122446138179,0.620020250334337],[109.125000243367,0.627628602977647],[109.125893352896,0.630289063789293],[109.127135218616,0.633988425925148],[109.119582378424,0.637828853019193],[109.116053678834,0.63987400488145],[109.107986419238,0.644549601782723],[109.107979302903,0.644569212399286],[109.107979990884,0.644569583819286],[109.110196979807,0.645767949331455],[109.110807156325,0.646063195859814],[109.110807634765,0.646056289965875],[109.110810356113,0.646017042652427],[109.113048608606,0.647114225441214],[109.113911725746,0.647538468925237],[109.117525113593,0.64885508809186],[109.118900249847,0.649703575959337],[109.122820849703,0.651649246615479],[109.124035064866,0.652292927376701],[109.125059102196,0.653243819246876],[109.12659515774,0.653975273839848],[109.127897147635,0.654896907166578],[109.12952097881,0.655950203039481],[109.130296321218,0.657296079850263],[109.133383061579,0.659709881805674],[109.134202290903,0.661962763570733],[109.13528484442,0.663352529096011],[109.135548168613,0.664947100828097],[109.135740780013,0.665326973561034],[109.136404093874,0.666635175972661],[109.136492260709,0.669015681428618],[109.137410481109,0.676973587061466],[109.137069427612,0.680270434233199],[109.138022628042,0.682176833294239],[109.143838021208,0.687074006060584],[109.144284819689,0.687260172019353],[109.151183779908,0.690134739826421],[109.157611320006,0.687380080426407],[109.172252522136,0.689161310046468],[109.1756447568,0.68237683981935],[109.180282747651,0.676684759893792],[109.188754280386,0.677968325377948],[109.193866116828,0.677763851920284],[109.196406112552,0.677662251911444],[109.199682607167,0.677221185709172],[109.199406149274,0.671828101585681],[109.199337118214,0.670481458552501],[109.199348805803,0.670450890596155],[109.199583128659,0.669838046688537],[109.199728557127,0.669454645015894],[109.200217725368,0.669005139575549],[109.200443205542,0.668754036257741],[109.200053497751,0.668499087235469],[109.201412770244,0.669388330922152],[109.203585065535,0.666657082455914],[109.202601920406,0.665726232279768],[109.202615159312,0.665686515289087],[109.20265034204,0.66558096638851],[109.203190982985,0.664977338346623],[109.204012079294,0.664060580631322],[109.205026394952,0.66347658067968],[109.205045342768,0.663465671903259],[109.20750235535,0.662051028432238],[109.211309930209,0.6594068777253],[109.213023910266,0.658321358224921],[109.213190004315,0.658216165443714],[109.21334152659,0.658584148239923],[109.213615066044,0.659248457728217],[109.213741640364,0.659555852220879],[109.214348548747,0.661578880760769],[109.214955458028,0.663500758952902],[109.215764668904,0.66633300106719],[109.216270426939,0.667445666584278],[109.216978486568,0.668457181753578],[109.217484243703,0.669064091035015],[109.218192305131,0.66946869692286],[109.219608426188,0.670176756552113],[109.22122684884,0.670783665833518],[109.222829665557,0.671050802252723],[109.223654485067,0.671188271721379],[109.225778665753,0.672300938137808],[109.226181178019,0.672557082143664],[109.226891332169,0.673008997767058],[109.227788344756,0.673735151755923],[109.228237736882,0.673683298645358],[109.235740351736,0.672541596717343],[109.240245629632,0.67185601114602],[109.242317110047,0.671540786178417],[109.243003362539,0.671014659187405],[109.24691608471,0.668014905063838],[109.251499308646,0.664501099146429],[109.254329173852,0.662947448366086],[109.256174099755,0.661934547341542],[109.258983080904,0.660392362017943],[109.265389290883,0.656875227709629],[109.266054623722,0.656509947376209],[109.266695832247,0.656157911358549],[109.266025122362,0.652847631912721],[109.270070670425,0.653455786755216],[109.270744336382,0.653949808636802],[109.270863914738,0.654037499730857],[109.270960213243,0.654326395246981],[109.276358207665,0.65207723127924],[109.278127687643,0.651339947280803],[109.279794527995,0.649990599986266],[109.284555226842,0.646136701047966],[109.285319063324,0.645280279361439],[109.285637319007,0.645280279361439],[109.290701484186,0.645625563269164],[109.293020029051,0.645888040300836],[109.293009544755,0.645756983897742],[109.292681993679,0.639042176954924],[109.292846325897,0.638080398791428],[109.292975357926,0.637325221881556],[109.295407857686,0.634971553094764],[109.295803918216,0.634588328588562],[109.297478592563,0.632967925629291],[109.297526476066,0.630717445054066],[109.294974931248,0.630022729565382],[109.295267792774,0.625629787784528],[109.291900987341,0.621650835417751],[109.290874505654,0.621034946405704],[109.288840253575,0.619814394618684],[109.287026667782,0.619484652055572],[109.285473447242,0.619202248584935],[109.282869353238,0.618623560928654],[109.285043010127,0.615000800346699],[109.285588105407,0.614027416432162],[109.288289843302,0.60920288010885],[109.28938002307,0.607256129366921],[109.289793749882,0.60651733001083],[109.287261529696,0.602296960036711],[109.285192410002,0.595055039758315],[109.28394364918,0.592280017908544],[109.283640430162,0.591606197268218],[109.283573264295,0.591456940385513],[109.282975543387,0.590128673199708],[109.282939872677,0.5900494069546],[109.282088730011,0.588157979806954],[109.279283267909,0.5846511517293],[109.275191664664,0.579536649696652],[109.273300811284,0.578717279179161],[109.26484606979,0.575053559873939],[109.263860029717,0.573835510000839],[109.259929076866,0.568979626008974],[109.254972579421,0.566811157309127],[109.253160493162,0.566018369851917],[109.252970336912,0.565935177166749],[109.252972092388,0.565913659987455],[109.247050581919,0.562622567577459],[109.24221594531,0.559917174837775],[109.24221591833,0.559917190126277],[109.242212724837,0.559914902250963],[109.242212579147,0.559915143269259],[109.242209668042,0.559919932159177],[109.242174213169,0.559900138080932],[109.241381953614,0.558596745243597],[109.24101225761,0.557988536441827],[109.240390246013,0.556965224865281],[109.239280150758,0.554459102105904],[109.238511735828,0.552724345851908],[109.236297683192,0.547725952590669],[109.236297678695,0.547725489439815],[109.236297677796,0.547725239428302],[109.236256696589,0.542890504793038],[109.236109027909,0.542775896090799],[109.234402763077,0.543098189729732],[109.234384034695,0.543101727662647],[109.227785161593,0.544348181485391],[109.225317911592,0.544814217602096],[109.220591361802,0.547965252294596],[109.212124242939,0.536953103303103],[109.203594619396,0.525859661893943],[109.196592899043,0.516753377766238],[109.187454231228,0.504867826988678],[109.186929868019,0.502840291945945],[109.184266327929,0.492541269364137],[109.181653675976,0.482439015748018],[109.166369422611,0.481605328922837],[109.166316772701,0.481684302888287],[109.166296046925,0.481974461951873],[109.166029118249,0.482020598072188],[109.162409826353,0.482646154796254],[109.162338548785,0.482885083080188],[109.162274734691,0.48286303799887],[109.161810667428,0.482695972740979],[109.16043702405,0.482157652953366],[109.159870860352,0.481860650048966],[109.159583136653,0.481721428701005],[109.159332539665,0.481628615068587],[109.159202601119,0.481572927248867],[109.158961285135,0.481433705900829],[109.158627156418,0.481238797632444],[109.158116679641,0.481071733273877],[109.157921772272,0.480960355835802],[109.157717581201,0.481053170367539],[109.157643329576,0.481071733273877],[109.15751339103,0.481248078635968],[109.157504180174,0.481264746670771],[109.155175213066,0.480270675651178],[109.154967297903,0.480181932350311],[109.154970295343,0.480171439960031],[109.15493317043,0.479837310343644],[109.154691854446,0.479558869446269],[109.154580477907,0.479447492907527],[109.154413412649,0.479243302736277],[109.154357724829,0.479057674572057],[109.154320599017,0.478760670768403],[109.154357724829,0.4785379176908],[109.154487664274,0.478240913887126],[109.154580477907,0.477999598802497],[109.154506227181,0.477702594998768],[109.15424634829,0.477275651749946],[109.154121836254,0.477094543578335],[109.154042158119,0.476978647946282],[109.153745154316,0.476625956322889],[109.153485276325,0.476347513626879],[109.152946955638,0.475790631832221],[109.152631388928,0.475382252389063],[109.152455957277,0.475126413253392],[109.152399354846,0.475085247686077],[109.152195164675,0.474946027237417],[109.151972411598,0.474769680976064],[109.151768222326,0.474537646894937],[109.1516939707,0.474370581637061],[109.151647563884,0.474175673368681],[109.151545469248,0.473878668665672],[109.151415529803,0.473618790674704],[109.151081400186,0.47316400441531],[109.150905053925,0.4729412513377],[109.150765834376,0.472774186079829],[109.150440985763,0.472412212553579],[109.150357453134,0.471957425394892],[109.150443570414,0.47130293478267],[109.149004900656,0.468508278034657],[109.148631804314,0.467783526988227],[109.148551175596,0.467766372420208],[109.143930973336,0.466783349571971],[109.143502218852,0.466678544379362],[109.142747807266,0.465396042793183],[109.141996679103,0.464119125996879],[109.140742234567,0.461986570823605],[109.140269290995,0.461182566122598],[109.138498555564,0.458132968661631],[109.133741700419,0.458251891411677],[109.131575218322,0.455888455987516],[109.106339274938,0.443783408577467],[109.106350331203,0.443736169888381],[109.106065250611,0.443618995420365],[109.095864568895,0.426878163196712],[109.095485637752,0.426766712913489],[109.095491263911,0.426614833607737],[109.092793212337,0.426233587609994],[109.092784833353,0.426241966593505],[109.092763885445,0.426262913602611],[109.092675904769,0.426321568285805],[109.092441292332,0.426526853831264],[109.091708126329,0.42655618072319],[109.091326879432,0.426380221170284],[109.090916305643,0.426204260718121]]]]},"properties":{"gid":531,"luas":432.5887464191909,"idkec":"6104121","kdkab":"04","kdkec":"121","nmkab":"MEMPAWAH","nmkec":"SADANIANG","kdprov":"61","nmprov":"KALIMANTAN BARAT","sumber":"BPS","periode":"2023_1"}},{"id":532,"type":"Feature","geometry":{"type":"MultiPolygon","coordinates":[[[[109.16557624215,0.150343727880787],[109.16517308507,0.150401322263238],[109.164251583943,0.150574103612034],[109.163704442706,0.150602900803274],[109.163099707985,0.150746884960816],[109.162408581691,0.150948462601485],[109.162115153592,0.151046272867234],[109.161898342335,0.151092402692257],[109.161452637429,0.151315255594625],[109.160379244407,0.151681779690414],[109.160265008024,0.15172078688487],[109.160158033666,0.15177313642118],[109.158903581036,0.152387018146442],[109.158861256242,0.152400243576435],[109.158536539829,0.152501717680201],[109.158463610208,0.152760500296868],[109.157489339561,0.153276290268625],[109.157348478475,0.153471328954879],[109.156661983963,0.154421861080097],[109.155977958716,0.155022974230922],[109.154819297373,0.155689203693833],[109.154636101875,0.155890273217608],[109.154296548447,0.155949326300391],[109.153182783958,0.156394831556248],[109.152514524726,0.156766086086045],[109.151697764041,0.157434345318829],[109.151326508612,0.157731349122494],[109.148727725104,0.158176855277676],[109.147985215146,0.158325356729882],[109.146871449758,0.158919365236536],[109.145683435442,0.159661875195386],[109.144198414625,0.160849890410138],[109.14402791036,0.161020394675495],[109.143923571016,0.161124734019297],[109.143840456572,0.161142670997467],[109.143404789899,0.161236689721459],[109.142937684726,0.161755695668889],[109.142416391803,0.162334910327879],[109.141005622611,0.16300316866134],[109.139817607397,0.163225921738952],[109.137664329145,0.163671426994822],[109.136422584835,0.163857689181047],[109.136179310127,0.16389418007241],[109.134768540935,0.164042682423888],[109.13395178025,0.163597176268698],[109.133717797339,0.163327196193216],[109.132573017031,0.163574245355159],[109.132652387598,0.163824569848083],[109.132578136872,0.164678456345709],[109.132429635419,0.165086836688203],[109.132132630716,0.166014973911955],[109.131882638073,0.16689828532763],[109.131575748922,0.167982624898263],[109.131538623109,0.168502381779537],[109.131538623109,0.168539506692899],[109.131538623109,0.170247279688263],[109.131204494392,0.172771813368504],[109.13087021279,0.173067889971215],[109.130870364776,0.173068817172238],[109.13127728372,0.173024406850948],[109.131156240368,0.174622309671916],[109.130784900403,0.17682273038474],[109.130517504979,0.178374390965414],[109.130348630285,0.179354349823426],[109.130262455448,0.179808966110936],[109.129948699973,0.18146418002794],[109.128648200254,0.185211070434579],[109.128558741992,0.185942924326526],[109.12850576383,0.185946039578065],[109.128395098655,0.18632414604258],[109.127780576612,0.188423762646551],[109.127660909224,0.18848060519582],[109.127755305663,0.188510104757577],[109.129012676594,0.18890303294862],[109.13076240656,0.189919005157985],[109.132676931895,0.190700444070273],[109.135523813174,0.191862435602951],[109.135688590556,0.191762233140596],[109.135867222894,0.191871716606491],[109.136609732853,0.192131594597476],[109.137036676102,0.192335785668012],[109.137352242812,0.192484288019473],[109.137450553457,0.192527141261625],[109.138076189864,0.192799853830246],[109.138558820933,0.193041169814172],[109.13909714072,0.193226797079097],[109.13941270833,0.193375299430559],[109.139821087773,0.193598051608807],[109.140248031022,0.19387649340547],[109.140328265163,0.193934161732489],[109.140842038629,0.194303436654307],[109.14110191662,0.194489063919182],[109.141454610042,0.194804630629228],[109.141751612947,0.195101635332262],[109.141862990385,0.195175886058343],[109.141926565259,0.195099844782074],[109.142104306369,0.195268698791422],[109.142624062351,0.195565702595138],[109.142865378335,0.195639954220538],[109.143273758677,0.195844144391773],[109.143570761581,0.195992645843996],[109.144071957355,0.19628964964766],[109.144350398252,0.196475277811886],[109.144758777696,0.196939345974106],[109.145000093679,0.197217787770716],[109.145103104725,0.197243540756852],[109.145445599835,0.197329164309504],[109.145612664193,0.197384852129281],[109.145649790006,0.19740341503562],[109.145689842213,0.197360115377063],[109.145779728552,0.197440539949009],[109.146150983981,0.197718981745655],[109.146373737058,0.197941734823246],[109.146540802316,0.198294427346018],[109.146782117401,0.198517180423603],[109.147171934837,0.198535742430644],[109.147561753172,0.198628556063058],[109.147728816632,0.198832746234292],[109.147749712379,0.198852033094888],[109.147970132616,0.199055499311898],[109.148267137319,0.199222563670443],[109.148431556771,0.199311098328565],[109.148508452403,0.199352503115545],[109.148563526885,0.199380040356625],[109.148768331293,0.199482441661415],[109.149102460011,0.199705194739008],[109.149296521118,0.199828687843688],[109.149306651081,0.199835134184123],[109.149438007858,0.199954549762705],[109.149510841252,0.20002076234833],[109.14957267414,0.200041373011013],[109.149677904712,0.200076450168072],[109.149724882597,0.200039192155028],[109.15010484886,0.20039201687814],[109.150253350312,0.200466267604205],[109.150433159863,0.200553273414846],[109.150828795912,0.200744709400852],[109.150994345813,0.200873470734085],[109.150995860271,0.200874647946684],[109.151175026806,0.200984903930248],[109.151237176255,0.201023150298167],[109.151626993691,0.20113452683699],[109.151722653678,0.201150470018204],[109.152072498947,0.201208777563074],[109.152219533605,0.20135581222098],[109.152276690017,0.201412967734296],[109.152592255828,0.201635720811909],[109.152907823437,0.201839910983134],[109.153227846288,0.202075716820891],[109.153260515061,0.202099788974123],[109.153464705232,0.202248291325648],[109.153564851936,0.202318983434376],[109.153780271942,0.202471044403243],[109.154225778097,0.202730923293532],[109.154326359174,0.202764450019404],[109.154464909628,0.202810632904438],[109.154578469721,0.202972238378152],[109.154716306113,0.203098587729695],[109.154801222798,0.203176429448721],[109.154912599337,0.203371336817785],[109.155070382692,0.203473432353048],[109.155348823589,0.203538402075653],[109.155599420577,0.203714748336997],[109.155729360022,0.2038725307927],[109.155989238912,0.204095283870269],[109.156109895555,0.204280912034482],[109.156379056348,0.204457258295844],[109.156638935239,0.20462432265439],[109.156833842608,0.204735699193239],[109.157112285304,0.204893481648918],[109.15724222385,0.205060546906743],[109.157418570111,0.20520904925825],[109.157823845994,0.205308809254171],[109.157839417755,0.205330707745985],[109.158023769781,0.205589950815638],[109.157938326992,0.205988684130472],[109.158105391351,0.206285687934191],[109.158346707335,0.206452753192059],[109.158439520967,0.206619817550575],[109.158458664836,0.206662890579986],[109.158513771693,0.206786881909127],[109.158736524771,0.206879696440863],[109.158792212591,0.207009634986695],[109.158885027122,0.207399453322174],[109.159274843659,0.207715020032195],[109.159423346011,0.207770707851919],[109.159638185954,0.207860223670418],[109.159646099088,0.20786352238369],[109.159887415072,0.20803058584287],[109.160073042337,0.208216214007109],[109.160067535788,0.208463997915186],[109.16005448033,0.209051536699119],[109.160332921227,0.209459917940926],[109.160722737764,0.209868298283369],[109.161075431186,0.210109614267299],[109.161446685716,0.21059224533587],[109.161855066058,0.211186252943262],[109.161937516803,0.211247005744778],[109.161932296239,0.211280420954711],[109.161865452329,0.211708220358099],[109.162467635673,0.212912587945646],[109.162463430443,0.212942658576877],[109.16255542839,0.212993499950113],[109.163058786134,0.213748536565709],[109.163020066723,0.214329335830252],[109.163929983682,0.215432851644819],[109.164355901704,0.215626451399659],[109.164491421442,0.216091089732041],[109.165130299824,0.216865486952709],[109.165653017273,0.216962286380458],[109.166950132842,0.219053159775565],[109.167163092303,0.219149959203325],[109.167715242764,0.22026918257675],[109.169855357639,0.220672027592054],[109.170160696359,0.220729503264003],[109.170196719603,0.220791257910259],[109.171155557883,0.222434982088809],[109.172863330878,0.223251741874431],[109.174496852248,0.224291255637008],[109.175239362207,0.225033765595858],[109.176056122892,0.225702024828641],[109.176088947247,0.225744695861064],[109.176798632851,0.226667286965777],[109.178432154221,0.227484047650694],[109.180973179669,0.228798371747529],[109.181258321415,0.228945858764404],[109.17879533104,0.234066284631338],[109.185989318352,0.237626573807401],[109.18582082677,0.238113832787175],[109.185898923896,0.238155832925367],[109.188186318943,0.238008258674232],[109.190191095743,0.239270524615054],[109.190322806852,0.240534956123386],[109.19047445773,0.24199081102714],[109.190562350272,0.242834572057913],[109.190719206426,0.246050105228218],[109.190741106717,0.246499075571936],[109.191824501999,0.247971218996607],[109.197944482952,0.256287193299392],[109.198437827644,0.256957562341658],[109.200140987117,0.259271854312663],[109.200140727213,0.259244039181089],[109.205783801281,0.259169787555704],[109.20718982565,0.259145334989285],[109.212641496108,0.275136903345463],[109.214408934625,0.275033610812541],[109.214993415714,0.274999452762567],[109.218146973004,0.274736655572271],[109.218344070223,0.276839027698996],[109.218543076702,0.27841450142813],[109.221787448432,0.278522646702804],[109.222277803778,0.278538991880997],[109.228078775415,0.278960430379582],[109.230288754123,0.278960430379582],[109.233727910015,0.278960430379582],[109.234718672429,0.278836584740629],[109.237540820552,0.278483815775533],[109.237889899599,0.278440181569173],[109.238279975141,0.278184925194188],[109.249312087283,0.264758348319159],[109.255481582209,0.261390634570186],[109.257841404158,0.260102490637509],[109.258081919745,0.260358040191468],[109.259089039927,0.263001732244227],[109.259192542002,0.263273422830253],[109.259358830246,0.26370993036903],[109.259590359807,0.264278210171313],[109.259944590171,0.263835429861267],[109.260332081061,0.263786993275151],[109.260736144657,0.263736484651054],[109.260848824314,0.263167968327137],[109.262261355277,0.25666375742649],[109.266115290189,0.256945752444545],[109.274382838697,0.257550694908668],[109.276025317315,0.257682093054183],[109.274859642159,0.264512946715145],[109.28111959989,0.266860429964915],[109.281643829999,0.266860429964915],[109.289147810023,0.266860429964915],[109.289573925896,0.266860429964915],[109.290061760442,0.266860429964915],[109.292096502652,0.266860429964915],[109.294821390894,0.266860429964915],[109.298765439673,0.266860429964915],[109.301260650059,0.266917140313798],[109.314583859757,0.267219940248067],[109.314761370641,0.267223973707472],[109.320948789955,0.267364589903928],[109.32249237912,0.267251644947523],[109.334369969998,0.26638255990722],[109.337708090656,0.266138304039544],[109.341415363229,0.245983146205279],[109.350934259009,0.194232206750972],[109.351326956074,0.194290025963971],[109.311049455768,0.16265896663805],[109.310978054094,0.162654441249507],[109.310311721209,0.162612209086201],[109.300629373647,0.154475781731996],[109.283464484099,0.140051505072957],[109.269997530362,0.133428412791079],[109.270269899037,0.132848427413015],[109.263046655879,0.129475590226375],[109.257368115246,0.126824039897595],[109.256319458077,0.126276914847778],[109.254703192898,0.12543364574622],[109.24352210626,0.119987935095195],[109.24324039273,0.119541890246071],[109.24311833944,0.11934863762957],[109.242691138985,0.119417979855916],[109.242201956355,0.119497381898708],[109.24159953559,0.119486388586045],[109.241291730929,0.119405040410331],[109.241091656954,0.119306103294092],[109.240915768448,0.11917858302523],[109.240728885729,0.119108227262927],[109.240434087064,0.119089971924713],[109.240393811825,0.119087478104671],[109.240177508685,0.119104000449262],[109.239954930975,0.119159645101596],[109.239709158851,0.119172328240377],[109.239613124746,0.11917482295973],[109.23939655091,0.119180448219138],[109.239258575123,0.119184032017529],[109.239018653988,0.11916355085725],[109.238717290271,0.119028961017755],[109.238551288911,0.119017555815617],[109.238481926899,0.119017555815617],[109.238451876953,0.119010726363966],[109.238334001013,0.119002627968938],[109.238032637296,0.118949962770616],[109.237699087743,0.118809521042626],[109.23746794489,0.118815372931182],[109.237266059681,0.118903148561509],[109.237011509274,0.118876816412014],[109.236967620559,0.11883877958602],[109.236815546101,0.118779035823852],[109.236526684759,0.118829272852725],[109.236367368959,0.118814790170462],[109.236286995648,0.118804742944561],[109.236162778589,0.118789216149457],[109.236022558095,0.11873245993511],[109.235610854757,0.11877963387303],[109.235535567113,0.118788261069422],[109.23534280013,0.118717240708128],[109.235175395828,0.118712169431154],[109.235056300408,0.118685703282608],[109.234992774997,0.118671585725162],[109.234718842401,0.118712169431154],[109.232662894177,0.118765411094873],[109.232316507701,0.118774380932966],[109.232305829151,0.118734805366993],[109.232225152769,0.118727889580473],[109.231645822097,0.118771340325172],[109.231124423953,0.118829272852725],[109.231103443669,0.118830439273375],[109.230863724881,0.118843756434272],[109.230639396191,0.118907028236834],[109.230600600337,0.118917971187426],[109.230573012734,0.118912277579565],[109.229692240105,0.118981940863936],[109.229334148952,0.119010264112425],[109.229147614271,0.11899062921424],[109.228937113557,0.119032039397156],[109.228848176003,0.11904953480826],[109.228679270732,0.119005197332061],[109.22866226725,0.119003072234016],[109.228146038409,0.118962317656871],[109.227881138604,0.118975901916376],[109.227188995176,0.11889736142416],[109.226671525271,0.118829272852725],[109.226353957569,0.118829272852725],[109.226123780588,0.118907179322885],[109.226040330697,0.118921904822124],[109.225770346125,0.1189317227209],[109.225608354842,0.118848272829546],[109.225508306164,0.118813121028771],[109.225200765003,0.118800306588903],[109.225077163081,0.118765697978635],[109.224985962832,0.118740161729145],[109.224476601214,0.11859754094382],[109.224074234638,0.118624365921797],[109.224022806907,0.118617558953241],[109.223492653863,0.118543926061363],[109.223237395689,0.118485021366662],[109.223016498812,0.118352481981481],[109.222780876436,0.118327937684209],[109.22246671087,0.118377027178072],[109.222142729204,0.118362299880274],[109.222031276222,0.118617049936964],[109.221936558725,0.118833547330375],[109.220042487571,0.118534183705662],[109.218443976808,0.118281535364571],[109.2177645417,0.118174149117746],[109.215139071711,0.118215392926117],[109.214557863255,0.118224359166901],[109.208343164805,0.118320225098308],[109.207480780614,0.118394751916298],[109.205707562154,0.118473393132664],[109.205160386743,0.118488790425373],[109.205159490118,0.118497700008909],[109.20515186027,0.118498242300036],[109.20511324608,0.118500986131665],[109.20509395832,0.118500986131665],[109.204091394103,0.118568573780675],[109.203886145429,0.118570375122777],[109.203813362397,0.118593359096258],[109.203750488994,0.118597826928223],[109.203474762251,0.118637217233814],[109.202929873815,0.118788209808079],[109.202670558799,0.118835806427394],[109.201991090416,0.119017982094223],[109.201829350045,0.119044939272553],[109.201664809184,0.118909780162259],[109.201477528965,0.11912827494996],[109.20147321042,0.119133312952081],[109.201464543654,0.119143423130539],[109.20134883598,0.119278416765544],[109.202763107132,0.123621533407037],[109.203462404666,0.125769021822921],[109.203482073739,0.125829424788155],[109.204926803129,0.13026607631844],[109.204996622896,0.130576010574464],[109.204944168139,0.130573825221912],[109.204902733674,0.130568949997104],[109.204898846804,0.130568263814356],[109.204054361819,0.129972157189345],[109.203027446659,0.129340209882857],[109.201981861574,0.128746127631756],[109.201868876148,0.128681931326115],[109.197540671165,0.138642017415234],[109.197043692313,0.13859231908031],[109.195529650373,0.138486994978889],[109.195483405435,0.138434443095087],[109.19518734502,0.138631816405216],[109.194038126558,0.14217328456948],[109.193633806655,0.141607236884519],[109.192501567394,0.140553991373676],[109.190706908197,0.139874930383765],[109.190711048676,0.139869379768116],[109.190869036177,0.139184769961217],[109.19110601563,0.138052530699777],[109.191158678131,0.134971786119075],[109.190845825574,0.13504398189428],[109.190816372777,0.135050778970308],[109.185839785378,0.13597236912961],[109.185128844321,0.139026784258743],[109.184682787781,0.141466973222284],[109.181609270152,0.141121633556545],[109.181106702912,0.143674674846384],[109.180945312376,0.144494539091744],[109.178627988791,0.148144324301183],[109.178612431419,0.148141849366877],[109.178515112183,0.148126365739247],[109.178304475671,0.148126365739247],[109.178074100839,0.148155162930468],[109.177786131625,0.148270350796102],[109.177555755893,0.148615914392946],[109.177238990387,0.14867350787613],[109.177193965829,0.14865729939492],[109.177167010449,0.148671569837126],[109.177032515039,0.148607524617603],[109.176730785297,0.14855787304742],[109.176668416414,0.148470555172006],[109.176399375231,0.148476533864993],[109.176217486448,0.148381800180004],[109.175849561208,0.148400326214124],[109.175626301812,0.148374566033455],[109.175217922369,0.148318877314393],[109.174735290401,0.148188937869225],[109.174424831841,0.148154442573519],[109.174234096427,0.14813325004949],[109.17395565463,0.14813325004949],[109.17364008792,0.148151812955847],[109.173342712696,0.148239924033287],[109.173138893945,0.148300315307358],[109.172600575057,0.148467378766549],[109.17226644544,0.148597319111041],[109.171932315824,0.148708694750501],[109.1715796242,0.148727257656839],[109.171245493685,0.14863444402442],[109.170977660291,0.148394802578136],[109.170711580575,0.14825476104839],[109.170410170993,0.148096124236808],[109.169964664837,0.148244625688966],[109.169927539025,0.148356003127099],[109.16963053612,0.148875760008348],[109.16937065723,0.149247015437487],[109.169053484331,0.149535353373898],[109.168875005777,0.149586346732558],[109.16861658109,0.149660182871175],[109.168542324069,0.149681398777602],[109.167822400583,0.149738993160042],[109.166900900356,0.149911775408157],[109.166267368444,0.150055758666368],[109.16557624215,0.150343727880787]]]]},"properties":{"gid":532,"luas":283.2369357638066,"idkec":"6104081","kdkab":"04","kdkec":"081","nmkab":"MEMPAWAH","nmkec":"SEGEDONG","kdprov":"61","nmprov":"KALIMANTAN BARAT","sumber":"BPS","periode":"2023_1"}}]}